regime,seed,budget,method,representation,key,n,precision,recall,f1,balanced_accuracy,tn,fp,fn,tp,error_rate,ece,brier,auroc
clustered,42,20,joint,alphaearth,clustered_42_20_joint_alphaearth,2751,0.8314472900536033,0.860135551447936,0.8455481526347668,0.8046245133126204,845,283,227,1396,0.18538713195201745,0.06660204401491183,0.1325730758009065,0.8901815327538968
clustered,43,20,joint,alphaearth,clustered_43_20_joint_alphaearth,2751,0.7827172827172827,0.9654959950708565,0.864551724137931,0.789928848599258,693,435,56,1567,0.17848055252635406,0.09413298002432224,0.1272390704659978,0.9163924612070283
clustered,44,20,joint,alphaearth,clustered_44_20_joint_alphaearth,2751,0.8480104370515329,0.8009858287122612,0.8238276299112801,0.7972127725121589,895,233,323,1300,0.20210832424572883,0.14811160162545942,0.1698483621921017,0.8606435416420865
clustered,45,20,joint,alphaearth,clustered_45_20_joint_alphaearth,2751,0.759941089837997,0.9537892791127541,0.8459016393442623,0.7601393204074409,639,489,75,1548,0.2050163576881134,0.11454741018694123,0.13946776731645266,0.9111407711837373
clustered,46,20,joint,alphaearth,clustered_46_20_joint_alphaearth,2751,0.7963752665245203,0.9205175600739371,0.8539582737925121,0.7909325389022168,746,382,129,1494,0.18575063613231552,0.0968006562405222,0.13633984837340668,0.9025472703993568
clustered,47,20,joint,alphaearth,clustered_47_20_joint_alphaearth,2751,0.7998894416804865,0.8915588416512631,0.8432400932400932,0.7853184279178301,766,362,176,1447,0.1955652490003635,0.07149193602221038,0.13341138309823772,0.8929577264762303
clustered,48,20,joint,alphaearth,clustered_48_20_joint_alphaearth,2751,0.8834886817576565,0.8176216882316697,0.84928,0.8312399221300193,953,175,296,1327,0.17121046892039257,0.1257587504299491,0.14747020773059646,0.8682434573047898
clustered,49,20,joint,alphaearth,clustered_49_20_joint_alphaearth,2751,0.7829787234042553,0.906962415280345,0.840422495004282,0.7726301438103853,720,408,151,1472,0.20319883678662304,0.07573792540068805,0.13846753101684253,0.879371446799771
clustered,50,20,joint,alphaearth,clustered_50_20_joint_alphaearth,2751,0.8363954505686789,0.5890326555760936,0.6912509038322487,0.711626256866061,941,187,667,956,0.3104325699745547,0.1383841945150042,0.18885758301871283,0.8229774343108593
clustered,51,20,joint,alphaearth,clustered_51_20_joint_alphaearth,2751,0.8617021276595744,0.7985212569316081,0.8289094979213304,0.8070620469055203,920,208,327,1296,0.19447473645946928,0.08891884786543508,0.14624034572740988,0.8752436168027862
clustered,52,20,joint,alphaearth,clustered_52_20_joint_alphaearth,2751,0.7337360594795539,0.9728897104128158,0.8365562913907285,0.7324554935042802,555,573,44,1579,0.2242820792439113,0.11481111905214607,0.13915539618574463,0.9122659967750816
clustered,53,20,joint,alphaearth,clustered_53_20_joint_alphaearth,2751,0.6750764525993884,0.5440542205791744,0.6025247355851245,0.5836405854668922,703,425,740,883,0.42348237004725553,0.09322599076784298,0.2528534068429613,0.605997343156662
clustered,54,20,joint,alphaearth,clustered_54_20_joint_alphaearth,2751,0.8201272411798728,0.8736906962415281,0.8460620525059666,0.7989907381916861,817,311,205,1418,0.1875681570338059,0.09655952953424018,0.1411482928544087,0.883959472214575
clustered,55,20,joint,alphaearth,clustered_55_20_joint_alphaearth,2751,0.7593908629441625,0.9217498459642637,0.8327303089340384,0.7507685400034084,654,474,127,1496,0.21846601235914212,0.1065664405285373,0.1405883574232241,0.8972715464313962
clustered,56,20,joint,alphaearth,clustered_56_20_joint_alphaearth,2751,0.8008849557522124,0.8921749845964264,0.8440687846109006,0.7865130242131069,768,360,175,1448,0.19447473645946928,0.07916796647860512,0.131801992018159,0.8959499525875818
clustered,57,20,joint,alphaearth,clustered_57_20_joint_alphaearth,2751,0.801605504587156,0.8613678373382625,0.8304128304128304,0.7773151243428902,782,346,225,1398,0.20756088695019992,0.0755104662223781,0.1453062244519344,0.8725895045948533
clustered,58,20,joint,alphaearth,clustered_58_20_joint_alphaearth,2751,0.7374067164179104,0.9741219963031423,0.8393947438279799,0.7375042605629187,565,563,42,1581,0.21992002908033442,0.12586602607376873,0.1408706709294329,0.9135447118767015
clustered,59,20,joint,alphaearth,clustered_59_20_joint_alphaearth,2751,0.8002154011847065,0.9155884165126309,0.8540229885057471,0.7933438536463864,757,371,137,1486,0.1846601235914213,0.08938300626872595,0.12847111812437245,0.9061963332940051
clustered,60,20,joint,alphaearth,clustered_60_20_joint_alphaearth,2751,0.7941345600920069,0.8508934072704868,0.8215348007138608,0.7667587603728321,770,358,242,1381,0.21810250817884405,0.08643299322704832,0.15661512131794886,0.8575721127585286
clustered,61,20,joint,alphaearth,clustered_61_20_joint_alphaearth,2751,0.7418285172903837,0.9648798521256932,0.8387787895018747,0.7408619118784494,583,545,57,1566,0.21882951653944022,0.12201303960177219,0.14363385112858718,0.9101002106247515
clustered,62,20,joint,alphaearth,clustered_62_20_joint_alphaearth,2751,0.776420605416888,0.9008009858287123,0.833998859098688,0.7637870177370512,707,421,161,1462,0.21155943293347873,0.07763929731317964,0.16298655398272507,0.8320051847773364
clustered,63,20,joint,alphaearth,clustered_63_20_joint_alphaearth,2751,0.7771883289124668,0.9026494146642021,0.8352337514253135,0.7651544945661436,708,420,158,1465,0.21010541621228643,0.08157738470610619,0.14252224939192346,0.8862350497939635
clustered,64,20,joint,alphaearth,clustered_64_20_joint_alphaearth,2751,0.7498181818181818,0.6352433764633395,0.6877918612408273,0.6651394187281237,784,344,592,1031,0.34023991275899673,0.11973972238823175,0.22597439308683576,0.6759612485415765
clustered,65,20,joint,alphaearth,clustered_65_20_joint_alphaearth,2751,0.8631921824104235,0.8163894023413432,0.8391386953768207,0.8151095947876928,918,210,298,1325,0.1846601235914213,0.10176811583620077,0.13858230771839145,0.88937284513837
clustered,66,20,joint,alphaearth,clustered_66_20_joint_alphaearth,2751,0.7923819742489271,0.9100431300061614,0.8471465443074276,0.7834790118115913,741,387,146,1477,0.19374772809887314,0.08150390882911722,0.13980153619836075,0.885966579707485
clustered,67,20,joint,alphaearth,clustered_67_20_joint_alphaearth,2751,0.7647657841140529,0.9254467036352434,0.837468636743797,0.7579361177750685,666,462,121,1502,0.2119229371137768,0.12248654660940225,0.1539128544929628,0.8863896317562696
clustered,68,20,joint,alphaearth,clustered_68_20_joint_alphaearth,2751,0.7311827956989247,0.9636475662353666,0.8314726209463051,0.7269478965928606,553,575,59,1564,0.23046165030897856,0.1300983893622668,0.16154260942935775,0.8774618406505771
clustered,69,20,joint,alphaearth,clustered_69_20_joint_alphaearth,2751,0.7829255596043727,0.9266789895255699,0.8487584650112867,0.7784990692308701,711,417,119,1504,0.19483824063976735,0.10457781193658586,0.13393191489689085,0.9078571334932682
clustered,70,20,joint,alphaearth,clustered_70_20_joint_alphaearth,2751,0.8041002277904328,0.8699938385705484,0.8357502219591595,0.7825146497817281,784,344,211,1412,0.20174482006543076,0.07438999994049368,0.13433146272796237,0.8881170715293892
clustered,71,20,joint,alphaearth,clustered_71_20_joint_alphaearth,2751,0.7515889830508474,0.8743068391866913,0.808316718883509,0.7292633486713598,659,469,204,1419,0.24463831334060343,0.06680143936521038,0.16162619049302454,0.8458591152012515
clustered,42,20,joint,galileo,clustered_42_20_joint_galileo,2751,0.7686453576864536,0.933456561922366,0.8430717863105175,0.7646006213867149,672,456,108,1515,0.2050163576881134,0.08377173867334112,0.15516137978411074,0.8531556023125024
clustered,43,20,joint,galileo,clustered_43_20_joint_galileo,2751,0.7268984446477584,0.9790511398644486,0.8343397217117353,0.7248979103577562,531,597,34,1589,0.22937113776808432,0.13728710880355116,0.16129100997359228,0.8669352459983483
clustered,44,20,joint,galileo,clustered_44_20_joint_galileo,2751,0.7062274368231047,0.9642637091805298,0.8153164886689241,0.6935680248030309,477,651,58,1565,0.25772446383133407,0.11872722980138892,0.18941199001611758,0.7718883688817224
clustered,45,20,joint,galileo,clustered_45_20_joint_galileo,2751,0.7227916056612982,0.9125077017868145,0.8066448801742919,0.7044808012480172,560,568,142,1481,0.25808796801163214,0.1007721491255882,0.19998523938428947,0.7361766582329369
clustered,46,20,joint,galileo,clustered_46_20_joint_galileo,2751,0.7205479452054795,0.9722735674676525,0.8276947285601888,0.7148601879891454,516,612,45,1578,0.23882224645583425,0.12018791743595665,0.18166779917416187,0.8140572903693799
clustered,47,20,joint,galileo,clustered_47_20_joint_galileo,2751,0.7263403263403263,0.9599507085643869,0.826963906581741,0.7197803188212005,541,587,65,1558,0.23700472555434388,0.10736983305757587,0.16776954887414566,0.840547886542302
clustered,48,20,joint,galileo,clustered_48_20_joint_galileo,2751,0.7460707269155207,0.9359211337030191,0.8302814976769609,0.7387939001848429,611,517,104,1519,0.2257360959651036,0.09540082546547532,0.1633039971372763,0.8564335046298117
clustered,49,20,joint,galileo,clustered_49_20_joint_galileo,2751,0.712430426716141,0.9463955637707948,0.8129134691717386,0.6983750868499364,508,620,87,1536,0.25699745547073793,0.10069606352012574,0.1825757598542315,0.8076293026223218
clustered,50,20,joint,galileo,clustered_50_20_joint_galileo,2751,0.7363954068896655,0.9088108441158349,0.8135686707115278,0.7203628688664281,600,528,148,1475,0.24572882588149764,0.06233546180080385,0.17464255746973104,0.8163711037698335
clustered,51,20,joint,galileo,clustered_51_20_joint_galileo,2751,0.751730959446093,0.9365372766481824,0.8340192043895748,0.7457509078276373,626,502,103,1520,0.21992002908033442,0.07585679452763829,0.16032775013455025,0.8456351625350131
clustered,52,20,joint,galileo,clustered_52_20_joint_galileo,2751,0.7152527075812274,0.9765865680837954,0.8257358687158114,0.708594702481614,497,631,38,1585,0.24318429661941113,0.13784202377586602,0.1744652260871419,0.8366664044781793
clustered,53,20,joint,galileo,clustered_53_20_joint_galileo,2751,0.6588555858310626,0.744916820702403,0.6992481203007519,0.5949761408476554,502,626,414,1209,0.3780443475099964,0.1399881553296141,0.26250971261691225,0.5963414327726869
clustered,54,20,joint,galileo,clustered_54_20_joint_galileo,2751,0.7002277904328018,0.9470117067159581,0.8051335777894185,0.6818391866913124,470,658,86,1537,0.27044711014176664,0.07658127793562221,0.1910486422503752,0.7543859217891742
clustered,55,20,joint,galileo,clustered_55_20_joint_galileo,2751,0.7197599261311173,0.9605668515095502,0.8229084191079441,0.7112231420668318,521,607,64,1559,0.24391130498000727,0.11920280506531261,0.17991737043405442,0.8065117241951906
clustered,56,20,joint,galileo,clustered_56_20_joint_galileo,2751,0.7478468899521531,0.9630314232902033,0.8419068138971182,0.7479164208649598,601,527,60,1563,0.2133769538349691,0.08952540926394097,0.16604713553204167,0.8308892450282508
clustered,57,20,joint,galileo,clustered_57_20_joint_galileo,2751,0.7359242650722472,0.9100431300061614,0.8137741046831956,0.7200924869888963,598,530,146,1477,0.24572882588149764,0.08314999372859536,0.17663566872807565,0.8211199927461186
clustered,58,20,joint,galileo,clustered_58_20_joint_galileo,2751,0.7075345519393669,0.977818853974122,0.8210036213140196,0.6981292851430894,472,656,36,1587,0.2515448927662668,0.14013620364980062,0.1711913084899327,0.8515090039896347
clustered,59,20,joint,galileo,clustered_59_20_joint_galileo,2751,0.7546432062561095,0.9513247073321011,0.8416462251294631,0.7531446231695966,626,502,79,1544,0.21119592875318066,0.0940296399277665,0.15453363377590554,0.8586440813133894
clustered,60,20,joint,galileo,clustered_60_20_joint_galileo,2751,0.708584686774942,0.9408502772643254,0.8083642138697724,0.6920563443059216,500,628,96,1527,0.26317702653580516,0.079055965150445,0.17852893883303966,0.8088872611353636
clustered,61,20,joint,galileo,clustered_61_20_joint_galileo,2751,0.7262569832402235,0.9611829944547134,0.8273667462211615,0.7199531993550163,540,588,63,1560,0.2366412213740458,0.10677987756812377,0.16366882070986122,0.8533249323772194
clustered,62,20,joint,galileo,clustered_62_20_joint_galileo,2751,0.7136128120584079,0.933456561922366,0.8088627869727709,0.6972247348618923,520,608,108,1515,0.26026899309342055,0.07941216496780168,0.19059570990914454,0.7628718160485574
clustered,63,20,joint,galileo,clustered_63_20_joint_galileo,2751,0.7365900383141762,0.9476278496611213,0.828887092427917,0.730019598589426,578,550,85,1538,0.23082515448927662,0.10146337596060953,0.1644678793815918,0.8416269560353604
clustered,64,20,joint,galileo,clustered_64_20_joint_galileo,2751,0.6608977825851812,0.7529266789895256,0.7039170506912442,0.5985378075798692,501,627,401,1222,0.3736822973464195,0.11104349819559067,0.25354967315443344,0.6109502475496301
clustered,65,20,joint,galileo,clustered_65_20_joint_galileo,2751,0.7270519669742593,0.922365988909427,0.8131450298750679,0.7120695192774085,566,562,126,1497,0.2500908760450745,0.0846988800948934,0.18156508972771462,0.7923650166271199
clustered,66,20,joint,galileo,clustered_66_20_joint_galileo,2751,0.7613636363636364,0.9081947011706716,0.8283225625175611,0.7493101165427827,666,462,149,1474,0.22210105416212286,0.06998507185630004,0.16999345099169955,0.8075263390184537
clustered,67,20,joint,galileo,clustered_67_20_joint_galileo,2751,0.7202495201535508,0.9248305606900801,0.8098192608578365,0.7039932945294372,545,583,122,1501,0.25627044711014174,0.10336039634942991,0.1798971182934608,0.8170659032611878
clustered,68,20,joint,galileo,clustered_68_20_joint_galileo,2751,0.7421078193297718,0.9414664202094886,0.8299837045084193,0.7353608696792124,597,531,95,1528,0.22755361686659398,0.09148156375756286,0.17632598592080806,0.8050625865768234
clustered,69,20,joint,galileo,clustered_69_20_joint_galileo,2751,0.7526518804243009,0.9617991373998768,0.8444684879632134,0.7535059516786617,615,513,62,1561,0.20901490367139222,0.09355356573006365,0.16450064843234713,0.8389318768762863
clustered,70,20,joint,galileo,clustered_70_20_joint_galileo,2751,0.7256594724220623,0.9322242760320394,0.8160733549083063,0.7125660387252395,556,572,110,1513,0.24790985096328608,0.10979276017823006,0.16982708724210885,0.8462149814501645
clustered,71,20,joint,galileo,clustered_71_20_joint_galileo,2751,0.6705258080077183,0.8564386937769563,0.7521645021645021,0.6254711199381235,445,683,233,1390,0.33296982915303525,0.10412591843908967,0.2105683576793508,0.6977985452908764
clustered,42,20,joint,presto_primary,clustered_42_20_joint_presto_primary,2751,0.8068517424689899,0.8416512630930376,0.8238841978287093,0.7758788230358805,801,327,257,1366,0.2122864412940749,0.04120973513399516,0.15872675574249287,0.8355785953688774
clustered,43,20,joint,presto_primary,clustered_43_20_joint_presto_primary,2751,0.8150087260034904,0.8632162661737524,0.8384201077199281,0.7906506862783655,810,318,222,1401,0.19629225736095965,0.06396018391250585,0.13548427412641956,0.8872936358114516
clustered,44,20,joint,presto_primary,clustered_44_20_joint_presto_primary,2751,0.7538779731127198,0.8983364140480592,0.8197919595164465,0.7381752992226112,652,476,165,1458,0.23300617957106506,0.0455350735324806,0.16715176028080422,0.8150320306935323
clustered,45,20,joint,presto_primary,clustered_45_20_joint_presto_primary,2751,0.7915326902465166,0.9100431300061614,0.8466609343651476,0.7825924869888963,739,389,146,1477,0.19447473645946928,0.08128066173615932,0.15984003644258046,0.8285524901351582
clustered,46,20,joint,presto_primary,clustered_46_20_joint_presto_primary,2751,0.7898832684824902,0.8755391250770179,0.8305084745762712,0.7702163710491472,750,378,202,1421,0.2108324245728826,0.047536985325075776,0.1492626595113861,0.857292718151746
clustered,47,20,joint,presto_primary,clustered_47_20_joint_presto_primary,2751,0.7899596076168494,0.8434996919285275,0.8158522050059595,0.7604023282337673,764,364,254,1369,0.22464558342420937,0.06322121243147352,0.17010904110863428,0.8151614862591382
clustered,48,20,joint,presto_primary,clustered_48_20_joint_presto_primary,2751,0.7984857309260338,0.844731977818854,0.8209580838323354,0.7689971945831859,782,346,252,1371,0.2173754998182479,0.045787624038203675,0.15747518576938566,0.8418192275927164
clustered,49,20,joint,presto_primary,clustered_49_20_joint_presto_primary,2751,0.7770455793520044,0.8718422674060382,0.8217189314750291,0.7559565946959269,722,406,208,1415,0.2231915667030171,0.1026958988309209,0.1763442228517896,0.8008596505027464
clustered,50,20,joint,presto_primary,clustered_50_20_joint_presto_primary,2751,0.7692767483562463,0.7929759704251387,0.7809466019417476,0.7253886944324275,742,386,336,1287,0.262450018175209,0.05267471776055295,0.17920164358186244,0.7983997216432226
clustered,51,20,joint,presto_primary,clustered_51_20_joint_presto_primary,2751,0.8020274299344067,0.8287122612446087,0.8151515151515152,0.7671930100549285,796,332,278,1345,0.2217375499818248,0.03479368978601914,0.154436307620069,0.8488150172825911
clustered,52,20,joint,presto_primary,clustered_52_20_joint_presto_primary,2751,0.7503812913065582,0.9094269870609981,0.8222841225626741,0.7370716495588678,637,491,147,1476,0.23191566703017086,0.10336935342415177,0.16535518484339212,0.8426514029268974
clustered,53,20,joint,presto_primary,clustered_53_20_joint_presto_primary,2751,0.6834482758620689,0.6105976586568084,0.6449723397331598,0.6018413825198936,669,459,632,991,0.3965830607051981,0.15142803227497117,0.2712761191282363,0.598651422591034
clustered,54,20,joint,presto_primary,clustered_54_20_joint_presto_primary,2751,0.7744034707158352,0.8798521256931608,0.8237669454860109,0.755528899726013,712,416,195,1428,0.22210105416212286,0.08420845809935376,0.17146747893787614,0.8048115957228317
clustered,55,20,joint,presto_primary,clustered_55_20_joint_presto_primary,2751,0.7534316217590239,0.9131238447319778,0.8256267409470752,0.7415796528624428,643,485,141,1482,0.22755361686659398,0.057959154647019756,0.15897875881970575,0.8228081042461425
clustered,56,20,joint,presto_primary,clustered_56_20_joint_presto_primary,2751,0.7753623188405797,0.8570548367221196,0.8141644717588528,0.7498926665880101,725,403,232,1391,0.23082515448927662,0.06491065616849895,0.17498208113417874,0.7992829691098264
clustered,57,20,joint,presto_primary,clustered_57_20_joint_presto_primary,2751,0.8069963811821471,0.8243992606284658,0.8156049984760744,0.7703556586830272,808,320,285,1338,0.21992002908033442,0.07641206409276821,0.1692240438737312,0.8191716045498442
clustered,58,20,joint,presto_primary,clustered_58_20_joint_presto_primary,2751,0.7592213114754098,0.9131238447319778,0.8290909090909091,0.7482285890326557,658,470,141,1482,0.22210105416212286,0.09966238539520983,0.1599177704603901,0.8526230319476672
clustered,59,20,joint,presto_primary,clustered_59_20_joint_presto_primary,2751,0.7946577629382304,0.8798521256931608,0.8350877192982457,0.7763622330593464,759,369,195,1428,0.2050163576881134,0.06258048102877141,0.15948730627408905,0.8324102113676188
clustered,60,20,joint,presto_primary,clustered_60_20_joint_presto_primary,2751,0.760307861462342,0.8521256931608133,0.8036025566531086,0.732800435232889,692,436,240,1383,0.24572882588149764,0.0530139444390612,0.18051202027330857,0.7806555695389416
clustered,61,20,joint,presto_primary,clustered_61_20_joint_presto_primary,2751,0.7729211087420043,0.893407270486753,0.8288082309231208,0.7578738480093339,702,426,173,1450,0.21773900399854598,0.06079312376746154,0.1593397607940024,0.8342406147446066
clustered,62,20,joint,presto_primary,clustered_62_20_joint_presto_primary,2751,0.7437923250564334,0.8120764017252002,0.7764359351988218,0.704797066110827,674,454,305,1318,0.27589967284623773,0.056592064975616384,0.18748362047490555,0.774021108358132
clustered,63,20,joint,presto_primary,clustered_63_20_joint_presto_primary,2751,0.7737775389575497,0.8872458410351202,0.8266360505166476,0.7570094453402552,707,421,183,1440,0.21955652490003635,0.07778864458663295,0.1612118974919361,0.83858666203467
clustered,64,20,joint,presto_primary,clustered_64_20_joint_presto_primary,2751,0.7252978276103714,0.6377079482439926,0.6786885245901639,0.6450951088737693,736,392,588,1035,0.356234096692112,0.12120031873587969,0.24892010294979244,0.6437360985479127
clustered,65,20,joint,presto_primary,clustered_65_20_joint_presto_primary,2751,0.8058997050147493,0.8416512630930376,0.8233875828812538,0.7749922982131855,799,329,257,1366,0.21301344965467103,0.08941126621762728,0.16629147053959897,0.832234599703727
clustered,66,20,joint,presto_primary,clustered_66_20_joint_presto_primary,2751,0.7941534713763703,0.8034504004929144,0.7987748851454823,0.7519025052109962,790,338,319,1304,0.23882224645583425,0.09334543828869103,0.1808981693518506,0.7932234108100313
clustered,67,20,joint,presto_primary,clustered_67_20_joint_presto_primary,2751,0.78164041281912,0.8866296980899568,0.8308314087759815,0.7651233596832763,726,402,184,1439,0.21301344965467103,0.07723752373774567,0.1618753438340464,0.8357135131946356
clustered,68,20,joint,presto_primary,clustered_68_20_joint_presto_primary,2751,0.7572314049586777,0.9032655576093653,0.8238269176735038,0.7432994454713493,658,470,157,1466,0.22791712104689205,0.07872067322933939,0.1764802905760484,0.7814656227195065
clustered,69,20,joint,presto_primary,clustered_69_20_joint_presto_primary,2751,0.7951273532668881,0.884781269254467,0.8375619714202391,0.7783835424286519,758,370,187,1436,0.2024718284260269,0.0976161851377228,0.16717886214466898,0.8087780159323203
clustered,70,20,joint,presto_primary,clustered_70_20_joint_presto_primary,2751,0.8048048048048048,0.8256315465187923,0.8150851581508516,0.7687554895714529,803,325,283,1340,0.22101054162122866,0.04935982366121976,0.16177997651997184,0.8302640893538366
clustered,71,20,joint,presto_primary,clustered_71_20_joint_presto_primary,2751,0.723125,0.7128773875539125,0.7179646292274279,0.6600734455500059,685,443,466,1157,0.33042529989094876,0.07464747930838032,0.21358861461906803,0.721630386334736
clustered,42,20,joint,temporal_reconstructed,clustered_42_20_joint_temporal_reconstructed,2751,0.7913544668587896,0.8459642637091805,0.817748659916617,0.7625211389467889,766,362,250,1373,0.22246455834242093,0.06030603839041548,0.17000092629515015,0.812268127056541
clustered,43,20,joint,temporal_reconstructed,clustered_43_20_joint_temporal_reconstructed,2751,0.794392523364486,0.8903265557609366,0.8396281231841952,0.7793831360364967,754,374,178,1445,0.20065430752453653,0.07599805857196464,0.14723254014519563,0.8696267746883234
clustered,44,20,joint,temporal_reconstructed,clustered_44_20_joint_temporal_reconstructed,2751,0.7667238421955404,0.8262476894639557,0.7953736654804271,0.7322727809021906,720,408,282,1341,0.25081788440567065,0.11817473954394508,0.19370820966617033,0.7479655812063294
clustered,45,20,joint,temporal_reconstructed,clustered_45_20_joint_temporal_reconstructed,2751,0.7624932831810854,0.8743068391866913,0.8145809414466131,0.7412314337777428,686,442,204,1419,0.23482370047255544,0.07078841163718898,0.17909177380776456,0.7887443574852628
clustered,46,20,joint,temporal_reconstructed,clustered_46_20_joint_temporal_reconstructed,2751,0.7934523809523809,0.8213185459026494,0.8071450196790796,0.7568472162137361,781,347,290,1333,0.23155216284987276,0.1020654429484775,0.1744576486450705,0.8217402323863958
clustered,47,20,joint,temporal_reconstructed,clustered_47_20_joint_temporal_reconstructed,2751,0.7882212968471148,0.8163894023413432,0.8020581113801453,0.7503932827309553,772,356,298,1325,0.23773173391494,0.07528390485934126,0.17702573756278372,0.804310706466879
clustered,48,20,joint,temporal_reconstructed,clustered_48_20_joint_temporal_reconstructed,2751,0.8134872417982989,0.8250154035736291,0.8192107678189049,0.7764261415031266,821,307,284,1339,0.2148309705561614,0.06312235821326408,0.167598152563255,0.8141228374912058
clustered,49,20,joint,temporal_reconstructed,clustered_49_20_joint_temporal_reconstructed,2751,0.7562162162162163,0.8619839802834257,0.8056435358479701,0.7310806426239824,677,451,224,1399,0.24536532170119957,0.07444933634123985,0.18390203163663826,0.7786219700842936
clustered,50,20,joint,temporal_reconstructed,clustered_50_20_joint_temporal_reconstructed,2751,0.7877578176979375,0.729513247073321,0.7575175943698017,0.7233559143168024,809,319,439,1184,0.27553616866593966,0.08406156641263945,0.1914534502294809,0.7811578243599323
clustered,51,20,joint,temporal_reconstructed,clustered_51_20_joint_temporal_reconstructed,2751,0.8094674556213017,0.8428835489833642,0.8258376094174464,0.7787112780377814,806,322,255,1368,0.20974191203198836,0.056131519232991936,0.15707089761757995,0.843711627622431
clustered,52,20,joint,temporal_reconstructed,clustered_52_20_joint_temporal_reconstructed,2751,0.7543766578249337,0.8761552680221811,0.8107183580387686,0.7328471375571899,665,463,201,1422,0.24136677571792076,0.0698058979374625,0.17645238106520905,0.7977669188045953
clustered,53,20,joint,temporal_reconstructed,clustered_53_20_joint_temporal_reconstructed,2751,0.7099934683213586,0.669747381392483,0.689283449587825,0.6380651800579437,684,444,536,1087,0.356234096692112,0.08064560330423003,0.2282017528809826,0.6669984989709101
clustered,54,20,joint,temporal_reconstructed,clustered_54_20_joint_temporal_reconstructed,2751,0.7590042372881356,0.8829328404189772,0.8162916547992025,0.7397820230463681,673,455,190,1433,0.23446019629225737,0.06163958582520051,0.1799065679186842,0.7859206420996054
clustered,55,20,joint,temporal_reconstructed,clustered_55_20_joint_temporal_reconstructed,2751,0.7619047619047619,0.8971041281577325,0.8239954725523486,0.7468676669157457,673,455,167,1456,0.22609960014540167,0.040969632331974655,0.15935770932100052,0.8382373504979396
clustered,56,20,joint,temporal_reconstructed,clustered_56_20_joint_temporal_reconstructed,2751,0.7671541057367829,0.8404189772027111,0.8021170244045869,0.7366988503034833,714,414,259,1364,0.24463831334060343,0.08510902668240547,0.18513561893320984,0.7774096214435223
clustered,57,20,joint,temporal_reconstructed,clustered_57_20_joint_temporal_reconstructed,2751,0.7956120092378753,0.8490449784349969,0.8214605067064084,0.7676075956004772,774,354,245,1378,0.21773900399854598,0.07535936487012751,0.16549154509589478,0.8301373649183064
clustered,58,20,joint,temporal_reconstructed,clustered_58_20_joint_temporal_reconstructed,2751,0.7636080870917574,0.9075785582255084,0.8293918918918919,0.7516616195382861,672,456,150,1473,0.2202835332606325,0.06540711838759125,0.16096019862820274,0.8401952976494802
clustered,59,20,joint,temporal_reconstructed,clustered_59_20_joint_temporal_reconstructed,2751,0.7694840834248079,0.8638324091189156,0.813933236574746,0.7457459917935003,708,420,221,1402,0.23300617957106506,0.06973010725880241,0.17559505368825493,0.8032605869526269
clustered,60,20,joint,temporal_reconstructed,clustered_60_20_joint_temporal_reconstructed,2751,0.7613454351308062,0.8786198398028343,0.8157894736842105,0.7411716220290767,681,447,197,1426,0.2340966921119593,0.08707543882295604,0.1785745283087468,0.7935451379329934
clustered,61,20,joint,temporal_reconstructed,clustered_61_20_joint_temporal_reconstructed,2751,0.7617411225658648,0.8194701170671596,0.7895517957850995,0.7253378954130124,712,416,293,1330,0.25772446383133407,0.07727600457380078,0.19616481740774158,0.7471153804136461
clustered,62,20,joint,temporal_reconstructed,clustered_62_20_joint_temporal_reconstructed,2751,0.763140817650876,0.7245841035120147,0.7433628318584071,0.7005012716141634,763,365,447,1176,0.2951653944020356,0.09149986432876898,0.20278784941074762,0.7552683499167552
clustered,63,20,joint,temporal_reconstructed,clustered_63_20_joint_temporal_reconstructed,2751,0.7669851380042463,0.8903265557609366,0.8240661534074708,0.750571079298908,689,439,178,1445,0.2242820792439113,0.07095456667077009,0.1739800196720904,0.8012308110800855
clustered,64,20,joint,temporal_reconstructed,clustered_64_20_joint_temporal_reconstructed,2751,0.729745712596097,0.7603203943314849,0.7447193723596862,0.6775892751799268,671,457,389,1234,0.3075245365321701,0.0948658989607231,0.21150681492868376,0.712641691028347
clustered,65,20,joint,temporal_reconstructed,clustered_65_20_joint_temporal_reconstructed,2751,0.8004750593824228,0.8305606900800986,0.8152403991533111,0.7663441748272833,792,336,275,1348,0.22210105416212286,0.11165709854935327,0.17542236963528862,0.8257741115087637
clustered,66,20,joint,temporal_reconstructed,clustered_66_20_joint_temporal_reconstructed,2751,0.7810011376564278,0.8459642637091805,0.8121857438627625,0.752326103485796,743,385,250,1373,0.23082515448927662,0.06746484171151425,0.17665961757926885,0.7974861586327744
clustered,67,20,joint,temporal_reconstructed,clustered_67_20_joint_temporal_reconstructed,2751,0.7822626492325184,0.8478126925446704,0.8137196924896511,0.7541368427262359,745,383,247,1376,0.22900763358778625,0.09321126205984447,0.1835226267008348,0.7784414423862649
clustered,68,20,joint,temporal_reconstructed,clustered_68_20_joint_temporal_reconstructed,2751,0.7521551724137931,0.860135551447936,0.8025294624892211,0.7261670665041098,668,460,227,1396,0.24972737186477645,0.09311708783661622,0.19595117787556374,0.7447969240920631
clustered,69,20,joint,temporal_reconstructed,clustered_69_20_joint_temporal_reconstructed,2751,0.760586319218241,0.8632162661737524,0.8086580086580086,0.7361294096826209,687,441,222,1401,0.2410032715376227,0.06925127166189765,0.1793545350021682,0.7856661007765149
clustered,70,20,joint,temporal_reconstructed,clustered_70_20_joint_temporal_reconstructed,2751,0.7844344904815229,0.8632162661737524,0.8219419184511587,0.7609521047180818,743,385,222,1401,0.22064703744093056,0.05687232870615202,0.16540873858196,0.8223978885087155
clustered,71,20,joint,temporal_reconstructed,clustered_71_20_joint_temporal_reconstructed,2751,0.7172774869109948,0.8441158348736907,0.7755448627228984,0.6826962153091858,588,540,253,1370,0.28825881497637224,0.059486697076501484,0.20254013117109523,0.740832961899643
clustered,42,50,joint,alphaearth,clustered_42_50_joint_alphaearth,2751,0.8223767383059418,0.8016019716574245,0.8118564742589703,0.7762442482400598,847,281,322,1301,0.21919302071973829,0.05953331340426989,0.1427989682541681,0.8796983630698776
clustered,43,50,joint,alphaearth,clustered_43_50_joint_alphaearth,2751,0.805439330543933,0.9488601355514479,0.8712871287128713,0.8095364507544474,756,372,83,1540,0.16539440203562342,0.08073888687953167,0.11908487374485087,0.9180854887411891
clustered,44,50,joint,alphaearth,clustered_44_50_joint_alphaearth,2751,0.8627819548872181,0.8484288354898336,0.8555452003727866,0.8271399496598104,909,219,246,1377,0.16902944383860413,0.1303139729334385,0.14257415221811937,0.8964639512678998
clustered,45,50,joint,alphaearth,clustered_45_50_joint_alphaearth,2751,0.7618811881188119,0.9482439926062847,0.8449080428218502,0.7609127764449863,647,481,84,1539,0.20537986186841148,0.12594429000117724,0.13812730151693264,0.9102190147830608
clustered,46,50,joint,alphaearth,clustered_46_50_joint_alphaearth,2751,0.8245125348189415,0.9118915588416513,0.8660035108250439,0.8163181198463576,813,315,143,1480,0.16648491457651762,0.07826592221181602,0.1251695328276221,0.8993562180184668
clustered,47,50,joint,alphaearth,clustered_47_50_joint_alphaearth,2751,0.8042358328563252,0.8656808379544054,0.8338278931750742,0.7812446742963517,786,342,218,1405,0.2035623409669211,0.07735282062745444,0.13612416572776673,0.885053016697037
clustered,48,50,joint,alphaearth,clustered_48_50_joint_alphaearth,2751,0.8905735003295979,0.8324091189155884,0.8605095541401274,0.8426229991741063,962,166,272,1351,0.15921483097055616,0.12684998397359848,0.14277206180727336,0.8705537202361445
clustered,49,50,joint,alphaearth,clustered_49_50_joint_alphaearth,2751,0.8444444444444444,0.8897104128157732,0.8664866486648665,0.826947404989447,862,266,179,1444,0.16175936023264267,0.061216771484159785,0.12934578288762746,0.88757466909628
clustered,50,50,joint,alphaearth,clustered_50_50_joint_alphaearth,2751,0.9064539521392313,0.7701786814540974,0.832778147901399,0.827908489663219,999,129,373,1250,0.18247909850963287,0.11592651390268019,0.1502455352831623,0.8612105242458803
clustered,51,50,joint,alphaearth,clustered_51_50_joint_alphaearth,2751,0.8930232558139535,0.7097966728280961,0.7909371781668383,0.7937281236480906,990,138,471,1152,0.22137404580152673,0.13393915761050443,0.16610080225793375,0.8406475727900787
clustered,52,50,joint,alphaearth,clustered_52_50_joint_alphaearth,2751,0.7759958613554061,0.9242144177449169,0.843644544431946,0.7701745847589833,695,433,123,1500,0.20210832424572883,0.07608240192181481,0.12884739063131007,0.9030760171820855
clustered,53,50,joint,alphaearth,clustered_53_50_joint_alphaearth,2751,0.6540016168148747,0.4984596426370918,0.5657342657342658,0.5595135092618083,700,428,814,809,0.4514721919302072,0.14174886483464955,0.2880770254017551,0.5353703193892756
clustered,54,50,joint,alphaearth,clustered_54_50_joint_alphaearth,2751,0.7921009325287987,0.8897104128157732,0.8380731282646546,0.7768587525071774,749,379,179,1444,0.20283533260632497,0.10052917394716182,0.1421977649292481,0.8852127878064873
clustered,55,50,joint,alphaearth,clustered_55_50_joint_alphaearth,2751,0.7535383113714007,0.9513247073321011,0.840958605664488,0.7518148359355541,623,505,79,1544,0.2122864412940749,0.10366001955928182,0.13677089535900974,0.9105860786652858
clustered,56,50,joint,alphaearth,clustered_56_50_joint_alphaearth,2751,0.8061674008810573,0.9020332717190388,0.8514102936900262,0.7949882670651931,776,352,159,1464,0.18575063613231552,0.09198148752432826,0.1385562238701238,0.8874594154070695
clustered,57,50,joint,alphaearth,clustered_57_50_joint_alphaearth,2751,0.8560283687943262,0.7436845348120764,0.795911638641609,0.781859997902492,925,203,416,1207,0.22500908760450744,0.06725540192511148,0.15649579349762366,0.8460773324943303
clustered,58,50,joint,alphaearth,clustered_58_50_joint_alphaearth,2751,0.7417685794920038,0.9716574245224893,0.8412910109362497,0.7424776484314575,579,549,46,1577,0.21628498727735368,0.1225020103361348,0.1399705930020654,0.912123704898118
clustered,59,50,joint,alphaearth,clustered_59_50_joint_alphaearth,2751,0.8053728070175439,0.9051139864448552,0.8523353640847113,0.7951988371940588,773,355,154,1469,0.18502362777171938,0.07700489665852353,0.1252807399126823,0.9068441573480508
clustered,60,50,joint,alphaearth,clustered_60_50_joint_alphaearth,2751,0.8350923482849604,0.7800369685767098,0.8066263141127747,0.7792028814514755,878,250,357,1266,0.22064703744093056,0.10316905740046738,0.15085808903604248,0.8554926303186028
clustered,61,50,joint,alphaearth,clustered_61_50_joint_alphaearth,2751,0.7892781316348195,0.9162045594577942,0.848018249215854,0.7821271024239326,731,397,136,1487,0.19374772809887314,0.0774446405831531,0.13673017357070552,0.897568420270666
clustered,62,50,joint,alphaearth,clustered_62_50_joint_alphaearth,2751,0.774432118330692,0.9032655576093653,0.8339021615472128,0.7623597291592926,701,427,157,1466,0.2122864412940749,0.05433831701394359,0.15855089026679756,0.8378394248458549
clustered,63,50,joint,alphaearth,clustered_63_50_joint_alphaearth,2751,0.7556207233626588,0.9525569932224276,0.8427364404469883,0.7546472909374549,628,500,77,1546,0.20974191203198836,0.12469448854617435,0.14278529010226707,0.9044342081689194
clustered,64,50,joint,alphaearth,clustered_64_50_joint_alphaearth,2751,0.7824267782426778,0.5760936537276649,0.6635911994322214,0.6727985999134778,868,260,688,935,0.3446019629225736,0.19438352750065338,0.2508838475655129,0.6375730304182343
clustered,65,50,joint,alphaearth,clustered_65_50_joint_alphaearth,2751,0.8649167733674776,0.8324091189155884,0.8483516483516483,0.822676190663468,917,211,272,1351,0.17557251908396945,0.10154515585534273,0.1446754457936075,0.878472358778726
clustered,66,50,joint,alphaearth,clustered_66_50_joint_alphaearth,2751,0.8066115702479338,0.9020332717190388,0.8516579406631762,0.7954315294765406,777,351,159,1464,0.18538713195201745,0.08028828240267452,0.13408153364089717,0.8954179284487618
clustered,67,50,joint,alphaearth,clustered_67_50_joint_alphaearth,2751,0.7806591031874662,0.8903265557609366,0.8318940702360391,0.7651987388733761,722,406,178,1445,0.2122864412940749,0.07075317241900375,0.15001047963685105,0.8671078534191564
clustered,68,50,joint,alphaearth,clustered_68_50_joint_alphaearth,2751,0.7403525488327776,0.9574861367837338,0.8350349274583557,0.7371650542074697,583,545,69,1554,0.2231915667030171,0.14225388847201895,0.15770746230920665,0.895683121179149
clustered,69,50,joint,alphaearth,clustered_69_50_joint_alphaearth,2751,0.7761270491803278,0.933456561922366,0.8475524475524475,0.7730226072023177,691,437,108,1515,0.19810977826245002,0.0987286859899785,0.13590888644784374,0.9025549175635698
clustered,70,50,joint,alphaearth,clustered_70_50_joint_alphaearth,2751,0.8156626506024096,0.8342575477510783,0.8248553152604325,0.7814904760031987,822,306,269,1354,0.20901490367139222,0.0687950660571495,0.13846872094032062,0.8720410936755768
clustered,71,50,joint,alphaearth,clustered_71_50_joint_alphaearth,2751,0.7673590504451039,0.7966728280961183,0.7817412333736397,0.7245775487998323,736,392,330,1293,0.262450018175209,0.04417566896173497,0.17302107069655287,0.815978640377901
clustered,42,50,joint,galileo,clustered_42_50_joint_galileo,2751,0.8047404063205418,0.8786198398028343,0.840058910162003,0.785941125575176,782,346,197,1426,0.19738276990185388,0.040606274096574524,0.14718851061706031,0.8582775636571798
clustered,43,50,joint,galileo,clustered_43_50_joint_galileo,2751,0.7443502824858758,0.9741219963031423,0.8438751000800641,0.746369508789869,585,543,42,1581,0.21264994547437296,0.12215831018942863,0.15448470142235377,0.8645296666273384
clustered,44,50,joint,galileo,clustered_44_50_joint_galileo,2751,0.7064970467969105,0.958102279728897,0.8132845188284519,0.6927036221339521,482,646,68,1555,0.2595419847328244,0.09852953079954661,0.17306079965418325,0.8264850246675668
clustered,45,50,joint,galileo,clustered_45_50_joint_galileo,2751,0.7334939759036144,0.937769562538509,0.8231476473769606,0.7237606677940771,575,553,101,1522,0.23773173391494,0.09673559143265387,0.18264619298957888,0.7808776104141266
clustered,46,50,joint,galileo,clustered_46_50_joint_galileo,2751,0.7577925396014308,0.9137399876771412,0.8284916201117318,0.7467636108598472,654,474,140,1483,0.2231915667030171,0.09087218589130558,0.16731871963961903,0.8329834755705878
clustered,47,50,joint,galileo,clustered_47_50_joint_galileo,2751,0.7520905066404329,0.9420825631546519,0.8364332603938731,0.7476370262581771,624,504,94,1529,0.2173754998182479,0.10372543861683095,0.1553850053112913,0.8690901076283741
clustered,48,50,joint,galileo,clustered_48_50_joint_galileo,2751,0.7806313536650615,0.8989525569932224,0.8356242840778924,0.767738689844129,718,410,164,1459,0.20865139949109415,0.07449833297884098,0.15634707735328723,0.8546148451121511
clustered,49,50,joint,galileo,clustered_49_50_joint_galileo,2751,0.7216796875,0.9106592729513248,0.8052301825115772,0.7026700620075773,558,570,145,1478,0.2599054889131225,0.08113568653740699,0.18369852747449303,0.7944573353784035
clustered,50,50,joint,galileo,clustered_50_50_joint_galileo,2751,0.7490452809601745,0.8459642637091805,0.7945601851851852,0.7190814226347322,668,460,250,1373,0.25808796801163214,0.049962340394581854,0.1724319001925049,0.8177388537119334
clustered,51,50,joint,galileo,clustered_51_50_joint_galileo,2751,0.7532671197072661,0.8878619839802834,0.8150452488687783,0.7347111338341132,656,472,182,1441,0.23773173391494,0.05803770037237691,0.1649331320647471,0.8345582451724546
clustered,52,50,joint,galileo,clustered_52_50_joint_galileo,2751,0.7296416938110749,0.9661121380160197,0.8313891834570519,0.725520608015102,547,581,55,1568,0.2311886586695747,0.09533210322336363,0.16732966888234713,0.8066739533217098
clustered,53,50,joint,galileo,clustered_53_50_joint_galileo,2751,0.6301703163017032,0.6383240911891559,0.6342209978573615,0.5496584994952871,520,608,587,1036,0.43438749545619776,0.18765154207617268,0.2956098494767236,0.527697482553541
clustered,54,50,joint,galileo,clustered_54_50_joint_galileo,2751,0.690744920993228,0.9426987060998152,0.7972902553413236,0.667714601276858,443,685,93,1530,0.28280625227190115,0.063426985104309,0.195954438256885,0.7300747674169628
clustered,55,50,joint,galileo,clustered_55_50_joint_galileo,2751,0.7242817423540315,0.9630314232902033,0.8267654059772547,0.7177745768933286,533,595,60,1563,0.23809523809523808,0.10596184425562015,0.17142466577902263,0.8250118531045302
clustered,56,50,joint,galileo,clustered_56_50_joint_galileo,2751,0.7552825552825553,0.9470117067159581,0.8403499179879715,0.7527611725069152,630,498,86,1537,0.2122864412940749,0.09653014932229231,0.16602756390441867,0.8191606800295398
clustered,57,50,joint,galileo,clustered_57_50_joint_galileo,2751,0.7479035639412998,0.8792359827479975,0.8082696120079298,0.7264087715158427,647,481,196,1427,0.2460923300617957,0.08682843055932991,0.1710160531988507,0.8308673959876423
clustered,58,50,joint,galileo,clustered_58_50_joint_galileo,2751,0.7092609082813891,0.9815157116451017,0.8234685965365728,0.7013075012126218,475,653,30,1593,0.24827335514358415,0.15529178033821797,0.16951643810769731,0.8697745288254394
clustered,59,50,joint,galileo,clustered_59_50_joint_galileo,2751,0.7722107438016529,0.9211337030191005,0.8401236302332116,0.7650881281052949,687,441,128,1495,0.20683387858960378,0.0855286434526425,0.15137072291572512,0.8578968441245746
clustered,60,50,joint,galileo,clustered_60_50_joint_galileo,2751,0.7406073082861554,0.8866296980899568,0.8070667414469994,0.7199105937258294,624,504,184,1439,0.2500908760450745,0.05200118028930637,0.1717398631249188,0.8177574253964509
clustered,61,50,joint,galileo,clustered_61_50_joint_galileo,2751,0.7631441957313899,0.9032655576093653,0.827313769751693,0.7499483816415621,673,455,157,1466,0.22246455834242093,0.08062179492219654,0.15933881876061914,0.8530676599240526
clustered,62,50,joint,galileo,clustered_62_50_joint_galileo,2751,0.7227579556412729,0.9235982747997535,0.8109277792804978,0.706923250875054,553,575,124,1499,0.25408942202835333,0.06962943287876985,0.18605533503496233,0.7672943349807511
clustered,63,50,joint,galileo,clustered_63_50_joint_galileo,2751,0.763663967611336,0.9297597042513863,0.8385662684078911,0.7578763060264024,661,467,114,1509,0.21119592875318066,0.07901543245463799,0.16310740660212553,0.8319175155018943
clustered,64,50,joint,galileo,clustered_64_50_joint_galileo,2751,0.6605080831408776,0.7048675292667899,0.6819672131147541,0.5917954667610545,540,588,479,1144,0.38785896037804435,0.15619141556890026,0.27360223114990656,0.585064869801567
clustered,65,50,joint,galileo,clustered_65_50_joint_galileo,2751,0.7368421052631579,0.8712261244608749,0.7984189723320159,0.711765544499941,623,505,209,1414,0.2595419847328244,0.04596999774050024,0.17989522963208449,0.7897606109865716
clustered,66,50,joint,galileo,clustered_66_50_joint_galileo,2751,0.7634746206174777,0.8989525569932224,0.8256932654216186,0.7491216685675333,676,452,164,1459,0.22391857506361323,0.06267779519161307,0.16436576440057019,0.8263629431531659
clustered,67,50,joint,galileo,clustered_67_50_joint_galileo,2751,0.746031746031746,0.8687615526802218,0.802732707087959,0.7216148188933025,648,480,213,1410,0.25190839694656486,0.07538663071512622,0.17328635920148278,0.821095958801449
clustered,68,50,joint,galileo,clustered_68_50_joint_galileo,2751,0.7285438765670202,0.9309919901417129,0.8174195293481201,0.7159392574822039,565,563,112,1511,0.24536532170119957,0.09919587562083938,0.1759031250720857,0.8178177833711321
clustered,69,50,joint,galileo,clustered_69_50_joint_galileo,2751,0.7468477206595538,0.9488601355514479,0.835820895522388,0.7430470890523198,606,522,83,1540,0.21992002908033442,0.09710629101609468,0.1589205349700892,0.8553118295075663
clustered,70,50,joint,galileo,clustered_70_50_joint_galileo,2751,0.7329686723023372,0.9081947011706716,0.8112272977435333,0.7160654356917188,591,537,149,1474,0.24936386768447838,0.11398966319245572,0.1714968412282463,0.8399396638743593
clustered,71,50,joint,galileo,clustered_71_50_joint_galileo,2751,0.6444218033622007,0.7794208256315465,0.7055214723926381,0.5803132496952059,430,698,358,1265,0.38386041439476554,0.13584910058209357,0.228461363501576,0.6553909230345697
clustered,42,50,joint,presto_primary,clustered_42_50_joint_presto_primary,2751,0.8058139534883721,0.8539741219963032,0.829195333532755,0.7789374156080806,794,334,237,1386,0.20756088695019992,0.05362701244825477,0.15698045895492205,0.8407953269271946
clustered,43,50,joint,presto_primary,clustered_43_50_joint_presto_primary,2751,0.7998878923766816,0.8792359827479975,0.8376871147637217,0.7813733105229349,771,357,196,1427,0.2010178117048346,0.04376911594468446,0.1340082045153214,0.887523870076865
clustered,44,50,joint,presto_primary,clustered_44_50_joint_presto_primary,2751,0.7879955947136564,0.8817005545286506,0.8322186682175051,0.7701942488955309,743,385,192,1431,0.20974191203198836,0.06685316636725508,0.14859160535284952,0.8619271727778434
clustered,45,50,joint,presto_primary,clustered_45_50_joint_presto_primary,2751,0.8023952095808383,0.9081947011706716,0.8520231213872832,0.7931930952661869,765,363,149,1474,0.18611414031261359,0.06853785546604033,0.14910133540253673,0.8496968991841568
clustered,46,50,joint,presto_primary,clustered_46_50_joint_presto_primary,2751,0.7982212340188994,0.884781269254467,0.8392752776154295,0.7814863793080846,765,363,187,1436,0.1999272991639404,0.05916689368796825,0.15240148212786803,0.8361463973116939
clustered,47,50,joint,presto_primary,clustered_47_50_joint_presto_primary,2751,0.8057953144266338,0.8052988293284042,0.8055469953775038,0.763021755089734,813,315,316,1307,0.22937113776808432,0.08129488971941734,0.17052423445209108,0.8204172729775435
clustered,48,50,joint,presto_primary,clustered_48_50_joint_presto_primary,2751,0.7973541791942274,0.8170055452865065,0.8070602556299452,0.7591233400191397,791,337,297,1326,0.23046165030897856,0.04359149767877008,0.15951083003677807,0.839380601547786
clustered,49,50,joint,presto_primary,clustered_49_50_joint_presto_primary,2751,0.7716115261472786,0.8909426987060998,0.8269945667715184,0.7557550372963122,700,428,177,1446,0.21992002908033442,0.07761118516830158,0.16649161679007662,0.8251224638726113
clustered,50,50,joint,presto_primary,clustered_50_50_joint_presto_primary,2751,0.8107293550331525,0.8287122612446087,0.8196221815965874,0.7751717334591838,814,314,278,1345,0.21519447473645947,0.04263396211107313,0.1594184224725933,0.8366644926871261
clustered,51,50,joint,presto_primary,clustered_51_50_joint_presto_primary,2751,0.8225918225918226,0.7313616759088108,0.7742987606001305,0.7522056606494409,872,256,436,1187,0.2515448927662668,0.06483906629599759,0.16874690107748835,0.8320830219845048
clustered,52,50,joint,presto_primary,clustered_52_50_joint_presto_primary,2751,0.7866154690071311,0.8835489833641405,0.832269297736506,0.7693454136678859,739,389,189,1434,0.21010541621228643,0.06351372995382486,0.1611002090231079,0.8263339931743597
clustered,53,50,joint,presto_primary,clustered_53_50_joint_presto_primary,2751,0.6802486187845304,0.6069008009858287,0.6414848583523283,0.5982199040390136,665,463,638,985,0.40021810250817885,0.1554216088694253,0.2737634944739629,0.5900093076912993
clustered,54,50,joint,presto_primary,clustered_54_50_joint_presto_primary,2751,0.7975042541123085,0.8662969808995687,0.8304784406379209,0.7749038095987205,771,357,217,1406,0.20865139949109415,0.07486693738416444,0.16420856656910335,0.8248742041486958
clustered,55,50,joint,presto_primary,clustered_55_50_joint_presto_primary,2751,0.7632124352331606,0.9075785582255084,0.8291584576414298,0.7512183571269386,671,457,150,1473,0.22064703744093056,0.051601468514359095,0.1607246593360605,0.820489374811552
clustered,56,50,joint,presto_primary,clustered_56_50_joint_presto_primary,2751,0.7881828316610925,0.8712261244608749,0.8276265730172666,0.7671733459183807,748,380,209,1414,0.21410396219556524,0.08751917078896813,0.17474774695616307,0.7912386985837453
clustered,57,50,joint,presto_primary,clustered_57_50_joint_presto_primary,2751,0.8102643856920684,0.6420209488601355,0.7163973874183568,0.7128544460612734,884,244,581,1042,0.2998909487459106,0.11112180125932947,0.1966076398347512,0.7862762352355108
clustered,58,50,joint,presto_primary,clustered_58_50_joint_presto_primary,2751,0.754906894816306,0.9242144177449169,0.8310249307479224,0.7462384145462173,641,487,123,1500,0.2217375499818248,0.10431209718832406,0.1588290927191871,0.8573153865313774
clustered,59,50,joint,presto_primary,clustered_59_50_joint_presto_primary,2751,0.8008998875140607,0.8773875539125077,0.837400764481035,0.7817788833392325,774,354,199,1424,0.2010178117048346,0.07165774763333001,0.15811695043496593,0.8342163076869293
clustered,60,50,joint,presto_primary,clustered_60_50_joint_presto_primary,2751,0.8179611650485437,0.8305606900800986,0.8242127789666769,0.782301621635794,828,300,275,1348,0.20901490367139222,0.06969554516122078,0.16599826418047198,0.813273729150553
clustered,61,50,joint,presto_primary,clustered_61_50_joint_presto_primary,2751,0.7956860395446375,0.818237831176833,0.8068043742405833,0.7579664333189129,787,341,295,1328,0.2311886586695747,0.08887887864273257,0.16369316090101763,0.8304282302714089
clustered,62,50,joint,presto_primary,clustered_62_50_joint_presto_primary,2751,0.7813238770685579,0.8145409735058533,0.7975867269984918,0.7432633945543451,758,370,301,1322,0.24391130498000727,0.0780679400755802,0.17347896354603284,0.8053408887315758
clustered,63,50,joint,presto_primary,clustered_63_50_joint_presto_primary,2751,0.7755844155844156,0.9199014171287738,0.8416009019165727,0.7684613468622592,696,432,130,1493,0.20428934932751727,0.09080232070583416,0.15607389373000846,0.8434906791992764
clustered,64,50,joint,presto_primary,clustered_64_50_joint_presto_primary,2751,0.7254758418740849,0.6105976586568084,0.6630980260956841,0.639075425073085,753,375,632,991,0.36604870956015995,0.15265568832759122,0.27426598926949464,0.6159230891921536
clustered,65,50,joint,presto_primary,clustered_65_50_joint_presto_primary,2751,0.8277404921700223,0.6839186691312384,0.7489878542510121,0.7395657175443426,897,231,513,1110,0.27044711014176664,0.10449145202036453,0.1900174838555066,0.7940632333084254
clustered,66,50,joint,presto_primary,clustered_66_50_joint_presto_primary,2751,0.7996096291476903,0.7572396796056685,0.7778481012658228,0.7420950171077988,820,308,394,1229,0.25517993456924754,0.08630906540360377,0.1760320767868873,0.8088364621159485
clustered,67,50,joint,presto_primary,clustered_67_50_joint_presto_primary,2751,0.7994334277620396,0.8693776956253851,0.832939787485242,0.7777739541956713,774,354,212,1411,0.20574336604870955,0.03792830266410198,0.15043483852382186,0.8529204520129522
clustered,68,50,joint,presto_primary,clustered_68_50_joint_presto_primary,2751,0.7699731903485255,0.884781269254467,0.823394495412844,0.7522310601591484,699,429,187,1436,0.22391857506361323,0.07777135653777491,0.176652027266338,0.783360207653282
clustered,69,50,joint,presto_primary,clustered_69_50_joint_presto_primary,2751,0.8033519553072626,0.8860135551447936,0.8426604160562555,0.7869784087780706,776,352,185,1438,0.19520174482006544,0.0736320001351605,0.15801297876576373,0.8257126610820518
clustered,70,50,joint,presto_primary,clustered_70_50_joint_presto_primary,2751,0.8078291814946619,0.8391866913123844,0.8232094288304623,0.7759763243795965,804,324,261,1362,0.21264994547437296,0.061170471873177264,0.16100451112135675,0.831795980213509
clustered,71,50,joint,presto_primary,clustered_71_50_joint_presto_primary,2751,0.7339142091152815,0.6746765249537893,0.7030497592295345,0.6613630851719301,731,397,528,1095,0.3362413667757179,0.10214106274864462,0.21818958700743493,0.7207881058192733
clustered,42,50,joint,temporal_reconstructed,clustered_42_50_joint_temporal_reconstructed,2751,0.8077166350411132,0.7868145409735059,0.7971285892634207,0.7586554974371076,824,304,346,1277,0.23627771719374774,0.13510241006136825,0.1884810964917897,0.7777884291850745
clustered,43,50,joint,temporal_reconstructed,clustered_43_50_joint_temporal_reconstructed,2751,0.8246118458884416,0.8835489833641405,0.8530636525877454,0.8065794562210773,823,305,189,1434,0.17957106506724826,0.06801091408126284,0.13786721016478962,0.8834547593765159
clustered,44,50,joint,temporal_reconstructed,clustered_44_50_joint_temporal_reconstructed,2751,0.7758524315259921,0.8552064078866297,0.813599062133646,0.7498549769929602,727,401,235,1388,0.2311886586695747,0.08074502224456538,0.1782319760892642,0.7971972050707253
clustered,45,50,joint,temporal_reconstructed,clustered_45_50_joint_temporal_reconstructed,2751,0.7841037204058624,0.8570548367221196,0.8189579040329703,0.7587579148149606,745,383,232,1391,0.22355507088331517,0.0526659019849187,0.16547033038558565,0.8223121310243267
clustered,46,50,joint,temporal_reconstructed,clustered_46_50_joint_temporal_reconstructed,2751,0.7762162162162162,0.884781269254467,0.8269507630290814,0.7588799963293611,714,414,187,1436,0.21846601235914212,0.05088815646894751,0.16603924624590158,0.8144328207548408
clustered,47,50,joint,temporal_reconstructed,clustered_47_50_joint_temporal_reconstructed,2751,0.8095238095238095,0.7855822550831792,0.797373358348968,0.7598124041373343,828,300,348,1275,0.23555070883315157,0.06650544127788506,0.17313564527635747,0.813119147188247
clustered,48,50,joint,temporal_reconstructed,clustered_48_50_joint_temporal_reconstructed,2751,0.8385416666666666,0.7935921133703019,0.8154479265590376,0.7868669786709666,880,248,335,1288,0.2119229371137768,0.08929656335939334,0.16763590218993613,0.8143825679614409
clustered,49,50,joint,temporal_reconstructed,clustered_49_50_joint_temporal_reconstructed,2751,0.7451508620689655,0.8521256931608133,0.7950560505892498,0.7163997260130308,655,473,240,1383,0.25917848055252635,0.062145138147478095,0.18878916505626347,0.7600614832002726
clustered,50,50,joint,temporal_reconstructed,clustered_50_50_joint_temporal_reconstructed,2751,0.8227927363807138,0.8096118299445472,0.8161490683229814,0.7793626525609261,845,283,309,1314,0.21519447473645947,0.10326500403097523,0.1665212780878722,0.8377271753997282
clustered,51,50,joint,temporal_reconstructed,clustered_51_50_joint_temporal_reconstructed,2751,0.8186951066499373,0.8040665434380776,0.8113148896487411,0.7739304348396061,839,289,318,1305,0.22064703744093056,0.04916535307530886,0.16037653466150711,0.8381952910947681
clustered,52,50,joint,temporal_reconstructed,clustered_52_50_joint_temporal_reconstructed,2751,0.7750826901874311,0.8662969808995687,0.8181553680535351,0.7522974266199971,720,408,217,1406,0.22719011268629588,0.053623909181864465,0.16762380179070707,0.8098281354465726
clustered,53,50,joint,temporal_reconstructed,clustered_53_50_joint_temporal_reconstructed,2751,0.7061011904761905,0.5847196549599507,0.6397034041118975,0.6172711749977058,733,395,674,949,0.3885859687386405,0.13652003494155537,0.2478287592795705,0.6194033682481003
clustered,54,50,joint,temporal_reconstructed,clustered_54_50_joint_temporal_reconstructed,2751,0.7687704026115343,0.8706099815157117,0.8165270153134933,0.7469184659351609,703,425,210,1413,0.23082515448927662,0.04813025117971054,0.16102416394054941,0.8423176588316006
clustered,55,50,joint,temporal_reconstructed,clustered_55_50_joint_temporal_reconstructed,2751,0.7634069400630915,0.8946395563770795,0.8238297872340425,0.7478516930821568,678,450,171,1452,0.2257360959651036,0.04841903793158774,0.15718907036173804,0.8423001795991137
clustered,56,50,joint,temporal_reconstructed,clustered_56_50_joint_temporal_reconstructed,2751,0.7652608213096559,0.8496611213801601,0.8052554744525547,0.7373305606900801,705,423,244,1379,0.242457288258815,0.09130768643775551,0.1893469580950655,0.7621196628256054
clustered,57,50,joint,temporal_reconstructed,clustered_57_50_joint_temporal_reconstructed,2751,0.8025672371638142,0.8089956869993838,0.8057686406873275,0.7613240846344437,805,323,310,1313,0.2300981461286805,0.07533062162524407,0.17391171886306575,0.8147974266199972
clustered,58,50,joint,temporal_reconstructed,clustered_58_50_joint_temporal_reconstructed,2751,0.7577766445690974,0.9155884165126309,0.8292410714285714,0.7472445628662445,653,475,137,1486,0.22246455834242093,0.07797758901425905,0.15835110329769558,0.8541628430845601
clustered,59,50,joint,temporal_reconstructed,clustered_59_50_joint_temporal_reconstructed,2751,0.782258064516129,0.8367221195317314,0.808573980351295,0.750807868276504,750,378,265,1358,0.2337331879316612,0.07057731721419966,0.1724996016560309,0.8131128655890719
clustered,60,50,joint,temporal_reconstructed,clustered_60_50_joint_temporal_reconstructed,2751,0.8083941605839416,0.8188539741219963,0.8135904499540864,0.76979932748653,813,315,294,1329,0.22137404580152673,0.08071449866182492,0.16796779882274068,0.8244391351275766
clustered,61,50,joint,temporal_reconstructed,clustered_61_50_joint_temporal_reconstructed,2751,0.7831036548831636,0.8052988293284042,0.7940461725394897,0.7421884217564008,766,362,316,1307,0.24645583424209377,0.08816519319355012,0.18522391235279492,0.774473110385723
clustered,62,50,joint,temporal_reconstructed,clustered_62_50_joint_temporal_reconstructed,2751,0.7981308411214953,0.789279112754159,0.7936802973977695,0.7510225351004838,804,324,342,1281,0.2420937840785169,0.13433766209780323,0.17729349987024812,0.8183691985334923
clustered,63,50,joint,temporal_reconstructed,clustered_63_50_joint_temporal_reconstructed,2751,0.7691906005221932,0.9075785582255084,0.8326738270209157,0.7578672932971513,686,442,150,1473,0.21519447473645947,0.06648489118679417,0.16818138237766658,0.8018999379487246
clustered,64,50,joint,temporal_reconstructed,clustered_64_50_joint_temporal_reconstructed,2751,0.7192862045298559,0.6457178065311152,0.6805194805194805,0.6415645770244229,719,409,575,1048,0.35768811341330425,0.07769844488638131,0.23097363666688345,0.6735340932429656
clustered,65,50,joint,temporal_reconstructed,clustered_65_50_joint_temporal_reconstructed,2751,0.8473451327433629,0.7079482439926063,0.771399798590131,0.762218802847367,921,207,474,1149,0.247546346782988,0.15415791783052538,0.1851027800464467,0.8256473870732337
clustered,66,50,joint,temporal_reconstructed,clustered_66_50_joint_temporal_reconstructed,2751,0.795215869311552,0.8398028342575478,0.8169014084507042,0.7643163107457951,777,351,260,1363,0.22210105416212286,0.0813266491779039,0.1761404750549381,0.8040119208365561
clustered,67,50,joint,temporal_reconstructed,clustered_67_50_joint_temporal_reconstructed,2751,0.7992937021777516,0.8367221195317314,0.8175797712221553,0.7672085774963622,787,341,265,1358,0.2202835332606325,0.09959610027984121,0.17942534057863926,0.7828830792289911
clustered,68,50,joint,temporal_reconstructed,clustered_68_50_joint_temporal_reconstructed,2751,0.7684268426842684,0.8607516943930992,0.8119732635861668,0.7437623720192446,707,421,226,1397,0.2351872046528535,0.07891061918210729,0.1805340532400393,0.7947345450811255
clustered,69,50,joint,temporal_reconstructed,clustered_69_50_joint_temporal_reconstructed,2751,0.7681940700808625,0.878003696857671,0.81943645773433,0.7483990115494028,698,430,198,1425,0.22828062522719011,0.05972258793269824,0.1736712127888519,0.795273943271151
clustered,70,50,joint,temporal_reconstructed,clustered_70_50_joint_temporal_reconstructed,2751,0.7948863636363637,0.8619839802834257,0.8270765592669228,0.7709742596452589,767,361,224,1399,0.21264994547437296,0.05835046507668339,0.16292282693019233,0.8248695612275665
clustered,71,50,joint,temporal_reconstructed,clustered_71_50_joint_temporal_reconstructed,2751,0.7196675900277009,0.800369685767098,0.7578763127187864,0.675894062741705,622,506,324,1299,0.30170846964740095,0.08162557713165364,0.2109828020666435,0.7241170802690053
clustered,42,100,joint,alphaearth,clustered_42_100_joint_alphaearth,2751,0.8084982537834692,0.8558225508317929,0.8314875785692907,0.7820779420825632,799,329,234,1389,0.20465285350781534,0.04644436280159653,0.13267306074587482,0.8908842525224718
clustered,43,100,joint,alphaearth,clustered_43_100_joint_alphaearth,2751,0.8257328990228013,0.9371534195933456,0.8779220779220779,0.8262894757541197,807,321,102,1521,0.15376226826608505,0.03766954767972579,0.11433275370879764,0.9137042098731445
clustered,44,100,joint,alphaearth,clustered_44_100_joint_alphaearth,2751,0.882313829787234,0.8176216882316697,0.8487368084425967,0.8303533973073243,951,177,296,1327,0.17193747728098874,0.059722802289445216,0.1284066572237097,0.897435960461976
clustered,45,100,joint,alphaearth,clustered_45_100_joint_alphaearth,2751,0.8398791540785498,0.8564386937769563,0.848078096400244,0.810754807881386,863,265,233,1390,0.18102508178844057,0.0642520354821111,0.1330349854312558,0.8940725737732856
clustered,46,100,joint,alphaearth,clustered_46_100_joint_alphaearth,2751,0.8229988726042841,0.8995686999383857,0.8595819841036209,0.8105999528060723,814,314,163,1460,0.173391494002181,0.07722513028863297,0.13139620427265225,0.8929981472013565
clustered,47,100,joint,alphaearth,clustered_47_100_joint_alphaearth,2751,0.8362175525339925,0.833641404805915,0.8349274915149645,0.7993561633958652,863,265,270,1353,0.19447473645946928,0.06317448350326109,0.1344841150767912,0.8834217127025952
clustered,48,100,joint,alphaearth,clustered_48_100_joint_alphaearth,2751,0.8987854251012146,0.8207024029574861,0.8579710144927536,0.8438618397766153,978,150,291,1332,0.16030534351145037,0.08650367993527536,0.13527414053177633,0.8633596505027463
clustered,49,100,joint,alphaearth,clustered_49_100_joint_alphaearth,2751,0.7947055645596974,0.9063462723351817,0.8468624064478987,0.7847334198555341,748,380,152,1471,0.19338422391857507,0.0574079268091841,0.13508069529374947,0.8864557251041107
clustered,50,100,joint,alphaearth,clustered_50_100_joint_alphaearth,2751,0.8856739590684545,0.7732593961799138,0.8256578947368421,0.8148211874516591,966,162,368,1255,0.1926572155579789,0.09857695103044647,0.1540684337464509,0.8603824456068134
clustered,51,100,joint,alphaearth,clustered_51_100_joint_alphaearth,2751,0.8111888111888111,0.8576709796672828,0.8337825696316262,0.7852184685570456,804,324,231,1392,0.20174482006543076,0.061918201702012954,0.14042146104156283,0.8749363646692273
clustered,52,100,joint,alphaearth,clustered_52_100_joint_alphaearth,2751,0.7627372627372627,0.9408502772643254,0.8424827586206897,0.7598754932420917,653,475,96,1527,0.20756088695019992,0.09060317130314961,0.1409427370120257,0.8742642335575046
clustered,53,100,joint,alphaearth,clustered_53_100_joint_alphaearth,2751,0.8047182175622543,0.7566235366605052,0.7799301365512861,0.7462195697486923,830,298,395,1228,0.25190839694656486,0.08139216359919149,0.17150638590772785,0.8209427424041811
clustered,54,100,joint,alphaearth,clustered_54_100_joint_alphaearth,2751,0.8003273322422259,0.9038817005545287,0.8489583333333334,0.7897068077240728,762,366,156,1467,0.18974918211559433,0.10333708310072734,0.15320645920258444,0.8720913464689766
clustered,55,100,joint,alphaearth,clustered_55_100_joint_alphaearth,2751,0.8089956869993838,0.8089956869993838,0.8089956869993838,0.7670864959819614,818,310,310,1313,0.22537259178480554,0.10118118883799931,0.1638602166200478,0.83533852903519
clustered,56,100,joint,alphaearth,clustered_56_100_joint_alphaearth,2751,0.7618809404702351,0.9383857054836722,0.8409718387631143,0.7581999449404176,652,476,100,1523,0.2093784078516903,0.06379278135908753,0.15517144047594092,0.8565681493425623
clustered,57,100,joint,alphaearth,clustered_57_100_joint_alphaearth,2751,0.7248201438848921,0.744916820702403,0.7347310847766636,0.6690009635426908,669,459,414,1209,0.3173391494002181,0.12625868249931693,0.22004356751561807,0.6899227854904891
clustered,58,100,joint,alphaearth,clustered_58_100_joint_alphaearth,2751,0.7290439510647938,0.9913739987677141,0.8402088772845953,0.7306160773980415,530,598,14,1609,0.22246455834242093,0.1514988802338377,0.15235791931878578,0.9024128987996136
clustered,59,100,joint,alphaearth,clustered_59_100_joint_alphaearth,2751,0.7870762711864406,0.9155884165126309,0.8464824836228995,0.7796027188946133,726,402,137,1486,0.19592875318066158,0.08132788948962512,0.13692316836814195,0.8962184226740604
clustered,60,100,joint,alphaearth,clustered_60_100_joint_alphaearth,2751,0.8756400877834675,0.7375231053604436,0.8006688963210702,0.7934069427511439,958,170,426,1197,0.21664849145765178,0.09908543801937411,0.15947127501042624,0.833906051310287
clustered,61,100,joint,alphaearth,clustered_61_100_joint_alphaearth,2751,0.7962243198223209,0.8835489833641405,0.8376168224299065,0.7790971867175311,761,367,189,1434,0.20210832424572883,0.07801913916614198,0.15388820898841304,0.8579165082611222
clustered,62,100,joint,alphaearth,clustered_62_100_joint_alphaearth,2751,0.9087564385577631,0.7609365372766482,0.8283031522468142,0.825503729631232,1004,124,388,1235,0.18611414031261359,0.0720177221612696,0.14096036980960272,0.872146788409521
clustered,63,100,joint,alphaearth,clustered_63_100_joint_alphaearth,2751,0.7627883650952858,0.9371534195933456,0.8410284766380979,0.7589135892292969,655,473,102,1521,0.20901490367139222,0.09119799816121554,0.13819296655112753,0.9013029675366955
clustered,64,100,joint,alphaearth,clustered_64_100_joint_alphaearth,2751,0.6778774289985052,0.558841651263093,0.6126308679500169,0.5883747263407664,697,431,716,907,0.41693929480189024,0.14321223798832855,0.2791033365029168,0.5910673474827719
clustered,65,100,joint,alphaearth,clustered_65_100_joint_alphaearth,2751,0.7897435897435897,0.8539741219963032,0.8206039076376554,0.7634232312109175,759,369,237,1386,0.2202835332606325,0.11156581000453496,0.16031198458783125,0.8398973313581802
clustered,66,100,joint,alphaearth,clustered_66_100_joint_alphaearth,2751,0.8230726566833056,0.9143561306223044,0.8663164039696439,0.815777356091294,809,319,139,1484,0.16648491457651762,0.03903706539035843,0.11975416992036768,0.9076976354968254
clustered,67,100,joint,alphaearth,clustered_67_100_joint_alphaearth,2751,0.8002392344497608,0.8243992606284658,0.8121396054628225,0.764149984924162,794,334,285,1338,0.22500908760450744,0.07647830794868077,0.16393562386645824,0.8403687244093112
clustered,68,100,joint,alphaearth,clustered_68_100_joint_alphaearth,2751,0.7827225130890052,0.9211337030191005,0.8463062553071045,0.7766129508003303,713,415,128,1495,0.19738276990185388,0.08596365576852094,0.13528782579198248,0.8966390167057765
clustered,69,100,joint,alphaearth,clustered_69_100_joint_alphaearth,2751,0.802013422818792,0.8835489833641405,0.8408091468777484,0.784859598065049,774,354,189,1434,0.19738276990185388,0.06738460477421357,0.12286055281325202,0.9036350795086588
clustered,70,100,joint,alphaearth,clustered_70_100_joint_alphaearth,2751,0.90014064697609,0.7886629698089956,0.8407224958949097,0.8313882224931504,986,142,343,1280,0.17629952744456562,0.08303745998657475,0.14123527586095808,0.8542996727013716
clustered,71,100,joint,alphaearth,clustered_71_100_joint_alphaearth,2751,0.7495538370017847,0.7763401109057301,0.7627118644067796,0.7015565802755601,707,421,363,1260,0.28498727735368956,0.06886111423740217,0.16907848910094206,0.8146179913739988
clustered,42,100,joint,galileo,clustered_42_100_joint_galileo,2751,0.7947719688542826,0.8804682686383241,0.8354282373574978,0.776670304531928,759,369,194,1429,0.20465285350781534,0.04109422297481181,0.14505687076059173,0.8608961711741236
clustered,43,100,joint,galileo,clustered_43_100_joint_galileo,2751,0.7509560229445507,0.9679605668515096,0.8457604306864065,0.753040567113698,607,521,52,1571,0.20828789531079608,0.0979187501715673,0.14920063621346125,0.8625826439961022
clustered,44,100,joint,galileo,clustered_44_100_joint_galileo,2751,0.8204057279236276,0.8471965495995071,0.8335859351318582,0.7901762889841507,827,301,248,1375,0.19956379498364232,0.07542484764457259,0.15989057212821142,0.8387887656602999
clustered,45,100,joint,galileo,clustered_45_100_joint_galileo,2751,0.7445565586829528,0.8638324091189156,0.7997718197375927,0.7187069847013017,647,481,221,1402,0.25517993456924754,0.06184810594091596,0.18569809233132686,0.7795333481906809
clustered,46,100,joint,galileo,clustered_46_100_joint_galileo,2751,0.7627482555018786,0.8755391250770179,0.8152610441767069,0.7418475767229061,686,442,202,1421,0.2340966921119593,0.07806272510174202,0.17089902222416192,0.8210885847502436
clustered,47,100,joint,galileo,clustered_47_100_joint_galileo,2751,0.7492537313432835,0.9279112754158965,0.8290668868703551,0.7405513823887993,624,504,117,1506,0.2257360959651036,0.0963700953485794,0.1530316289616323,0.8714233120523678
clustered,48,100,joint,galileo,clustered_48_100_joint_galileo,2751,0.7649006622516556,0.8539741219963032,0.8069868995633188,0.7381572737641091,702,426,237,1386,0.2410032715376227,0.07664388658045511,0.15885616916595383,0.8497359543442446
clustered,49,100,joint,galileo,clustered_49_100_joint_galileo,2751,0.7507583417593529,0.9149722735674677,0.824770896973063,0.7389577679894076,635,493,138,1485,0.22937113776808432,0.06393161618573935,0.16654970395694588,0.8161539789287852
clustered,50,100,joint,galileo,clustered_50_100_joint_galileo,2751,0.765375854214123,0.8280961182994455,0.7955016277005031,0.7314239456745455,716,412,279,1344,0.2511813885859687,0.05091118334101095,0.17597694965406796,0.8078682765039789
clustered,51,100,joint,galileo,clustered_51_100_joint_galileo,2751,0.7373836354728075,0.9272951324707333,0.8215065502183406,0.7260589137530971,592,536,118,1505,0.23773173391494,0.07908727869196538,0.16810716841823714,0.8287201815218295
clustered,52,100,joint,galileo,clustered_52_100_joint_galileo,2751,0.7380720545277507,0.9340727048675292,0.8245852597226,0.7285611751288001,590,538,107,1516,0.23446019629225737,0.08154872406117673,0.17913404781137002,0.7691190029845789
clustered,53,100,joint,galileo,clustered_53_100_joint_galileo,2751,0.6733046286329386,0.7707948243992606,0.718758977305372,0.616337128511687,521,607,372,1251,0.3558705925118139,0.1525594661422396,0.2331338329484716,0.6585631306179346
clustered,54,100,joint,galileo,clustered_54_100_joint_galileo,2751,0.6819541375872383,0.8428835489833642,0.7539267015706806,0.6386403560519658,490,638,255,1368,0.32460923300617955,0.09039676960364622,0.21474679032345254,0.6750651647636151
clustered,55,100,joint,galileo,clustered_55_100_joint_galileo,2751,0.707579185520362,0.7707948243992606,0.7378354467708641,0.6562307455329637,611,517,372,1251,0.3231552162849873,0.09772398139520508,0.21292755399291693,0.703524086382367
clustered,56,100,joint,galileo,clustered_56_100_joint_galileo,2751,0.7546788062721295,0.9192852741836106,0.8288888888888889,0.7446603675882593,643,485,131,1492,0.22391857506361323,0.10133363181449973,0.17790071071162453,0.7809161193481994
clustered,57,100,joint,galileo,clustered_57_100_joint_galileo,2751,0.7425968109339408,0.8034504004929144,0.7718259840189405,0.7013705903173792,676,452,319,1304,0.2802617230098146,0.12641610130123734,0.21359283505628254,0.7034672788767845
clustered,58,100,joint,galileo,clustered_58_100_joint_galileo,2751,0.7195287720888084,0.9784349969192853,0.829242819843342,0.7148380658355291,509,619,35,1588,0.23773173391494,0.14106769435602015,0.1660140882290673,0.85332028945609
clustered,59,100,joint,galileo,clustered_59_100_joint_galileo,2751,0.7742448330683624,0.9001848428835489,0.8324786324786325,0.761262634207732,702,426,162,1461,0.21374045801526717,0.06839317453388216,0.1602771856105545,0.8430468705619135
clustered,60,100,joint,galileo,clustered_60_100_joint_galileo,2751,0.722567287784679,0.860135551447936,0.7853727144866386,0.6924791232416985,592,536,227,1396,0.27735368956743,0.0670632377240844,0.17496217754440258,0.8134288573388743
clustered,61,100,joint,galileo,clustered_61_100_joint_galileo,2751,0.7623762376237624,0.9014171287738756,0.8260869565217391,0.7485809048124696,672,456,160,1463,0.22391857506361323,0.06891587469927697,0.15681612587770838,0.8563327259300044
clustered,62,100,joint,galileo,clustered_62_100_joint_galileo,2751,0.7689287717330342,0.844731977818854,0.805049911920141,0.7397418754342497,716,412,252,1371,0.24136677571792076,0.05296066798017046,0.16697272716682057,0.8248550862381632
clustered,63,100,joint,galileo,clustered_63_100_joint_galileo,2751,0.7730532786885246,0.9297597042513863,0.8441958041958042,0.7685146038987428,685,443,114,1509,0.2024718284260269,0.07579667303592749,0.1579003763765615,0.841971351537954
clustered,64,100,joint,galileo,clustered_64_100_joint_galileo,2751,0.7156094084105489,0.618607516943931,0.6635822868473232,0.632442056344306,729,399,619,1004,0.37004725554343876,0.14511726974799158,0.25574743568209674,0.6267001284723588
clustered,65,100,joint,galileo,clustered_65_100_joint_galileo,2751,0.7457800511508952,0.8983364140480592,0.8149804359977642,0.7288667885843133,631,497,165,1458,0.24063976735732462,0.1289987690429589,0.18687899814458186,0.7549602784441735
clustered,66,100,joint,galileo,clustered_66_100_joint_galileo,2751,0.7796432318992654,0.9155884165126309,0.842164919240578,0.771623995490358,708,420,137,1486,0.2024718284260269,0.05223574396280989,0.14827724945867515,0.8518351009207186
clustered,67,100,joint,galileo,clustered_67_100_joint_galileo,2751,0.7570652173913044,0.8582871226124461,0.8045047646549235,0.7310052634338826,681,447,230,1393,0.2460923300617957,0.05816963462342413,0.16441556822799003,0.8327881997701481
clustered,68,100,joint,galileo,clustered_68_100_joint_galileo,2751,0.7452547452547452,0.9192852741836106,0.8231724137931035,0.7335788073045713,618,510,131,1492,0.23300617957106506,0.08738047292569982,0.16161365310623804,0.8438451798831512
clustered,69,100,joint,galileo,clustered_69_100_joint_galileo,2751,0.763011622031329,0.9303758471965496,0.8384230982787341,0.757297852676289,659,469,113,1510,0.21155943293347873,0.0873523821916492,0.14924935270596504,0.8625676227806837
clustered,70,100,joint,galileo,clustered_70_100_joint_galileo,2751,0.7931844888366627,0.8317929759704251,0.8120300751879699,0.7598681191908863,776,352,273,1350,0.22719011268629588,0.07211230567364699,0.1649844567136054,0.8229828965710115
clustered,71,100,joint,galileo,clustered_71_100_joint_galileo,2751,0.640318302387268,0.7436845348120764,0.6881413911060433,0.5713103525124212,450,678,416,1207,0.3976735732460923,0.1526846154404315,0.24220719225399354,0.630386061623034
clustered,42,100,joint,presto_primary,clustered_42_100_joint_presto_primary,2751,0.796883695047301,0.8823166974738139,0.8374269005847953,0.779367568595063,763,365,191,1432,0.20210832424572883,0.04923550961673464,0.14992877069949356,0.8413975411089698
clustered,43,100,joint,presto_primary,clustered_43_100_joint_presto_primary,2751,0.8154897494305239,0.8823166974738139,0.8475880437999408,0.7975413274603111,804,324,191,1432,0.18720465285350782,0.029973017026997402,0.12831848418419478,0.8941378477821038
clustered,44,100,joint,presto_primary,clustered_44_100_joint_presto_primary,2751,0.8270820089001907,0.8016019716574245,0.814142678347935,0.7802336099421874,856,272,322,1301,0.2159214830970556,0.034752757895291614,0.14513075953504595,0.8672673514155994
clustered,45,100,joint,presto_primary,clustered_45_100_joint_presto_primary,2751,0.7952956134774316,0.7707948243992606,0.7828535669586983,0.7426669157457295,806,322,372,1251,0.252271901126863,0.06618792631882794,0.16976206045065304,0.8221512674628456
clustered,46,100,joint,presto_primary,clustered_46_100_joint_presto_primary,2751,0.8035509736540665,0.8644485520640789,0.8328880973582665,0.7801852689398409,785,343,220,1403,0.20465285350781534,0.05476131951551854,0.15088773326466132,0.8481407012668074
clustered,47,100,joint,presto_primary,clustered_47_100_joint_presto_primary,2751,0.8055384615384615,0.8065311152187308,0.8060344827586207,0.7631946356235497,812,316,314,1309,0.22900763358778625,0.0909822146363404,0.16519932534970977,0.8294428385399597
clustered,48,100,joint,presto_primary,clustered_48_100_joint_presto_primary,2751,0.8348684210526316,0.7818853974121996,0.8075087496022908,0.7796838334578728,877,251,354,1269,0.21992002908033442,0.05115956817966249,0.1606682444681379,0.8364356239867508
clustered,49,100,joint,presto_primary,clustered_49_100_joint_presto_primary,2751,0.7690631808278867,0.8699938385705484,0.8164209309048858,0.7470536568739267,704,424,211,1412,0.23082515448927662,0.07447612280878654,0.17105694475332708,0.8005936384333364
clustered,50,100,joint,presto_primary,clustered_50_100_joint_presto_primary,2751,0.8088714938030006,0.7640172520024646,0.7858048162230672,0.7521327394764097,835,293,383,1240,0.24572882588149764,0.0907811368543455,0.17524218952880466,0.8124210703408012
clustered,51,100,joint,presto_primary,clustered_51_100_joint_presto_primary,2751,0.8315524827152734,0.8151571164510166,0.8232731798382078,0.7887842319843736,860,268,300,1323,0.2064703744093057,0.048388215864924825,0.15489397125490845,0.8479052778542494
clustered,52,100,joint,presto_primary,clustered_52_100_joint_presto_primary,2751,0.7799680340969632,0.9020332717190388,0.8365714285714285,0.7679492599729946,715,413,159,1464,0.207924391130498,0.0630186235891112,0.15660107368957238,0.8214654807007424
clustered,53,100,joint,presto_primary,clustered_53_100_joint_presto_primary,2751,0.7717391304347826,0.7874306839186691,0.7795059469350412,0.7261621504699729,750,378,345,1278,0.2628135223555071,0.052335440168775754,0.17624949465762899,0.8008569193726705
clustered,54,100,joint,presto_primary,clustered_54_100_joint_presto_primary,2751,0.7857142857142857,0.8743068391866913,0.8276465441819773,0.7656108664018563,741,387,204,1419,0.2148309705561614,0.06394973133265358,0.16120323215367713,0.8219248567795387
clustered,55,100,joint,presto_primary,clustered_55_100_joint_presto_primary,2751,0.7950502706883217,0.6333949476278496,0.7050754458161865,0.6992329348068327,863,265,595,1028,0.3126135950563432,0.12206028926417717,0.21709665294747368,0.7495638385268503
clustered,56,100,joint,presto_primary,clustered_56_100_joint_presto_primary,2751,0.7573454913880446,0.9211337030191005,0.831248262440923,0.7482441564740893,649,479,128,1495,0.22064703744093056,0.07430297317636653,0.16657182365575962,0.7950396123106235
clustered,57,100,joint,presto_primary,clustered_57_100_joint_presto_primary,2751,0.7062457103637612,0.634011090573013,0.6681818181818182,0.6272892332297688,700,428,594,1029,0.37150127226463103,0.1964072428163234,0.23548163174869602,0.670709285405278
clustered,58,100,joint,presto_primary,clustered_58_100_joint_presto_primary,2751,0.7519120458891013,0.9691928527418361,0.8468371467025572,0.7545432348815564,609,519,50,1573,0.20683387858960378,0.10917409212756363,0.1601095754780071,0.82996912730562
clustered,59,100,joint,presto_primary,clustered_59_100_joint_presto_primary,2751,0.7569485511531638,0.7886629698089956,0.7724803862401931,0.712150633840668,717,411,343,1280,0.2740821519447474,0.11436211612020798,0.18357618446339818,0.8018455884602108
clustered,60,100,joint,presto_primary,clustered_60_100_joint_presto_primary,2751,0.8217200251098556,0.8065311152187308,0.8140547263681592,0.7773790327866703,844,284,314,1309,0.2173754998182479,0.07946683116485007,0.1688336359214087,0.8176752183811609
clustered,61,100,joint,presto_primary,clustered_61_100_joint_presto_primary,2751,0.7835294117647059,0.8207024029574861,0.8016852241950045,0.7472306341028565,760,368,291,1332,0.23954925481643038,0.09321969245220123,0.1764446278732176,0.7984802899804669
clustered,62,100,joint,presto_primary,clustered_62_100_joint_presto_primary,2751,0.837074583635047,0.7122612446087492,0.7696404793608522,0.7563965797511831,903,225,467,1156,0.2515448927662668,0.06892909431982394,0.1712220644172169,0.8257757501868093
clustered,63,100,joint,presto_primary,clustered_63_100_joint_presto_primary,2751,0.7729281767955801,0.8619839802834257,0.8150305854937373,0.7488111390778831,717,411,224,1399,0.23082515448927662,0.06929186015116154,0.16053859810870816,0.8361229095930397
clustered,64,100,joint,presto_primary,clustered_64_100_joint_presto_primary,2751,0.7244755244755244,0.6383240911891559,0.678676711431379,0.6445166555236559,734,394,587,1036,0.35659760087241005,0.14478911230104394,0.25451372718535104,0.6414157304352766
clustered,65,100,joint,presto_primary,clustered_65_100_joint_presto_primary,2751,0.8077645585472761,0.7948243992606284,0.8012422360248447,0.7613306393466263,821,307,333,1290,0.232642675390767,0.09530039308166194,0.15192474970665193,0.8568811368492808
clustered,66,100,joint,presto_primary,clustered_66_100_joint_presto_primary,2751,0.837413684871312,0.8219346888478127,0.8296019900497512,0.7961623798848994,869,259,289,1334,0.19920029080334423,0.043086150983970145,0.14234189369565176,0.8753583242659815
clustered,67,100,joint,presto_primary,clustered_67_100_joint_presto_primary,2751,0.8028169014084507,0.878003696857671,0.8387286639199529,0.7838600044572043,778,350,198,1425,0.19920029080334423,0.058799032764189824,0.15619252207722809,0.8374772769977671
clustered,68,100,joint,presto_primary,clustered_68_100_joint_presto_primary,2751,0.7792207792207793,0.7763401109057301,0.7777777777777778,0.7299253746018012,771,357,363,1260,0.2617230098146129,0.10113165272702714,0.18371859947655125,0.7976475684202706
clustered,69,100,joint,presto_primary,clustered_69_100_joint_presto_primary,2751,0.8042725173210161,0.8582871226124461,0.8304023845007451,0.7788776038594145,789,339,230,1393,0.20683387858960378,0.0653585685322279,0.14835644551544136,0.8642794951123696
clustered,70,100,joint,presto_primary,clustered_70_100_joint_presto_primary,2751,0.8267614738202973,0.7880468268638324,0.8069400630914827,0.7752290871907814,860,268,344,1279,0.22246455834242093,0.054798239506105684,0.16359886008197944,0.8319893442228952
clustered,71,100,joint,presto_primary,clustered_71_100_joint_presto_primary,2751,0.7394023627519111,0.6555760936537277,0.6949706074461136,0.6615646425715447,753,375,559,1064,0.3395129043984006,0.1227662889514088,0.22707386638166738,0.706440660190611
clustered,42,100,joint,temporal_reconstructed,clustered_42_100_joint_temporal_reconstructed,2751,0.8018237082066869,0.8126925446703636,0.8072215422276622,0.761842726235891,802,326,304,1319,0.22900763358778625,0.12572768693254824,0.18160759860734357,0.7857682450413602
clustered,43,100,joint,temporal_reconstructed,clustered_43_100_joint_temporal_reconstructed,2751,0.8135398737808376,0.8736906962415281,0.8425430778371955,0.7927850644328207,803,325,205,1418,0.1926572155579789,0.05695820394133205,0.14336318541923965,0.8690313883317384
clustered,44,100,joint,temporal_reconstructed,clustered_44_100_joint_temporal_reconstructed,2751,0.8161898965307365,0.8262476894639557,0.8211879975505205,0.7792585965050275,826,302,282,1341,0.2122864412940749,0.038868590061228815,0.15311382038934818,0.8504982127484781
clustered,45,100,joint,temporal_reconstructed,clustered_45_100_joint_temporal_reconstructed,2751,0.798951048951049,0.844731977818854,0.821203953279425,0.7694404569945335,783,345,252,1371,0.21701199563794984,0.05976294806156138,0.16753447451891462,0.8174826737107974
clustered,46,100,joint,temporal_reconstructed,clustered_46_100_joint_temporal_reconstructed,2751,0.7960227272727273,0.8632162661737524,0.8282589417676618,0.7724769274131174,769,359,222,1401,0.21119592875318066,0.05391793564078227,0.161740331944504,0.8255588984587687
clustered,47,100,joint,temporal_reconstructed,clustered_47_100_joint_temporal_reconstructed,2751,0.8187211601845749,0.7652495378927912,0.7910828025477707,0.7607276058258282,853,275,381,1242,0.23845874227553618,0.06578865372828528,0.17089910963974003,0.8205292493106627
clustered,48,100,joint,temporal_reconstructed,clustered_48_100_joint_temporal_reconstructed,2751,0.8291586384071933,0.7954405422057917,0.8119496855345912,0.7798124696844562,862,266,332,1291,0.2173754998182479,0.04112315061314961,0.15114153620367873,0.853142766001145
clustered,49,100,joint,temporal_reconstructed,clustered_49_100_joint_temporal_reconstructed,2751,0.7753145596165368,0.7972889710412816,0.7861482381530984,0.7324210812653216,753,375,329,1294,0.2559069429298437,0.04218084810456111,0.171684830523766,0.8120982507658089
clustered,50,100,joint,temporal_reconstructed,clustered_50_100_joint_temporal_reconstructed,2751,0.8159357628165534,0.8139248305606901,0.8149290561381863,0.7748702166987848,830,298,302,1321,0.21810250817884405,0.10772247531214327,0.1759429385366198,0.8093482758922056
clustered,51,100,joint,temporal_reconstructed,clustered_51_100_joint_temporal_reconstructed,2751,0.8029154518950438,0.8484288354898336,0.8250449370880767,0.7743917227094559,790,338,246,1377,0.2122864412940749,0.077533648470245,0.16521403739576607,0.8302444252172887
clustered,52,100,joint,temporal_reconstructed,clustered_52_100_joint_temporal_reconstructed,2751,0.7774122807017544,0.8736906962415281,0.8227444154337105,0.7568808091136718,722,406,205,1418,0.22210105416212286,0.046100485816384505,0.16153992684418955,0.8153461106522812
clustered,53,100,joint,temporal_reconstructed,clustered_53_100_joint_temporal_reconstructed,2751,0.7866339668914776,0.7905113986444855,0.7885679164105716,0.7410003801733066,780,348,340,1283,0.2500908760450745,0.053406256363250644,0.17352631477590044,0.8088288149517355
clustered,54,100,joint,temporal_reconstructed,clustered_54_100_joint_temporal_reconstructed,2751,0.7756906077348066,0.8650646950092421,0.8179434896591902,0.7525678084975289,722,406,219,1404,0.22719011268629588,0.04895682755263397,0.1674472572203557,0.8234299825644656
clustered,55,100,joint,temporal_reconstructed,clustered_55_100_joint_temporal_reconstructed,2751,0.7458279845956355,0.7159581022797289,0.730587865451116,0.6824471362462474,732,396,461,1162,0.3115230825154489,0.047879758795099724,0.19613909505635546,0.7588311091009993
clustered,56,100,joint,temporal_reconstructed,clustered_56_100_joint_temporal_reconstructed,2751,0.751345532831001,0.860135551447936,0.8020683711577133,0.7252805416814148,666,462,227,1396,0.2504543802253726,0.06719022974147447,0.18703903649223463,0.7754535860830352
clustered,57,100,joint,temporal_reconstructed,clustered_57_100_joint_temporal_reconstructed,2751,0.7326943556975506,0.8478126925446704,0.786061125392745,0.7013886157758813,626,502,247,1376,0.272264631043257,0.08294834422694343,0.20170958015806825,0.7279412086015303
clustered,58,100,joint,temporal_reconstructed,clustered_58_100_joint_temporal_reconstructed,2751,0.7518142235123367,0.9574861367837338,0.8422764227642277,0.7513494513705903,615,513,69,1554,0.21155943293347873,0.06516707615508528,0.15878259058720898,0.8161105539605755
clustered,59,100,joint,temporal_reconstructed,clustered_59_100_joint_temporal_reconstructed,2751,0.7839107457428068,0.822550831792976,0.8027660853878533,0.7481548485206014,760,368,288,1335,0.23845874227553618,0.08193929522782416,0.17858669890134626,0.8033206718143007
clustered,60,100,joint,temporal_reconstructed,clustered_60_100_joint_temporal_reconstructed,2751,0.819620253164557,0.7979051139864448,0.8086169216359663,0.7726227697591799,843,285,328,1295,0.222828062522719,0.052253489306638444,0.16149412790806297,0.8346524691600792
clustered,61,100,joint,temporal_reconstructed,clustered_61_100_joint_temporal_reconstructed,2751,0.7643277986073915,0.8792359827479975,0.8177650429799427,0.7445825303810909,688,440,196,1427,0.2311886586695747,0.0839110864439597,0.17684631961911865,0.8053753009705343
clustered,62,100,joint,temporal_reconstructed,clustered_62_100_joint_temporal_reconstructed,2751,0.8812175204157386,0.7313616759088108,0.7993265993265993,0.7947588521388026,968,160,436,1187,0.21664849145765178,0.08762206907259916,0.15904263230103532,0.8602688305956485
clustered,63,100,joint,temporal_reconstructed,clustered_63_100_joint_temporal_reconstructed,2751,0.7482885729331227,0.8755391250770179,0.8069278818852924,0.7258901299143955,650,478,202,1421,0.24718284260268994,0.05354662910160908,0.17698982199815474,0.8057806006738244
clustered,64,100,joint,temporal_reconstructed,clustered_64_100_joint_temporal_reconstructed,2751,0.7320830542531815,0.6734442390634627,0.7015404364569962,0.6594171549927244,728,400,530,1093,0.33805888767720826,0.07904000754297509,0.2142695468842671,0.7084016115852354
clustered,65,100,joint,temporal_reconstructed,clustered_65_100_joint_temporal_reconstructed,2751,0.8157232704402516,0.7991373998767715,0.8073451602863367,0.769692813413563,835,293,326,1297,0.22500908760450744,0.14620020695965907,0.168995526161823,0.8414704622820012
clustered,66,100,joint,temporal_reconstructed,clustered_66_100_joint_temporal_reconstructed,2751,0.8185654008438819,0.8367221195317314,0.8275441803778184,0.7849390739502629,827,301,265,1358,0.20574336604870955,0.03912130220570463,0.1457780499631272,0.8667902229913085
clustered,67,100,joint,temporal_reconstructed,clustered_67_100_joint_temporal_reconstructed,2751,0.7643805309734514,0.85150955021565,0.8055960361410668,0.7369249878737825,702,426,241,1382,0.242457288258815,0.11137440614345272,0.18716202807636734,0.7865348732537154
clustered,68,100,joint,temporal_reconstructed,clustered_68_100_joint_temporal_reconstructed,2751,0.8145612943372744,0.8065311152187308,0.8105263157894737,0.7711733590278051,830,298,314,1309,0.22246455834242093,0.09202362680039722,0.17403841407234832,0.8100387055754381
clustered,69,100,joint,temporal_reconstructed,clustered_69_100_joint_temporal_reconstructed,2751,0.7847183491355271,0.866913123844732,0.8237704918032787,0.7623572711422242,742,386,216,1407,0.21882951653944022,0.0450817796648564,0.15284350670281965,0.8492637419540909
clustered,70,100,joint,temporal_reconstructed,clustered_70_100_joint_temporal_reconstructed,2751,0.8241143567433188,0.8170055452865065,0.8205445544554455,0.7830595102319058,845,283,297,1326,0.2108324245728826,0.04733040941650959,0.15842652884885838,0.8362512727066155
clustered,71,100,joint,temporal_reconstructed,clustered_71_100_joint_temporal_reconstructed,2751,0.6932314410480349,0.7825015403573629,0.7351664254703328,0.6421372950013764,566,562,353,1270,0.3326063249727372,0.07353612984351948,0.2082484098650471,0.7293469212516879
clustered,42,200,joint,alphaearth,clustered_42_200_joint_alphaearth,2751,0.7657142857142857,0.9907578558225508,0.8638195004029009,0.7772938215282967,636,492,15,1608,0.18429661941112324,0.13598197336274404,0.13844898521623897,0.906977709608771
clustered,43,200,joint,alphaearth,clustered_43_200_joint_alphaearth,2751,0.8043143297380585,0.9648798521256932,0.8773109243697479,0.8135569473394424,747,381,57,1566,0.15921483097055616,0.05668494015913133,0.11868720353279802,0.8935815165856067
clustered,44,200,joint,alphaearth,clustered_44_200_joint_alphaearth,2751,0.9071877180739707,0.8009858287122612,0.8507853403141361,0.8415390136469107,995,133,323,1300,0.16575790621592149,0.087163208387127,0.134043983284884,0.8791909191017423
clustered,45,200,joint,alphaearth,clustered_45_200_joint_alphaearth,2751,0.9196927374301676,0.8114602587800369,0.8621931260229132,0.8547549520850539,1013,115,306,1317,0.1530352599054889,0.0549039789760437,0.11841755862157752,0.9025745817001176
clustered,46,200,joint,alphaearth,clustered_46_200_joint_alphaearth,2751,0.8765182186234818,0.800369685767098,0.8367149758454107,0.8190678216069532,945,183,324,1299,0.18429661941112324,0.06540198838481276,0.13138056256871947,0.8811144540143242
clustered,47,200,joint,alphaearth,clustered_47_200_joint_alphaearth,2751,0.7868131868131868,0.8823166974738139,0.8318327040371769,0.7691725331340701,740,388,191,1432,0.21046892039258452,0.09369509858586561,0.15407627943087443,0.8655456470156395
clustered,48,200,joint,alphaearth,clustered_48_200_joint_alphaearth,2751,0.8491271820448878,0.8391866913123844,0.8441276727610784,0.8123238421100929,886,242,261,1362,0.18284260268993094,0.07593843217716356,0.13247120454012046,0.8801683905559706
clustered,49,200,joint,alphaearth,clustered_49_200_joint_alphaearth,2751,0.7773904382470119,0.9617991373998768,0.8598182318920408,0.7827612708275979,681,447,62,1561,0.18502362777171938,0.07986781753593823,0.1207704673305547,0.9206765118443649
clustered,50,200,joint,alphaearth,clustered_50_200_joint_alphaearth,2751,0.8084138715179079,0.8761552680221811,0.8409225310467179,0.7886982013869771,791,337,201,1422,0.1955652490003635,0.08116226547124401,0.15237358831381304,0.8603141673549115
clustered,51,200,joint,alphaearth,clustered_51_200_joint_alphaearth,2751,0.8005479452054794,0.9001848428835489,0.8474477958236659,0.788744903711278,764,364,162,1461,0.19120319883678663,0.07378538578429528,0.13872669248638594,0.8881883540243749
clustered,52,200,joint,alphaearth,clustered_52_200_joint_alphaearth,2751,0.7682252388134742,0.9414664202094886,0.8460686600221484,0.7663892384735387,667,461,95,1528,0.20210832424572883,0.07659965641208827,0.13020437111664218,0.8997320215169352
clustered,53,200,joint,alphaearth,clustered_53_200_joint_alphaearth,2751,0.8808193668528864,0.8743068391866913,0.8775510204081632,0.8520470366146222,936,192,204,1419,0.14394765539803708,0.0908705470351236,0.12372430026515213,0.9035080819601212
clustered,54,200,joint,alphaearth,clustered_54_200_joint_alphaearth,2751,0.7877833753148614,0.7707948243992606,0.7791965119900343,0.7360179795755168,791,337,372,1251,0.25772446383133407,0.059344754344299956,0.15811603481269565,0.8400112194823526
clustered,55,200,joint,alphaearth,clustered_55_200_joint_alphaearth,2751,0.8941548183254344,0.6974738139248305,0.7836621668397369,0.7893397438418479,994,134,491,1132,0.22719011268629588,0.14103237357308607,0.15122646152955085,0.8975457518910344
clustered,56,200,joint,alphaearth,clustered_56_200_joint_alphaearth,2751,0.7585760517799353,0.7221195317313617,0.73989898989899,0.6957228864330567,755,373,451,1172,0.2995274445656125,0.0682636426170596,0.18580612992912568,0.7838111172288424
clustered,57,200,joint,alphaearth,clustered_57_200_joint_alphaearth,2751,0.788895668090299,0.7966728280961183,0.7927651747394237,0.744967619721818,782,346,330,1293,0.24572882588149764,0.08004129015497605,0.16656440107539258,0.8345082654920623
clustered,58,200,joint,alphaearth,clustered_58_200_joint_alphaearth,2751,0.833125,0.8213185459026494,0.8271796462922743,0.7923082091215374,861,267,290,1333,0.2024718284260269,0.06078605953533259,0.13195436885824122,0.8958737540584593
clustered,59,200,joint,alphaearth,clustered_59_200_joint_alphaearth,2751,0.7759249609171444,0.9174368453481208,0.8407679277244494,0.7681155857946278,698,430,134,1489,0.2050163576881134,0.09319640233811634,0.14609599157096598,0.8805319039690966
clustered,60,200,joint,alphaearth,clustered_60_200_joint_alphaearth,2751,0.797478329393223,0.6235366605052373,0.6998616874135546,0.6978498905363066,871,257,611,1012,0.3155216284987277,0.11168122547175618,0.19673180320671396,0.7748789563150282
clustered,61,200,joint,alphaearth,clustered_61_200_joint_alphaearth,2751,0.8422408242112042,0.8059149722735675,0.8236775818639799,0.7943581953566419,883,245,315,1308,0.2035623409669211,0.06255601018647879,0.13788080319027862,0.8842435097424872
clustered,62,200,joint,alphaearth,clustered_62_200_joint_alphaearth,2751,0.918133129303749,0.7393715341959335,0.8191126279863481,0.8222566890837824,1021,107,423,1200,0.1926572155579789,0.10086178987887455,0.13449015569459524,0.9074190602290654
clustered,63,200,joint,alphaearth,clustered_63_200_joint_alphaearth,2751,0.8531232414181205,0.9340727048675292,0.8917647058823529,0.8513448630720625,867,261,107,1516,0.13376953834969102,0.08159081601248083,0.11643624327967868,0.9187510651407298
clustered,64,200,joint,alphaearth,clustered_64_200_joint_alphaearth,2751,0.7105105105105105,0.7288971041281578,0.7195863746958637,0.6507960697945754,646,482,440,1183,0.3351508542348237,0.06625786288188196,0.21169753304410824,0.7193310479236856
clustered,65,200,joint,alphaearth,clustered_65_200_joint_alphaearth,2751,0.8619612742036228,0.8502772643253235,0.8560794044665012,0.8271776392548603,907,221,243,1380,0.16866593965830606,0.08166542848685704,0.1292732482474997,0.8984746092299086
clustered,66,200,joint,alphaearth,clustered_66_200_joint_alphaearth,2751,0.8795336787564767,0.8367221195317314,0.8575939374802652,0.8359142512552273,942,186,265,1358,0.16394038531443111,0.04790560660444343,0.11910061911460525,0.9126734813824325
clustered,67,200,joint,alphaearth,clustered_67_200_joint_alphaearth,2751,0.8674911660777385,0.9075785582255084,0.8870822041553749,0.8540552365595626,903,225,150,1473,0.13631406761177753,0.07451962505970142,0.10619259959776375,0.9256903204380296
clustered,68,200,joint,alphaearth,clustered_68_200_joint_alphaearth,2751,0.76,0.9716574245224893,0.8528934559221201,0.7650840314101808,630,498,46,1577,0.19774627408215195,0.1264533900877049,0.13767941187214153,0.914488044204979
clustered,69,200,joint,alphaearth,clustered_69_200_joint_alphaearth,2751,0.7984084880636605,0.9272951324707333,0.8580387685290763,0.79520784992331,748,380,118,1505,0.18102508178844057,0.056099056812433754,0.1155749962568355,0.9177705894434176
clustered,70,200,joint,alphaearth,clustered_70_200_joint_alphaearth,2751,0.8702023726448012,0.7683302526186075,0.8160994764397905,0.8017183177986655,942,186,376,1247,0.20428934932751727,0.09859000354710476,0.14781039238194854,0.871818779687384
clustered,71,200,joint,alphaearth,clustered_71_200_joint_alphaearth,2751,0.8116279069767441,0.860135551447936,0.8351779838468442,0.7864507544473722,804,324,227,1396,0.20029080334423846,0.0777057711665127,0.1437123370924023,0.874749828485031
clustered,42,200,joint,galileo,clustered_42_200_joint_galileo,2751,0.7317186772240335,0.9679605668515096,0.83342175066313,0.7286611344895846,552,576,52,1571,0.22828062522719011,0.1220010010218116,0.16630605062172502,0.8324765778284676
clustered,43,200,joint,galileo,clustered_43_200_joint_galileo,2751,0.7617416829745597,0.9593345656192237,0.8491955276793018,0.7637984884833707,641,487,66,1557,0.2010178117048346,0.0795721467937935,0.15359264686300914,0.8184489475317138
clustered,44,200,joint,galileo,clustered_44_200_joint_galileo,2751,0.7724687144482366,0.8367221195317314,0.8033126293995859,0.7410560952268586,728,400,265,1358,0.24173027989821882,0.057097453379789186,0.17022302906866224,0.8112267471585323
clustered,45,200,joint,galileo,clustered_45_200_joint_galileo,2751,0.8409090909090909,0.8434996919285275,0.8422023992617657,0.8069448814252567,869,259,254,1369,0.18647764449291168,0.06625991410006314,0.14010099292312883,0.8741937704015416
clustered,46,200,joint,galileo,clustered_46_200_joint_galileo,2751,0.816364772017489,0.8052988293284042,0.8107940446650124,0.772330265728032,834,294,316,1307,0.2217375499818248,0.04771916839773982,0.1558436862298441,0.8475952945906146
clustered,47,200,joint,galileo,clustered_47_200_joint_galileo,2751,0.7617538298996303,0.8884781269254467,0.820250284414107,0.7443277159449928,677,451,181,1442,0.22973464194838242,0.06329845545894254,0.1644347060251415,0.837182041836543
clustered,48,200,joint,galileo,clustered_48_200_joint_galileo,2751,0.7598702001081665,0.8656808379544054,0.809331797235023,0.7360319083389049,684,444,218,1405,0.24063976735732462,0.055674072255678976,0.1622304080576466,0.8314851776108512
clustered,49,200,joint,galileo,clustered_49_200_joint_galileo,2751,0.763254593175853,0.895871842267406,0.8242630385487528,0.7480245736159725,677,451,169,1454,0.22537259178480554,0.05142377973212221,0.16230172755645714,0.8238055129499263
clustered,50,200,joint,galileo,clustered_50_200_joint_galileo,2751,0.7540554683411826,0.8878619839802834,0.8155065082059989,0.7355976586568084,658,470,182,1441,0.23700472555434388,0.03637682087491248,0.1684390492868485,0.8164432056038418
clustered,51,200,joint,galileo,clustered_51_200_joint_galileo,2751,0.7629785002621919,0.8964879852125693,0.8243626062322946,0.7478893826772066,676,452,168,1455,0.22537259178480554,0.04882740924039543,0.1572745310703659,0.8496709534484341
clustered,52,200,joint,galileo,clustered_52_200_joint_galileo,2751,0.7466085271317829,0.9494762784966112,0.8359099538920531,0.7429118981135538,605,523,82,1541,0.21992002908033442,0.07364517415417093,0.16517814661318125,0.8041372797070481
clustered,53,200,joint,galileo,clustered_53_200_joint_galileo,2751,0.740317775571003,0.9186691312384473,0.8199065163596371,0.7275083244844719,605,523,132,1491,0.23809523809523808,0.053668913521149074,0.1696380617345846,0.7951321976202025
clustered,54,200,joint,galileo,clustered_54_200_joint_galileo,2751,0.709211986681465,0.7874306839186691,0.7462773722627737,0.6614458384132353,604,524,345,1278,0.3158851326790258,0.09769725491399431,0.2012956714735434,0.730500823708831
clustered,55,200,joint,galileo,clustered_55_200_joint_galileo,2751,0.7723770005927683,0.8028342575477511,0.7873111782477341,0.7312043628164286,744,384,320,1303,0.2559069429298437,0.046384188250055226,0.16758968766198798,0.8182195326053232
clustered,56,200,joint,galileo,clustered_56_200_joint_galileo,2751,0.7561675272518646,0.8120764017252002,0.7831253713606655,0.7176516760399051,703,425,305,1318,0.2653580516175936,0.07698712750757461,0.18558601824866677,0.7795084949069886
clustered,57,200,joint,galileo,clustered_57_200_joint_galileo,2751,0.7501357957631722,0.8508934072704868,0.7973441108545035,0.7215459944153853,668,460,242,1381,0.25517993456924754,0.04850457843178669,0.17809661984340106,0.8036809078713354
clustered,58,200,joint,galileo,clustered_58_200_joint_galileo,2751,0.7970845481049562,0.8422674060382008,0.8190533253445177,0.7668783838701643,780,348,256,1367,0.21955652490003635,0.044190859801910336,0.15580617065639926,0.8438074902881014
clustered,59,200,joint,galileo,clustered_59_200_joint_galileo,2751,0.7602918186555497,0.8989525569932224,0.823828345567476,0.7455755692767531,668,460,164,1459,0.2268266085059978,0.0582920089052405,0.16952362889608505,0.824454156342995
clustered,60,200,joint,galileo,clustered_60_200_joint_galileo,2751,0.6970802919708029,0.7060998151571165,0.7015610651974288,0.6323052267274945,630,498,477,1146,0.3544165757906216,0.14222235025297547,0.2334482244243962,0.676124570120126
clustered,61,200,joint,galileo,clustered_61_200_joint_galileo,2751,0.7921545667447307,0.833641404805915,0.8123686580606424,0.7594625463745888,773,355,270,1353,0.22719011268629588,0.05932909932737267,0.159722229181307,0.842456673352473
clustered,62,200,joint,galileo,clustered_62_200_joint_galileo,2751,0.8432355046528275,0.7258163894023414,0.7801324503311259,0.7658337266160643,909,219,445,1178,0.24136677571792076,0.10749089730160251,0.1565517517827719,0.8589565225940929
clustered,63,200,joint,galileo,clustered_63_200_joint_galileo,2751,0.8013029315960912,0.9094269870609981,0.8519480519480519,0.7924794509773075,762,366,147,1476,0.18647764449291168,0.07285993207957951,0.14822588803694814,0.8571752795584746
clustered,64,200,joint,galileo,clustered_64_200_joint_galileo,2751,0.7157232704402515,0.7011706715958103,0.7083722377840025,0.6502307258688271,676,452,485,1138,0.3406034169392948,0.12658497391376342,0.23872880145186623,0.6534116730684356
clustered,65,200,joint,galileo,clustered_65_200_joint_galileo,2751,0.809009009009009,0.8299445471349353,0.8193430656934306,0.774014826758957,810,318,276,1347,0.2159214830970556,0.06240800304613464,0.15725798305974256,0.8423679116250006
clustered,66,200,joint,galileo,clustered_66_200_joint_galileo,2751,0.815576323987539,0.8065311152187308,0.8110285006195787,0.7720598838505002,832,296,314,1309,0.2217375499818248,0.060794750744496306,0.1550279261522869,0.849251724981756
clustered,67,200,joint,galileo,clustered_67_200_joint_galileo,2751,0.7862796833773087,0.9180529882932841,0.847072200113701,0.7795052175508974,723,405,133,1490,0.1955652490003635,0.06164997150620557,0.14528481426790693,0.855009766521152
clustered,68,200,joint,galileo,clustered_68_200_joint_galileo,2751,0.7526028755577591,0.9353049907578558,0.8340659340659341,0.7464645521165165,629,499,105,1518,0.21955652490003635,0.085417025994725,0.1682443088363297,0.8232434463802695
clustered,69,200,joint,galileo,clustered_69_200_joint_galileo,2751,0.7709346299297677,0.8792359827479975,0.8215313759355211,0.7516747289626513,704,424,196,1427,0.22537259178480554,0.04525365130245183,0.14622403414542073,0.8617411828196623
clustered,70,200,joint,galileo,clustered_70_200_joint_galileo,2751,0.8034934497816594,0.7935921133703019,0.7985120892746436,0.7571683971106828,813,315,335,1288,0.23627771719374774,0.05200719671230394,0.1676932064559762,0.8256733328089563
clustered,71,200,joint,galileo,clustered_71_200_joint_galileo,2751,0.7526403557531962,0.8342575477510783,0.7913500876680304,0.7198770008258938,683,445,269,1354,0.2595419847328244,0.05961901944871775,0.17333881769300885,0.8002465118006667
clustered,42,200,joint,presto_primary,clustered_42_200_joint_presto_primary,2751,0.75,0.9685767097966729,0.8453885453078784,0.7520188513522372,604,524,51,1572,0.20901490367139222,0.09554105407295155,0.14886776112610559,0.86305212525618
clustered,43,200,joint,presto_primary,clustered_43_200_joint_presto_primary,2751,0.8,0.9094269870609981,0.8512110726643599,0.791149663743265,759,369,147,1476,0.1875681570338059,0.025064131924728138,0.12756709486148232,0.8901359228816261
clustered,44,200,joint,presto_primary,clustered_44_200_joint_presto_primary,2751,0.819613457408733,0.7054836722119532,0.7582781456953642,0.7410397084464021,876,252,478,1145,0.2653580516175936,0.0837132491550885,0.1697485514624584,0.8344577395856547
clustered,45,200,joint,presto_primary,clustered_45_200_joint_presto_primary,2751,0.886,0.8188539741219963,0.851104707012488,0.8336291147205727,957,171,294,1329,0.16902944383860413,0.05410806905172592,0.13019916016005412,0.8811332988118492
clustered,46,200,joint,presto_primary,clustered_46_200_joint_presto_primary,2751,0.8307692307692308,0.8317929759704251,0.8312807881773399,0.7939993248646452,853,275,273,1350,0.19920029080334423,0.04617373734549306,0.14938698944556786,0.8542707227225653
clustered,47,200,joint,presto_primary,clustered_47_200_joint_presto_primary,2751,0.7675324675324675,0.7282809611829945,0.7473917167246286,0.7054525373290859,770,358,441,1182,0.29043984005816065,0.11133452619448621,0.20287148250829018,0.7687825277592062
clustered,48,200,joint,presto_primary,clustered_48_200_joint_presto_primary,2751,0.813358302122347,0.8028342575477511,0.808062015503876,0.7688816677809678,829,299,320,1303,0.22500908760450744,0.06382175566063243,0.15862028249286877,0.8452954099535489
clustered,49,200,joint,presto_primary,clustered_49_200_joint_presto_primary,2751,0.7801969932607569,0.9272951324707333,0.8474099099099099,0.7757043038240191,704,424,118,1505,0.1970192657215558,0.0703452545441822,0.15124041779552821,0.8289629789855928
clustered,50,200,joint,presto_primary,clustered_50_200_joint_presto_primary,2751,0.7672025723472669,0.7350585335797906,0.7507866582756451,0.7070682738820939,766,362,430,1193,0.28789531079607417,0.09062163326394518,0.18515384262934456,0.7883718313428858
clustered,51,200,joint,presto_primary,clustered_51_200_joint_presto_primary,2751,0.790187217559716,0.7541589648798521,0.7717528373266078,0.7330191987519827,803,325,399,1224,0.26317702653580516,0.09731015030515214,0.17239842268165376,0.8184874564657866
clustered,52,200,joint,presto_primary,clustered_52_200_joint_presto_primary,2751,0.7960893854748603,0.878003696857671,0.8350424846176384,0.7772110682869915,763,365,198,1425,0.20465285350781534,0.0688623513184582,0.1542716264501001,0.8372770851631904
clustered,53,200,joint,presto_primary,clustered_53_200_joint_presto_primary,2751,0.8028673835125448,0.8280961182994455,0.8152866242038217,0.7677714634050419,798,330,279,1344,0.22137404580152673,0.04520966072983523,0.14958629879474708,0.8526806587922725
clustered,54,200,joint,presto_primary,clustered_54_200_joint_presto_primary,2751,0.7805536799459825,0.7122612446087492,0.7448453608247423,0.7120703386164313,803,325,467,1156,0.28789531079607417,0.10751266997404767,0.199926929600098,0.766003876019804
clustered,55,200,joint,presto_primary,clustered_55_200_joint_presto_primary,2751,0.8727272727272727,0.5914972273567468,0.7051046639735585,0.7336918760897209,988,140,663,960,0.291893856779353,0.12276716892838302,0.18768541301231198,0.8199139257045223
clustered,56,200,joint,presto_primary,clustered_56_200_joint_presto_primary,2751,0.7377370830608241,0.6950092421441775,0.7157360406091371,0.6697563941217342,727,401,495,1128,0.3256997455470738,0.08857086960658389,0.20051276280940197,0.757177409839934
clustered,57,200,joint,presto_primary,clustered_57_200_joint_presto_primary,2751,0.757787666878576,0.7344423906346272,0.7459324155193993,0.6983382165939094,747,381,431,1192,0.2951653944020356,0.06596216949979218,0.18861129690694386,0.7897682581507847
clustered,58,200,joint,presto_primary,clustered_58_200_joint_presto_primary,2751,0.8080459770114943,0.8662969808995687,0.8361581920903954,0.7850988450597134,794,334,217,1406,0.20029080334423846,0.04816420562621944,0.14369232802618032,0.8611974148215152
clustered,59,200,joint,presto_primary,clustered_59_200_joint_presto_primary,2751,0.7605118829981719,0.7689463955637708,0.7647058823529411,0.7102710701223109,735,393,375,1248,0.2791712104689204,0.10724957928023929,0.1830774480480257,0.8091707524372604
clustered,60,200,joint,presto_primary,clustered_60_200_joint_presto_primary,2751,0.796923076923077,0.6383240911891559,0.7088607594936709,0.7021407689988333,864,264,587,1036,0.3093420574336605,0.11028228722285426,0.20829363718180519,0.76649411386846
clustered,61,200,joint,presto_primary,clustered_61_200_joint_presto_primary,2751,0.8006456820016142,0.6112138016019717,0.6932215234102026,0.696121085198149,881,247,631,992,0.31915667030170847,0.12433465170006429,0.1964832862828811,0.7985319083389048
clustered,62,200,joint,presto_primary,clustered_62_200_joint_presto_primary,2751,0.8932926829268293,0.7221195317313617,0.7986371379897785,0.7990030282770284,988,140,451,1172,0.2148309705561614,0.10495023209890532,0.1499163953049549,0.8829257394807795
clustered,63,200,joint,presto_primary,clustered_63_200_joint_presto_primary,2751,0.7790397521941146,0.9297597042513863,0.847752808988764,0.7751635400689556,700,428,114,1509,0.1970192657215558,0.08607526494803844,0.13848936046032814,0.8869052691146332
clustered,64,200,joint,presto_primary,clustered_64_200_joint_presto_primary,2751,0.7525286581254215,0.6876155268022182,0.7186091435930457,0.68113045843657,761,367,507,1116,0.3177026535805162,0.09929753931294279,0.20082143117680681,0.767086769094969
clustered,65,200,joint,presto_primary,clustered_65_200_joint_presto_primary,2751,0.8568464730290456,0.7634011090573013,0.8074291300097751,0.7899452353797145,921,207,384,1239,0.2148309705561614,0.0725941320853171,0.15032556437731603,0.8700167800631875
clustered,66,200,joint,presto_primary,clustered_66_200_joint_presto_primary,2751,0.8715159755268524,0.7898952556993223,0.8287007110536523,0.8111710321049803,939,189,341,1282,0.1926572155579789,0.08597148703982581,0.14890891781593607,0.8715041535026198
clustered,67,200,joint,presto_primary,clustered_67_200_joint_presto_primary,2751,0.8055398530243075,0.878003696857671,0.8402122641509434,0.7865195789252895,784,344,198,1425,0.1970192657215558,0.03710846369525032,0.13634659886668699,0.8710267519653212
clustered,68,200,joint,presto_primary,clustered_68_200_joint_presto_primary,2751,0.7704004054738977,0.9365372766481824,0.8453837597330367,0.7674707659836657,675,453,103,1520,0.20210832424572883,0.09393555490647455,0.15731578141892044,0.8328062252286501
clustered,69,200,joint,presto_primary,clustered_69_200_joint_presto_primary,2751,0.8004291845493562,0.9192852741836106,0.8557499283051333,0.7947490200705287,756,372,131,1492,0.18284260268993094,0.04827918689278199,0.13430254046294435,0.8835129324471364
clustered,70,200,joint,presto_primary,clustered_70_200_joint_presto_primary,2751,0.8290056998100064,0.8065311152187308,0.8176139912554653,0.7835847065455356,858,270,314,1309,0.2122864412940749,0.0573164435259128,0.15626585683307312,0.8444372888836451
clustered,71,200,joint,presto_primary,clustered_71_200_joint_presto_primary,2751,0.7702616464582004,0.7436845348120764,0.7567398119122257,0.7122677993209319,768,360,416,1207,0.28207924391130496,0.09614752390533926,0.18651600438359617,0.7897761784280053
clustered,42,200,joint,temporal_reconstructed,clustered_42_200_joint_temporal_reconstructed,2751,0.7418893129770993,0.958102279728897,0.8362463027695617,0.7392461753254415,587,541,68,1555,0.22137404580152673,0.05120787595887563,0.1576408979384368,0.820509585174115
clustered,43,200,joint,temporal_reconstructed,clustered_43_200_joint_temporal_reconstructed,2751,0.8005347593582888,0.922365988909427,0.8571428571428571,0.7958461150220895,755,373,126,1497,0.18138858596873864,0.04987980622377205,0.13238730875669755,0.8802170046713249
clustered,44,200,joint,temporal_reconstructed,clustered_44_200_joint_temporal_reconstructed,2751,0.8337515683814304,0.8188539741219963,0.8262356232514765,0.791962448053906,863,265,294,1329,0.20319883678662304,0.047940672263100455,0.15556778552378916,0.8429597475124868
clustered,45,200,joint,temporal_reconstructed,clustered_45_200_joint_temporal_reconstructed,2751,0.8807277628032345,0.8052988293284042,0.8413260379787576,0.8241919678556915,951,177,316,1307,0.1792075608869502,0.07325280703988445,0.13791909805175676,0.871280473949389
clustered,46,200,joint,temporal_reconstructed,clustered_46_200_joint_temporal_reconstructed,2751,0.8487060384870604,0.7880468268638324,0.8172523961661342,0.7929595836446821,900,228,344,1279,0.207924391130498,0.045547074004763176,0.15121456328524396,0.8513197366753626
clustered,47,200,joint,temporal_reconstructed,clustered_47_200_joint_temporal_reconstructed,2751,0.7739529546758462,0.8311768330252619,0.8015448603683898,0.740943026441709,734,394,274,1349,0.24282079243911306,0.07102072533333893,0.182827231648453,0.7913610532111536
clustered,48,200,joint,temporal_reconstructed,clustered_48_200_joint_temporal_reconstructed,2751,0.8051948051948052,0.8404189772027111,0.822429906542056,0.7739328928566747,798,330,259,1364,0.21410396219556524,0.0334372896715681,0.15300489009612778,0.8490507138081567
clustered,49,200,joint,temporal_reconstructed,clustered_49_200_joint_temporal_reconstructed,2751,0.7587253414264037,0.9242144177449169,0.8333333333333334,0.7506710386596924,651,477,123,1500,0.21810250817884405,0.07522056283243124,0.1654334680432069,0.7942333827121653
clustered,50,200,joint,temporal_reconstructed,clustered_50_200_joint_temporal_reconstructed,2751,0.7803768680961664,0.7399876771410967,0.7596457938013915,0.7201711435350874,790,338,422,1201,0.2762631770265358,0.05582845529337712,0.1812445479201653,0.7954634836984308
clustered,51,200,joint,temporal_reconstructed,clustered_51_200_joint_temporal_reconstructed,2751,0.7955502104630187,0.8151571164510166,0.805234327449787,0.7568693383673523,788,340,300,1323,0.232642675390767,0.08065675504470489,0.17715909875752506,0.8031609007048501
clustered,52,200,joint,temporal_reconstructed,clustered_52_200_joint_temporal_reconstructed,2751,0.791407574901074,0.862600123228589,0.8254716981132075,0.7677362318270604,759,369,223,1400,0.21519447473645947,0.038215769286652594,0.15612831638777452,0.8359568568844141
clustered,53,200,joint,temporal_reconstructed,clustered_53_200_joint_temporal_reconstructed,2751,0.8245177349097698,0.8163894023413432,0.8204334365325078,0.7831947011706716,846,282,298,1325,0.2108324245728826,0.04882651145991752,0.1468927005310176,0.8687642838102979
clustered,54,200,joint,temporal_reconstructed,clustered_54_200_joint_temporal_reconstructed,2751,0.7629987908101572,0.7775723967960567,0.7702166615807141,0.7150273331498014,736,392,361,1262,0.2737186477644493,0.05948903720577652,0.18931871759254768,0.7772157112081208
clustered,55,200,joint,temporal_reconstructed,clustered_55_200_joint_temporal_reconstructed,2751,0.8902053712480252,0.6943930991990142,0.7802007615091727,0.7855830744222021,989,139,496,1127,0.23082515448927662,0.1036020130898357,0.15964713565733057,0.868639471165821
clustered,56,200,joint,temporal_reconstructed,clustered_56_200_joint_temporal_reconstructed,2751,0.7704207920792079,0.767097966728281,0.768755788823711,0.7190986287542114,757,371,378,1245,0.272264631043257,0.07890459095948013,0.18574132331054555,0.7843737300245146
clustered,57,200,joint,temporal_reconstructed,clustered_57_200_joint_temporal_reconstructed,2751,0.7858428314337133,0.807147258163894,0.7963525835866262,0.7453289482308831,771,357,313,1310,0.2435478007997092,0.0777128598510823,0.18612488862291504,0.781953402551094
clustered,58,200,joint,temporal_reconstructed,clustered_58_200_joint_temporal_reconstructed,2751,0.7994169096209912,0.844731977818854,0.8214499700419413,0.769883719405881,784,344,252,1371,0.21664849145765178,0.041794540472384956,0.1576518691628225,0.8344312476239168
clustered,59,200,joint,temporal_reconstructed,clustered_59_200_joint_temporal_reconstructed,2751,0.7802639127940333,0.8379544054220579,0.8080808080808081,0.7492076991649297,745,383,263,1360,0.23482370047255544,0.08057483569179312,0.17935423054517324,0.8035137627106793
clustered,60,200,joint,temporal_reconstructed,clustered_60_200_joint_temporal_reconstructed,2751,0.7668128654970761,0.6463339494762785,0.7014376462721498,0.6817662655182811,809,319,574,1049,0.32460923300617955,0.09545358277002385,0.19877294309793117,0.7680595976280682
clustered,61,200,joint,temporal_reconstructed,clustered_61_200_joint_temporal_reconstructed,2751,0.822538860103627,0.7825015403573629,0.8020208399115882,0.7697968694694616,854,274,353,1270,0.22791712104689205,0.06503774325221078,0.16833127817177956,0.8243924328032757
clustered,62,200,joint,temporal_reconstructed,clustered_62_200_joint_temporal_reconstructed,2751,0.8739770867430442,0.6580406654343808,0.7507908611599297,0.7607579213696727,974,154,555,1068,0.25772446383133407,0.10985573483828663,0.17072488471023106,0.8472143019450016
clustered,63,200,joint,temporal_reconstructed,clustered_63_200_joint_temporal_reconstructed,2751,0.7964347326049454,0.8533579790511399,0.8239143367043427,0.7697640959085487,774,354,238,1385,0.21519447473645947,0.04420968468369418,0.15171474534537407,0.8532236074513968
clustered,64,200,joint,temporal_reconstructed,clustered_64_200_joint_temporal_reconstructed,2751,0.7379084967320262,0.6956253850893407,0.7161433555344117,0.6700644655943158,727,401,494,1129,0.3253362413667757,0.051382083632538024,0.2036827554192385,0.7319917476173621
clustered,65,200,joint,temporal_reconstructed,clustered_65_200_joint_temporal_reconstructed,2751,0.8695364238410596,0.8089956869993838,0.8381742738589212,0.8171751484642309,931,197,310,1313,0.18429661941112324,0.10612910470589497,0.1500645605777135,0.8692930305930266
clustered,66,200,joint,temporal_reconstructed,clustered_66_200_joint_temporal_reconstructed,2751,0.8702445652173914,0.789279112754159,0.8277867528271405,0.8099764358097036,937,191,342,1281,0.19374772809887314,0.10529568044271795,0.15380643799341598,0.874768127056541
clustered,67,200,joint,temporal_reconstructed,clustered_67_200_joint_temporal_reconstructed,2751,0.7868131868131868,0.8823166974738139,0.8318327040371769,0.7691725331340701,740,388,191,1432,0.21046892039258452,0.05068128989566647,0.14936542312723305,0.8524012641854897
clustered,68,200,joint,temporal_reconstructed,clustered_68_200_joint_temporal_reconstructed,2751,0.7918069584736251,0.8693776956253851,0.8287812041116006,0.7702384932027635,757,371,212,1411,0.2119229371137768,0.057211331649354165,0.15764937265652887,0.8360611860533204
clustered,69,200,joint,temporal_reconstructed,clustered_69_200_joint_temporal_reconstructed,2751,0.7998866213151927,0.8693776956253851,0.8331857100679066,0.7782172166070188,775,353,212,1411,0.20537986186841148,0.027123995795660615,0.1433812273113763,0.8662874219443024
clustered,70,200,joint,temporal_reconstructed,clustered_70_200_joint_temporal_reconstructed,2751,0.8060531192093885,0.8040665434380776,0.8050586057988895,0.7628488745559182,814,314,318,1305,0.22973464194838242,0.07729012194706487,0.1725130562725231,0.8075831465240361
clustered,71,200,joint,temporal_reconstructed,clustered_71_200_joint_temporal_reconstructed,2751,0.7665525114155252,0.8274799753542822,0.7958518518518518,0.7324456614360064,719,409,280,1343,0.2504543802253726,0.06189813682352759,0.175076001638313,0.8082913285527632
clustered,42,500,joint,alphaearth,clustered_42_500_joint_alphaearth,2751,0.8946031746031746,0.8681454097350585,0.8811757348342715,0.8604911445838412,962,166,214,1409,0.1381315885132679,0.037533990919214395,0.09967822514811071,0.9313451252605498
clustered,43,500,joint,alphaearth,clustered_43_500_joint_alphaearth,2751,0.9151724137931034,0.8176216882316697,0.8636511552229093,0.8542895675200901,1005,123,296,1327,0.15230825154489278,0.0626918978170341,0.11096766061017234,0.9257900066858065
clustered,44,500,joint,alphaearth,clustered_44_500_joint_alphaearth,2751,0.8929702343255225,0.8687615526802218,0.8806995627732667,0.8594694288223804,959,169,213,1410,0.13885859687386404,0.03459550303016316,0.09927046673782136,0.9330283207264368
clustered,45,500,joint,alphaearth,clustered_45_500_joint_alphaearth,2751,0.898936170212766,0.8330252618607517,0.8647265749920051,0.8491367444055531,976,152,271,1352,0.15376226826608505,0.06942350496885213,0.11503996839601598,0.9186915265050711
clustered,46,500,joint,alphaearth,clustered_46_500_joint_alphaearth,2751,0.846944603083952,0.9137399876771412,0.8790752815649081,0.8380756675974359,860,268,140,1483,0.14830970556161396,0.07235479306226307,0.11377042339301724,0.9155906014166918
clustered,47,500,joint,alphaearth,clustered_47_500_joint_alphaearth,2751,0.8181293302540416,0.8730745532963647,0.844709388971684,0.7969096170737142,813,315,206,1417,0.18938567793529626,0.046078758277413305,0.1213278385816596,0.9085598532618432
clustered,48,500,joint,alphaearth,clustered_48_500_joint_alphaearth,2751,0.900131406044678,0.8441158348736907,0.8712241653418124,0.8546820309120227,976,152,253,1370,0.14721919302071973,0.05414123864005724,0.11623881402301729,0.9120062663048465
clustered,49,500,joint,alphaearth,clustered_49_500_joint_alphaearth,2751,0.9188998589562765,0.8028342575477511,0.8569549490299244,0.850441951468911,1013,115,320,1303,0.15812431842966193,0.04905511944670429,0.11816787027050682,0.9136386627513187
clustered,50,500,joint,alphaearth,clustered_50_500_joint_alphaearth,2751,0.8085345311622684,0.8872458410351202,0.8460634547591069,0.7924704382480565,787,341,183,1440,0.19047619047619047,0.04468450674021382,0.12480462865418515,0.9042730714944307
clustered,51,500,joint,alphaearth,clustered_51_500_joint_alphaearth,2751,0.9099162011173184,0.8028342575477511,0.8530278232405892,0.8442362777100457,999,129,320,1303,0.16321337695383498,0.11756616326845334,0.1366518157412665,0.8796418286773029
clustered,52,500,joint,alphaearth,clustered_52_500_joint_alphaearth,2751,0.7713276123170116,0.9414664202094886,0.8479467258601554,0.7699353377643188,675,453,95,1528,0.19920029080334423,0.0742457648440927,0.1398957962520485,0.8876697124229276
clustered,53,500,joint,alphaearth,clustered_53_500_joint_alphaearth,2751,0.9065420560747663,0.8367221195317314,0.8702338993912208,0.8563043221772132,988,140,265,1358,0.14721919302071973,0.06919203069975513,0.1095322050146309,0.9252795584745875
clustered,54,500,joint,alphaearth,clustered_54_500_joint_alphaearth,2751,0.8909321496512366,0.8656808379544054,0.878125,0.8565992842254296,956,172,218,1405,0.14176663031624864,0.060734553520176954,0.11104588469533115,0.9224965369270637
clustered,55,500,joint,alphaearth,clustered_55_500_joint_alphaearth,2751,0.8357963875205254,0.9408502772643254,0.8852173913043478,0.8374464152279073,828,300,96,1527,0.14394765539803708,0.05341571751686254,0.10565788514193493,0.9244058699632499
clustered,56,500,joint,alphaearth,clustered_56_500_joint_alphaearth,2751,0.9057350032959789,0.8465804066543438,0.8751592356687898,0.8599036785044769,985,143,249,1374,0.14249363867684478,0.05532911937746544,0.1075036692982063,0.924378558662489
clustered,57,500,joint,alphaearth,clustered_57_500_joint_alphaearth,2751,0.8952254641909815,0.8317929759704251,0.8623442989460236,0.8458610269923048,970,158,273,1350,0.15667030170846966,0.06528382879355253,0.12218709469107243,0.9083675817044872
clustered,58,500,joint,alphaearth,clustered_58_500_joint_alphaearth,2751,0.8463302752293578,0.9094269870609981,0.8767448767448768,0.8359191672893643,860,268,147,1476,0.15085423482370047,0.041919076083925234,0.10951180883644639,0.9217419256870432
clustered,59,500,joint,alphaearth,clustered_59_500_joint_alphaearth,2751,0.8332413031474324,0.9297597042513863,0.8788584740827023,0.8310146038987428,826,302,114,1509,0.15121773900399854,0.04374723896806779,0.10751895730263836,0.9226462028552327
clustered,60,500,joint,alphaearth,clustered_60_500_joint_alphaearth,2751,0.8986615678776291,0.5791743684534812,0.704383664293743,0.7426013686239037,1022,106,683,940,0.28680479825517996,0.13756358757294782,0.1876138470703458,0.8273947640959087
clustered,61,500,joint,alphaearth,clustered_61_500_joint_alphaearth,2751,0.8880597014925373,0.8798521256931608,0.8839368616527391,0.8601388288040273,948,180,195,1428,0.13631406761177753,0.06957317012187966,0.11161539428151372,0.9191954200041077
clustered,62,500,joint,alphaearth,clustered_62_500_joint_alphaearth,2751,0.834088335220838,0.9075785582255084,0.8692829743287105,0.8239133925879315,835,293,150,1473,0.16103235187204654,0.05448265159252069,0.11804087794243641,0.8964090555533708
clustered,63,500,joint,alphaearth,clustered_63_500_joint_alphaearth,2751,0.8659286592865929,0.8675292667898953,0.8667282240689443,0.8371334277211888,910,218,215,1408,0.1573973100690658,0.04598966736307698,0.1099779728708977,0.9173226841109408
clustered,64,500,joint,alphaearth,clustered_64_500_joint_alphaearth,2751,0.8316831683168316,0.8798521256931608,0.8550898203592814,0.8118232259671478,839,289,195,1428,0.17593602326426755,0.041918857308261136,0.1291446716525391,0.8891054675039219
clustered,65,500,joint,alphaearth,clustered_65_500_joint_alphaearth,2751,0.8847087378640777,0.8983364140480592,0.8914704983185571,0.8649483488680012,938,190,165,1458,0.12904398400581607,0.1066181917057053,0.11093487632999033,0.9245732882369134
clustered,66,500,joint,alphaearth,clustered_66_500_joint_alphaearth,2751,0.9017038007863696,0.8478126925446704,0.873928231184503,0.8574169845702075,978,150,247,1376,0.14431115957833515,0.04279459732076962,0.10624481884402234,0.9254655484327683
clustered,67,500,joint,alphaearth,clustered_67_500_joint_alphaearth,2751,0.8047255038220987,0.7134935304990758,0.7563683866753755,0.7321900276608855,847,281,465,1158,0.2711741185023628,0.09097622269150805,0.1628387276627631,0.8347043606315246
clustered,68,500,joint,alphaearth,clustered_68_500_joint_alphaearth,2751,0.7913907284768212,0.8835489833641405,0.8349344978165939,0.7742213001927085,750,378,189,1434,0.20610687022900764,0.06362722790558123,0.1299018184864496,0.9018489204389035
clustered,69,500,joint,alphaearth,clustered_69_500_joint_alphaearth,2751,0.9149363697253852,0.8416512630930376,0.8767650834403081,0.864531305305384,1001,127,257,1366,0.1395856052344602,0.06237385548199799,0.10402233945567023,0.9342925608386535
clustered,70,500,joint,alphaearth,clustered_70_500_joint_alphaearth,2751,0.8529993408042189,0.7972889710412816,0.824203821656051,0.7997969677901444,905,223,329,1294,0.20065430752453653,0.10653597388784598,0.14745823173930284,0.8791016111482544
clustered,71,500,joint,alphaearth,clustered_71_500_joint_alphaearth,2751,0.9007377598926894,0.8274799753542822,0.8625561978163134,0.8481371507977085,980,148,280,1343,0.15557978916757542,0.04576690775264022,0.11743034779719491,0.9102602548472097
clustered,42,500,joint,galileo,clustered_42_500_joint_galileo,2751,0.8102108768035516,0.8995686999383857,0.8525547445255475,0.7981886052883418,786,342,163,1460,0.18356961105052708,0.05117860556719152,0.132754747550865,0.8816057843150108
clustered,43,500,joint,galileo,clustered_43_500_joint_galileo,2751,0.8484848484848485,0.8280961182994455,0.8381665107577175,0.8076650804263186,888,240,279,1344,0.18865866957470012,0.034142094815668045,0.132399832137404,0.8818666072372761
clustered,44,500,joint,galileo,clustered_44_500_joint_galileo,2751,0.8147295742232451,0.8724584103512015,0.8426063671526332,0.7934987087217,806,322,207,1416,0.19229371137768084,0.04319878966571075,0.13899858607329657,0.8662568332874503
clustered,45,500,joint,galileo,clustered_45_500_joint_galileo,2751,0.7889473684210526,0.9235982747997535,0.8509792790235595,0.7840509104495221,727,401,124,1499,0.19083969465648856,0.03270253149451621,0.13945438333357313,0.8633143137434836
clustered,46,500,joint,galileo,clustered_46_500_joint_galileo,2751,0.7602591792656588,0.8675292667898953,0.8103597122302159,0.7369561227566498,684,444,215,1408,0.23954925481643038,0.04400343624225846,0.160794661757647,0.8214253330886241
clustered,47,500,joint,galileo,clustered_47_500_joint_galileo,2751,0.7885146327995582,0.8798521256931608,0.8316831683168316,0.7701565593004811,745,383,195,1428,0.21010541621228643,0.03930160264429618,0.13951010709257944,0.8707905092137405
clustered,48,500,joint,galileo,clustered_48_500_joint_galileo,2751,0.7932773109243697,0.8724584103512015,0.8309859154929577,0.7726653753883668,759,369,207,1416,0.2093784078516903,0.050840726508301945,0.14740513811161646,0.8619173407095695
clustered,49,500,joint,galileo,clustered_49_500_joint_galileo,2751,0.8515967438948028,0.8379544054220579,0.84472049689441,0.8139240112216672,891,237,263,1360,0.1817520901490367,0.05496080069008093,0.1386769135769759,0.877073200840751
clustered,50,500,joint,galileo,clustered_50_500_joint_galileo,2751,0.7818283791362871,0.8589032655576093,0.8185554903112156,0.7570225547646203,739,389,229,1394,0.22464558342420937,0.028450509098182673,0.14653448244433545,0.8614271028609133
clustered,51,500,joint,galileo,clustered_51_500_joint_galileo,2751,0.8284098051539912,0.8120764017252002,0.8201617921593031,0.7850275625647278,855,273,305,1318,0.21010541621228643,0.06706460561195202,0.16000808615066522,0.8397176229991741
clustered,52,500,joint,galileo,clustered_52_500_joint_galileo,2751,0.748688352570829,0.8792359827479975,0.8087276848965713,0.7272952963385377,649,479,196,1427,0.24536532170119957,0.07300747299202408,0.1623501562164672,0.8315389808733498
clustered,53,500,joint,galileo,clustered_53_500_joint_galileo,2751,0.8374558303886925,0.8761552680221811,0.8563685636856369,0.8157372084791756,852,276,201,1422,0.173391494002181,0.05276010739196852,0.13006600973703142,0.8836000554965633
clustered,54,500,joint,galileo,clustered_54_500_joint_galileo,2751,0.8275217932752179,0.8188539741219963,0.8231650665840817,0.7866432991177358,851,277,294,1329,0.20756088695019992,0.045823288142717404,0.14309917124031693,0.8684329977320696
clustered,55,500,joint,galileo,clustered_55_500_joint_galileo,2751,0.7830284552845529,0.9494762784966112,0.858256752993595,0.7854650896029156,701,427,82,1541,0.18502362777171938,0.06336060567594556,0.13698948195876548,0.865813570876103
clustered,56,500,joint,galileo,clustered_56_500_joint_galileo,2751,0.8098669623059866,0.9001848428835489,0.8526407936971112,0.7980534143495759,785,343,162,1461,0.18356961105052708,0.046524873110114856,0.1339165547404785,0.881875073740512
clustered,57,500,joint,galileo,clustered_57_500_joint_galileo,2751,0.7977011494252874,0.8552064078866297,0.8254534641688969,0.7715748351489886,776,352,235,1388,0.2133769538349691,0.026625376246059627,0.14703931438864556,0.858313614574184
clustered,58,500,joint,galileo,clustered_58_500_joint_galileo,2751,0.8041179744017808,0.8903265557609366,0.8450292397660819,0.789134909086142,776,352,178,1445,0.1926572155579789,0.024715008247269264,0.13709261010390586,0.8726337489020858
clustered,59,500,joint,galileo,clustered_59_500_joint_galileo,2751,0.8037436188315371,0.8730745532963647,0.8369757826343769,0.7831684823219413,782,346,206,1417,0.20065430752453653,0.05889759808362134,0.1461509420001565,0.8460948117268171
clustered,60,500,joint,galileo,clustered_60_500_joint_galileo,2751,0.777947932618683,0.6260012322858903,0.6937521338340731,0.684454516852165,838,290,607,1016,0.3260632497273719,0.10113598806783106,0.1994493175061447,0.769614156867372
clustered,61,500,joint,galileo,clustered_61_500_joint_galileo,2751,0.7918277194919934,0.8835489833641405,0.8351776354105999,0.774664562604056,751,377,189,1434,0.20574336604870955,0.05219577379619183,0.15102646803111625,0.8488862997775769
clustered,62,500,joint,galileo,clustered_62_500_joint_galileo,2751,0.763978494623656,0.8755391250770179,0.8159632500717772,0.7431773639569487,689,439,202,1421,0.23300617957106506,0.04843821294421075,0.15883175060367022,0.8184494937577291
clustered,63,500,joint,galileo,clustered_63_500_joint_galileo,2751,0.8113101903695409,0.8927911275415896,0.8501026694045175,0.7970161311466814,791,337,174,1449,0.18575063613231552,0.05460883243471385,0.13220362072095918,0.8848853253103656
clustered,64,500,joint,galileo,clustered_64_500_joint_galileo,2751,0.7884834663625998,0.8521256931608133,0.8190701806336985,0.7616124919704776,757,371,240,1383,0.22210105416212286,0.054558779010614726,0.15827732036167022,0.8265735132820319
clustered,65,500,joint,galileo,clustered_65_500_joint_galileo,2751,0.8054272517321016,0.8595194085027726,0.8315946348733234,0.7803802716272729,791,337,228,1395,0.20537986186841148,0.08031208276355493,0.1532616087545961,0.8389089353836473
clustered,66,500,joint,galileo,clustered_66_500_joint_galileo,2751,0.8433734939759037,0.862600123228589,0.8528784648187633,0.8160518346639398,868,260,223,1400,0.17557251908396945,0.05347885425021011,0.1315103144446236,0.8872988249585961
clustered,67,500,joint,galileo,clustered_67_500_joint_galileo,2751,0.7621843805049912,0.7997535428219347,0.7805171377029465,0.7203554948152227,723,405,325,1298,0.2653580516175936,0.08785073825968047,0.18190597520152343,0.7717739345315346
clustered,68,500,joint,galileo,clustered_68_500_joint_galileo,2751,0.7674163466812945,0.8619839802834257,0.811955890887986,0.7430487277303653,704,424,224,1399,0.23555070883315157,0.06740953313754108,0.15483693004189067,0.8562909396398405
clustered,69,500,joint,galileo,clustered_69_500_joint_galileo,2751,0.8485623003194889,0.818237831176833,0.8331242158092849,0.8040657240990547,891,237,295,1328,0.19338422391857507,0.05986945151258129,0.13419415269310858,0.8836087951128067
clustered,70,500,joint,galileo,clustered_70_500_joint_galileo,2751,0.7735593220338983,0.7030191004313001,0.736604260813428,0.7034599048255792,794,334,482,1141,0.2966194111232279,0.05546043784157194,0.18491063106979141,0.7920872606983826
clustered,71,500,joint,galileo,clustered_71_500_joint_galileo,2751,0.8222873900293255,0.8638324091189156,0.8425480769230769,0.7976076939211599,825,303,221,1402,0.19047619047619047,0.049708230414791686,0.13895248046258554,0.8725075706925709
clustered,42,500,joint,presto_primary,clustered_42_500_joint_presto_primary,2751,0.8124274099883856,0.8619839802834257,0.8364723467862482,0.7878182312764646,805,323,224,1399,0.19883678662304616,0.0342392453730149,0.13094372474655552,0.8895454525591782
clustered,43,500,joint,presto_primary,clustered_43_500_joint_presto_primary,2751,0.8804347826086957,0.8484288354898336,0.8641355506746157,0.841324346822931,941,187,246,1377,0.1573973100690658,0.04735201052431149,0.12038874981075698,0.9065281655982486
clustered,44,500,joint,presto_primary,clustered_44_500_joint_presto_primary,2751,0.8629379225568531,0.8650646950092421,0.864,0.8336848297741246,905,223,219,1404,0.16066884769174847,0.05107875788401053,0.11648492232875961,0.9092385390857487
clustered,45,500,joint,presto_primary,clustered_45_500_joint_presto_primary,2751,0.8724928366762178,0.7504621072088724,0.8068896985756873,0.7963303443845781,950,178,405,1218,0.2119229371137768,0.09184687963395703,0.14935648384634415,0.8764543267655117
clustered,46,500,joint,presto_primary,clustered_46_500_joint_presto_primary,2751,0.80522713130056,0.7972889710412816,0.8012383900928792,0.7599033507688677,815,313,329,1294,0.23336968375136313,0.05627113490935738,0.14659708458147944,0.8583794348090176
clustered,47,500,joint,presto_primary,clustered_47_500_joint_presto_primary,2751,0.8179223744292238,0.8829328404189772,0.8491851851851852,0.8000657109896305,809,319,190,1433,0.18502362777171938,0.04459404599735389,0.13782937917258925,0.8668158956140235
clustered,48,500,joint,presto_primary,clustered_48_500_joint_presto_primary,2751,0.8293723339427178,0.8385705483672212,0.8339460784313726,0.7951717990063056,848,280,262,1361,0.1970192657215558,0.05953350056448931,0.1469944223256136,0.8659263665482448
clustered,49,500,joint,presto_primary,clustered_49_500_joint_presto_primary,2751,0.8453541260558805,0.8016019716574245,0.8228969006957622,0.795304531928003,890,238,322,1301,0.2035623409669211,0.059564186375709455,0.14139315194811822,0.8771827191568017
clustered,50,500,joint,presto_primary,clustered_50_500_joint_presto_primary,2751,0.8096035734226689,0.893407270486753,0.849443468072642,0.7955511529738729,787,341,173,1450,0.18684114867320975,0.05419697157656079,0.1422953358092455,0.8657614062916498
clustered,51,500,joint,presto_primary,clustered_51_500_joint_presto_primary,2751,0.8696596669080376,0.7399876771410967,0.7996005326231691,0.7902066045279952,948,180,422,1201,0.21882951653944022,0.09079319296022312,0.14854058036999376,0.8706842682537811
clustered,52,500,joint,presto_primary,clustered_52_500_joint_presto_primary,2751,0.800854244527496,0.9242144177449169,0.8581235697940504,0.7967703294398343,755,373,123,1500,0.18029807342784443,0.059432808070666976,0.13647938992026373,0.8693143334076201
clustered,53,500,joint,presto_primary,clustered_53_500_joint_presto_primary,2751,0.868421052631579,0.833641404805915,0.8506758880855076,0.8259519080767164,923,205,270,1353,0.17266448564158487,0.04138624819449977,0.12182921529024425,0.9060103433358242
clustered,54,500,joint,presto_primary,clustered_54_500_joint_presto_primary,2751,0.8568019093078759,0.884781269254467,0.8705668384358897,0.8360076559038292,888,240,187,1436,0.15521628498727735,0.05647770940437244,0.12004684314572715,0.9068897672203213
clustered,55,500,joint,presto_primary,clustered_55_500_joint_presto_primary,2751,0.8324844368986983,0.9063462723351817,0.8678466076696165,0.8219674624087256,832,296,152,1471,0.1628498727735369,0.03984743450674018,0.11664407271426165,0.9034179546676105
clustered,56,500,joint,presto_primary,clustered_56_500_joint_presto_primary,2751,0.8448484848484848,0.8589032655576093,0.8518179040635503,0.8159764554738401,872,256,229,1394,0.17629952744456562,0.04384853109516871,0.12564908554524604,0.8965923143814755
clustered,57,500,joint,presto_primary,clustered_57_500_joint_presto_primary,2751,0.824954572986069,0.8391866913123844,0.8320097739767868,0.7914905087767596,839,289,261,1362,0.1999272991639404,0.036748678691154155,0.13771353459799365,0.8790857705938132
clustered,58,500,joint,presto_primary,clustered_58_500_joint_presto_primary,2751,0.8183856502242153,0.8995686999383857,0.8570589961843263,0.8061673286925971,804,324,163,1460,0.17702653580516176,0.028962260476709734,0.12484946672289796,0.8936211179717098
clustered,59,500,joint,presto_primary,clustered_59_500_joint_presto_primary,2751,0.8548282566429034,0.8126925446703636,0.8332280480101074,0.8070554921933378,904,224,304,1319,0.19193020719738277,0.07879918090041681,0.1278509145081762,0.8954801982144965
clustered,60,500,joint,presto_primary,clustered_60_500_joint_presto_primary,2751,0.8293487221764221,0.6198398028342575,0.7094499294781382,0.7181645822681926,921,207,617,1006,0.2995274445656125,0.13454291211434066,0.20919689780728334,0.7923412557954581
clustered,61,500,joint,presto_primary,clustered_61_500_joint_presto_primary,2751,0.8472906403940886,0.8478126925446704,0.8475515860794579,0.8139772682581508,880,248,247,1376,0.17993456924754633,0.059267552102702986,0.13712981193637533,0.8832676769663044
clustered,62,500,joint,presto_primary,clustered_62_500_joint_presto_primary,2751,0.8153676064123825,0.9088108441158349,0.8595571095571095,0.8063557766678465,794,334,148,1475,0.17520901490367138,0.03806275395243044,0.12511241303265677,0.8898611711959729
clustered,63,500,joint,presto_primary,clustered_63_500_joint_presto_primary,2751,0.8133484162895928,0.8860135551447936,0.8481273960483633,0.7967301818277159,798,330,185,1438,0.18720465285350782,0.07368556647991396,0.1336433577891434,0.892313179778276
clustered,64,500,joint,presto_primary,clustered_64_500_joint_presto_primary,2751,0.8158522050059595,0.8434996919285275,0.8294456225386246,0.7847817608578808,819,309,254,1369,0.20465285350781534,0.04279978730896578,0.14155514574512446,0.8754853218145192
clustered,65,500,joint,presto_primary,clustered_65_500_joint_presto_primary,2751,0.8536733454766242,0.8662969808995687,0.8599388379204893,0.8263222493150326,887,241,217,1406,0.16648491457651762,0.08623308276198136,0.1275689526733976,0.8997505932014525
clustered,66,500,joint,presto_primary,clustered_66_500_joint_presto_primary,2751,0.8794326241134752,0.8404189772027111,0.8594833018273472,0.8373194176793697,941,187,259,1364,0.16212286441294074,0.07441998917180671,0.12886776971512362,0.8995711579554542
clustered,67,500,joint,presto_primary,clustered_67_500_joint_presto_primary,2751,0.7668557025834909,0.7498459642637092,0.7582554517133956,0.710915889933273,758,370,406,1217,0.28207924391130496,0.08457863177655983,0.17515541438414284,0.804620689730514
clustered,68,500,joint,presto_primary,clustered_68_500_joint_presto_primary,2751,0.7951191827468785,0.8632162661737524,0.8277695716395864,0.7715904025904223,767,361,222,1401,0.2119229371137768,0.062200562950653834,0.14792784611362403,0.8623597837818942
clustered,69,500,joint,presto_primary,clustered_69_500_joint_presto_primary,2751,0.8983628922237381,0.8114602587800369,0.8527031401748139,0.8396840300992383,979,149,306,1317,0.16539440203562342,0.05973255905544161,0.11903107258590635,0.9147925652084616
clustered,70,500,joint,presto_primary,clustered_70_500_joint_presto_primary,2751,0.7927424982554082,0.6999383857054837,0.743455497382199,0.7183202566825291,831,297,487,1136,0.28498727735368956,0.07929459946262928,0.17420000910294195,0.8244574336990862
clustered,71,500,joint,presto_primary,clustered_71_500_joint_presto_primary,2751,0.8296969696969697,0.8434996919285275,0.8365413993278338,0.7971931083756112,847,281,254,1369,0.19447473645946928,0.04141207849732024,0.1451129460251717,0.8630141625481225
clustered,42,500,joint,temporal_reconstructed,clustered_42_500_joint_temporal_reconstructed,2751,0.8189448441247003,0.8416512630930376,0.8301428137344272,0.7869603833195684,826,302,257,1366,0.20319883678662304,0.0428285792354313,0.1315583413169943,0.8904497297273677
clustered,43,500,joint,temporal_reconstructed,clustered_43_500_joint_temporal_reconstructed,2751,0.8767488341105929,0.8108441158348737,0.8425096030729834,0.8234185118181461,943,185,307,1316,0.17884405670665213,0.05275844377898172,0.13197827899464443,0.8903669764860624
clustered,44,500,joint,temporal_reconstructed,clustered_44_500_joint_temporal_reconstructed,2751,0.8914362778152394,0.8145409735058533,0.8512556342562781,0.8359052385259763,967,161,301,1322,0.16793893129770993,0.08102276949796035,0.12222383756966858,0.9116195382860739
clustered,45,500,joint,temporal_reconstructed,clustered_45_500_joint_temporal_reconstructed,2751,0.8967201674808095,0.791743684534812,0.8409685863874345,0.8302690053879733,980,148,338,1285,0.1766630316248637,0.08527662091129921,0.13942887208502763,0.8863243577474513
clustered,46,500,joint,temporal_reconstructed,clustered_46_500_joint_temporal_reconstructed,2751,0.8089136490250697,0.8946395563770795,0.8496196606202457,0.7952807710963412,785,343,171,1452,0.18684114867320975,0.07284899592242372,0.1375780832311125,0.8801989792128229
clustered,47,500,joint,temporal_reconstructed,clustered_47_500_joint_temporal_reconstructed,2751,0.8123501199040767,0.8348736906962415,0.8234579155271954,0.7786957105963477,815,313,268,1355,0.21119592875318066,0.02117440074701075,0.1464174809765783,0.8612684242034933
clustered,48,500,joint,temporal_reconstructed,clustered_48_500_joint_temporal_reconstructed,2751,0.8206979542719615,0.8404189772027111,0.830441400304414,0.7881172900197952,830,298,259,1364,0.2024718284260269,0.03267419206868495,0.14258718102685308,0.8727727634229581
clustered,49,500,joint,temporal_reconstructed,clustered_49_500_joint_temporal_reconstructed,2751,0.8468586387434555,0.7972889710412816,0.8213265629958744,0.7949210812653216,894,234,329,1294,0.20465285350781534,0.05404118874784092,0.14814127742480987,0.8649185795501719
clustered,50,500,joint,temporal_reconstructed,clustered_50_500_joint_temporal_reconstructed,2751,0.8157262905162065,0.8373382624768947,0.8263910003040438,0.7825875709547594,821,307,264,1359,0.20756088695019992,0.030249498979688025,0.146689720023813,0.8630035111408259
clustered,51,500,joint,temporal_reconstructed,clustered_51_500_joint_temporal_reconstructed,2751,0.8534031413612565,0.8034504004929144,0.8276737543636941,0.8024344201046132,904,224,319,1304,0.19738276990185388,0.07659595889657686,0.15245881940062977,0.8517419693851243
clustered,52,500,joint,temporal_reconstructed,clustered_52_500_joint_temporal_reconstructed,2751,0.7732283464566929,0.9075785582255084,0.8350340136054422,0.7622999174106265,696,432,150,1473,0.21155943293347873,0.036616477168912615,0.14690650250003986,0.8519820357188116
clustered,53,500,joint,temporal_reconstructed,clustered_53_500_joint_temporal_reconstructed,2751,0.847898599066044,0.7831176833025262,0.8142216527866752,0.790495011864029,900,228,352,1271,0.2108324245728826,0.058782450091610386,0.1434288346387088,0.8756049453118514
clustered,54,500,joint,temporal_reconstructed,clustered_54_500_joint_temporal_reconstructed,2751,0.8636660143509458,0.81577325939618,0.8390367553865653,0.8152447857264588,919,209,299,1324,0.1846601235914213,0.07878462630843584,0.13707654607011102,0.8925524267729404
clustered,55,500,joint,temporal_reconstructed,clustered_55_500_joint_temporal_reconstructed,2751,0.8264840182648402,0.8921749845964264,0.8580740740740741,0.8113357192485678,824,304,175,1448,0.17411850236277718,0.0570454007804062,0.12191037714176411,0.9056645822681925
clustered,56,500,joint,temporal_reconstructed,clustered_56_500_joint_temporal_reconstructed,2751,0.8676662320730117,0.8200862600123229,0.8432055749128919,0.8200608605026154,925,203,292,1331,0.17993456924754633,0.05195052766544953,0.12823346784139394,0.8979884680763667
clustered,57,500,joint,temporal_reconstructed,clustered_57_500_joint_temporal_reconstructed,2751,0.8159806295399515,0.8305606900800986,0.823206106870229,0.7805285719904039,824,304,275,1348,0.21046892039258452,0.05164054476495408,0.1479762333155219,0.8605834567804127
clustered,58,500,joint,temporal_reconstructed,clustered_58_500_joint_temporal_reconstructed,2751,0.8057971014492754,0.8564386937769563,0.8303464755077659,0.7797264390870597,793,335,233,1390,0.2064703744093057,0.05232353498111405,0.1377993808087937,0.881370087789445
clustered,59,500,joint,temporal_reconstructed,clustered_59_500_joint_temporal_reconstructed,2751,0.847489150650961,0.8422674060382008,0.8448702101359703,0.8120911498276111,882,246,256,1367,0.18247909850963287,0.08512202969963781,0.13656063107417232,0.8887957573532946
clustered,60,500,joint,temporal_reconstructed,clustered_60_500_joint_temporal_reconstructed,2751,0.8107202680067002,0.596426370918053,0.6872559460418886,0.6980358804944875,902,226,655,968,0.3202471828426027,0.1226249384761744,0.19614635637028013,0.7954902487731763
clustered,61,500,joint,temporal_reconstructed,clustered_61_500_joint_temporal_reconstructed,2751,0.8435754189944135,0.8373382624768947,0.8404452690166976,0.8069670035788729,876,252,264,1359,0.1875681570338059,0.06640896672494277,0.13876552552020285,0.8807282722215668
clustered,62,500,joint,temporal_reconstructed,clustered_62_500_joint_temporal_reconstructed,2751,0.8092812676853424,0.8810844115834874,0.8436578171091446,0.7911627731676303,791,337,193,1430,0.1926572155579789,0.0797830868358858,0.1388074739729263,0.8781085722525924
clustered,63,500,joint,temporal_reconstructed,clustered_63_500_joint_temporal_reconstructed,2751,0.813579511614056,0.8416512630930376,0.8273773470623864,0.7820844967947458,815,313,257,1366,0.20719738276990185,0.04989250067621571,0.1432672778187076,0.8743734787605476
clustered,64,500,joint,temporal_reconstructed,clustered_64_500_joint_temporal_reconstructed,2751,0.8061699650756694,0.8533579790511399,0.8290930859024245,0.7790726065468465,795,333,238,1385,0.20756088695019992,0.050630497301344224,0.1530669493026661,0.8510925066530328
clustered,65,500,joint,temporal_reconstructed,clustered_65_500_joint_temporal_reconstructed,2751,0.8490566037735849,0.8595194085027726,0.8542559706062461,0.8198306262372019,880,248,228,1395,0.17302798982188294,0.10680468333785308,0.13705500384811306,0.8940854100846432
clustered,66,500,joint,temporal_reconstructed,clustered_66_500_joint_temporal_reconstructed,2751,0.8881262868908717,0.7972889710412816,0.8402597402597403,0.8263927124709954,965,163,329,1294,0.17884405670665213,0.07003535078153396,0.1345120117101439,0.8887804630248686
clustered,67,500,joint,temporal_reconstructed,clustered_67_500_joint_temporal_reconstructed,2751,0.7728596389050669,0.8176216882316697,0.7946107784431138,0.735938503690303,738,390,296,1327,0.24936386768447838,0.06275035825880973,0.16256667832708974,0.8267726126645779
clustered,68,500,joint,temporal_reconstructed,clustered_68_500_joint_temporal_reconstructed,2751,0.8264925373134329,0.8188539741219963,0.8226555246053854,0.7857567742950406,849,279,294,1329,0.20828789531079608,0.05342486518086299,0.15308884949400725,0.8522865567222944
clustered,69,500,joint,temporal_reconstructed,clustered_69_500_joint_temporal_reconstructed,2751,0.9012082444918266,0.7812692544670363,0.836963696369637,0.8290211520562132,989,139,355,1268,0.17957106506724826,0.09183381887980217,0.12813926359719724,0.9080707078652176
clustered,70,500,joint,temporal_reconstructed,clustered_70_500_joint_temporal_reconstructed,2751,0.8128654970760234,0.7707948243992606,0.7912713472485768,0.7577378377315451,840,288,372,1251,0.23991275899672845,0.0625735913251362,0.1712441702866342,0.8221223174840393
clustered,71,500,joint,temporal_reconstructed,clustered_71_500_joint_temporal_reconstructed,2751,0.8321678321678322,0.8065311152187308,0.8191489361702128,0.7862442810136208,864,264,314,1309,0.21010541621228643,0.03188698962762942,0.14896790313737554,0.8600743741342318
clustered,42,20,target_only,alphaearth,clustered_42_20_target_only_alphaearth,2751,0.7894080996884735,0.7806531115218731,0.7850061957868649,0.7405038607254756,790,338,356,1267,0.252271901126863,0.13256730723864538,0.16365495494516236,0.8348015888622331
clustered,43,20,target_only,alphaearth,clustered_43_20_target_only_alphaearth,2751,0.7538759689922481,0.9587184226740604,0.8440466503932736,0.7541819063724912,620,508,67,1556,0.20901490367139222,0.11385578066813809,0.14045565801381443,0.908220920019402
clustered,44,20,target_only,alphaearth,clustered_44_20_target_only_alphaearth,2751,0.5909712722298222,0.266173752310536,0.36703483432455397,0.5005514151623602,829,299,1191,432,0.5416212286441294,0.1628871982808595,0.2882487661700022,0.43320639040739717
clustered,45,20,target_only,alphaearth,clustered_45_20_target_only_alphaearth,2751,0.645425580336823,0.8736906962415281,0.7424083769633508,0.5915439296810477,349,779,205,1418,0.35768811341330425,0.11994895922357404,0.23593398979571753,0.54777893577693
clustered,46,20,target_only,alphaearth,clustered_46_20_target_only_alphaearth,2751,0.7820147979510529,0.8465804066543438,0.8130177514792899,0.7535206997810726,745,383,249,1374,0.22973464194838242,0.15262086789416063,0.16875861462143096,0.8346704946185813
clustered,47,20,target_only,alphaearth,clustered_47_20_target_only_alphaearth,2751,0.8270580727504786,0.7985212569316081,0.812539184952978,0.7791365149906267,857,271,327,1296,0.2173754998182479,0.13459321723483347,0.16361798895824103,0.8352451243865882
clustered,48,20,target_only,alphaearth,clustered_48_20_target_only_alphaearth,2751,0.707658321060383,0.59211337030191,0.644750083864475,0.6200815078459905,731,397,662,961,0.38495092693565974,0.22613954420288468,0.25031529025615773,0.6116816441840038
clustered,49,20,target_only,alphaearth,clustered_49_20_target_only_alphaearth,2751,0.7882288228822882,0.8829328404189772,0.8328974135425748,0.7708103918406943,743,385,190,1433,0.20901490367139222,0.11877031916554923,0.1545164067671387,0.8655825172716666
clustered,50,20,target_only,alphaearth,clustered_50_20_target_only_alphaearth,2751,0.651501364877161,0.44115834873690696,0.5260837619397501,0.5508096708223542,745,383,907,716,0.46892039258451473,0.21022528286607123,0.25385614952666036,0.6502290871907815
clustered,51,20,target_only,alphaearth,clustered_51_20_target_only_alphaearth,2751,0.8810732414793329,0.7486136783733827,0.8094603597601598,0.8016118037256984,964,164,408,1215,0.207924391130498,0.1270072958658396,0.16161150875284327,0.8431279851251732
clustered,52,20,target_only,alphaearth,clustered_52_20_target_only_alphaearth,2751,0.6665297741273101,1.0,0.7999014292755052,0.6400709219858156,316,812,0,1623,0.2951653944020356,0.19954483218223676,0.19504637967001895,0.8993168897453713
clustered,53,20,target_only,alphaearth,clustered_53_20_target_only_alphaearth,2751,0.33253588516746413,0.25693160813308685,0.28988529718456724,0.2574551657686711,291,837,1206,417,0.742639040348964,0.41872760942342047,0.3972229231102462,0.18870524770257338
clustered,54,20,target_only,alphaearth,clustered_54_20_target_only_alphaearth,2751,0.8120885697187313,0.836105976586568,0.8239222829386764,0.7788685911301634,814,314,266,1357,0.2108324245728826,0.12803117100181088,0.1659302609980834,0.8584804866218325
clustered,55,20,target_only,alphaearth,clustered_55_20_target_only_alphaearth,2751,0.7555303460011344,0.8207024029574861,0.7867690490253987,0.7193051021879628,697,431,291,1332,0.262450018175209,0.11301329372785204,0.16814848725488,0.8440410019096062
clustered,56,20,target_only,alphaearth,clustered_56_20_target_only_alphaearth,2751,0.8234610917537747,0.8736906962415281,0.8478325859491779,0.8020935750711187,824,304,205,1418,0.18502362777171938,0.13702454897308267,0.15339166628253287,0.8756898834572174
clustered,57,20,target_only,alphaearth,clustered_57_20_target_only_alphaearth,2751,0.8813559322033898,0.7048675292667899,0.7832933926737419,0.7841713532858772,974,154,479,1144,0.2300981461286805,0.13103110134688653,0.17440243879434164,0.8252707642357424
clustered,58,20,target_only,alphaearth,clustered_58_20_target_only_alphaearth,2751,0.6758678377248013,0.9956869993838571,0.8051818634778276,0.6543151308976023,353,775,7,1616,0.2842602689930934,0.1423349085181147,0.16606267215961873,0.8990030828996298
clustered,59,20,target_only,alphaearth,clustered_59_20_target_only_alphaearth,2751,0.6829497416627525,0.895871842267406,0.7750533049040512,0.6487337934741285,453,675,169,1454,0.30679752817157396,0.11492339084112732,0.17669476571293763,0.8430580681952256
clustered,60,20,target_only,alphaearth,clustered_60_20_target_only_alphaearth,2751,0.8257627118644068,0.7504621072088724,0.7863137508069722,0.7613126138881241,871,257,405,1218,0.24063976735732462,0.11259105383660013,0.1812801599333533,0.8142083218625871
clustered,61,20,target_only,alphaearth,clustered_61_20_target_only_alphaearth,2751,0.7460707269155207,0.9359211337030191,0.8302814976769609,0.7387939001848429,611,517,104,1519,0.2257360959651036,0.1385537523284149,0.16044105863050145,0.8714730186197523
clustered,62,20,target_only,alphaearth,clustered_62_20_target_only_alphaearth,2751,0.6011690647482014,0.8237831176833025,0.6950870808422147,0.518717799976403,241,887,286,1337,0.42639040348964014,0.1516154564044257,0.2518693668640016,0.539333462242673
clustered,63,20,target_only,alphaearth,clustered_63_20_target_only_alphaearth,2751,0.7344546381243628,0.8878619839802834,0.8039051603905161,0.712991275678085,607,521,182,1441,0.2555434387495456,0.16068852247531082,0.1617294635117846,0.8632340185192469
clustered,64,20,target_only,alphaearth,clustered_64_20_target_only_alphaearth,2751,0.4459119496855346,0.43684534812076403,0.4413320883909119,0.3279084896632189,247,881,914,709,0.6524900036350418,0.33917113165031776,0.3484107622750985,0.2508368182553104
clustered,65,20,target_only,alphaearth,clustered_65_20_target_only_alphaearth,2751,0.8938381588715665,0.7418361059765866,0.8107744107744108,0.8075315281655983,985,143,419,1204,0.20428934932751727,0.14414335008981494,0.17868510361081613,0.8516351821991497
clustered,66,20,target_only,alphaearth,clustered_66_20_target_only_alphaearth,2751,0.6900614754098361,0.8299445471349353,0.7535664335664336,0.6467985147022194,523,605,276,1347,0.3202471828426027,0.12492899541552238,0.18819967422346798,0.7977281367575151
clustered,67,20,target_only,alphaearth,clustered_67_20_target_only_alphaearth,2751,0.6618705035971223,0.906962415280345,0.7652716402391474,0.6201478743068392,376,752,151,1472,0.3282442748091603,0.11316609778111346,0.1961313351172628,0.8166630615749663
clustered,68,20,target_only,alphaearth,clustered_68_20_target_only_alphaearth,2751,0.6419196062346185,0.9642637091805298,0.7707461216449151,0.5951637694838819,255,873,58,1565,0.3384223918575064,0.13919396256713343,0.21705734949759808,0.7107378202523127
clustered,69,20,target_only,alphaearth,clustered_69_20_target_only_alphaearth,2751,0.6806610093791872,0.9390018484288355,0.7892283790781979,0.6525683001009426,413,715,99,1524,0.2958924027626318,0.17477981117990068,0.17866687071245832,0.8563267174438371
clustered,70,20,target_only,alphaearth,clustered_70_20_target_only_alphaearth,2751,0.8166869671132765,0.8262476894639557,0.8214395099540582,0.779701858916375,827,301,282,1341,0.2119229371137768,0.1103048977183396,0.15733364689332816,0.8437900110556147
clustered,71,20,target_only,alphaearth,clustered_71_20_target_only_alphaearth,2751,0.6908474576271186,0.6278496611213802,0.657843770174306,0.611797170986222,672,456,604,1019,0.3853144311159578,0.1159952000187633,0.21738727048396078,0.6871610667575586
clustered,42,20,target_only,galileo,clustered_42_20_target_only_galileo,2751,0.6801451529289787,0.8083795440542206,0.7387387387387387,0.6306968642256918,511,617,311,1312,0.3373318793166121,0.10326397088699325,0.20512150244291102,0.7493887730889736
clustered,43,20,target_only,galileo,clustered_43_20_target_only_galileo,2751,0.7247451343836886,0.9636475662353666,0.8272943665696906,0.7185259107772578,534,594,59,1564,0.23736822973464194,0.07227630795690844,0.17550537880443484,0.7917393147266905
clustered,44,20,target_only,galileo,clustered_44_20_target_only_galileo,2751,0.5273401297497683,0.35058533579790513,0.42116950407105846,0.44922883811171854,618,510,1054,569,0.5685205379861868,0.2600057372421738,0.3252216732375759,0.3970505980082415
clustered,45,20,target_only,galileo,clustered_45_20_target_only_galileo,2751,0.4492415402567094,0.23721503388786197,0.31048387096774194,0.4093876587879026,656,472,1238,385,0.6215921483097055,0.3185470867461804,0.34907024252880825,0.32477233299685815
clustered,46,20,target_only,galileo,clustered_46_20_target_only_galileo,2751,0.6318569687119058,0.958102279728897,0.7615083251714005,0.5774553951835975,222,906,68,1555,0.3540530716103235,0.06412211163134766,0.22210736197822492,0.6687838387016426
clustered,47,20,target_only,galileo,clustered_47_20_target_only_galileo,2751,0.6388482186432406,0.8065311152187308,0.7129629629629629,0.5752513732122022,388,740,314,1309,0.3831334060341694,0.1331377870535233,0.22578015708541815,0.6824329343698518
clustered,48,20,target_only,galileo,clustered_48_20_target_only_galileo,2751,0.4799382716049383,0.19162045594577942,0.27388815499779834,0.4464307953487763,791,337,1312,311,0.5994183933115231,0.38977540665916355,0.3499185440055537,0.5317496602474187
clustered,49,20,target_only,galileo,clustered_49_20_target_only_galileo,2751,0.6873469387755102,0.51879235982748,0.5912921348314607,0.5896266763676408,745,383,781,842,0.42311886586695746,0.1461027493576982,0.2536231323550399,0.5902152348990356
clustered,50,20,target_only,galileo,clustered_50_20_target_only_galileo,2751,0.5776143790849673,0.43561306223043744,0.49666315419740076,0.488639864448552,611,517,916,707,0.5209014903671392,0.3014552712781758,0.32896848850814053,0.5194898904489105
clustered,51,20,target_only,galileo,clustered_51_20_target_only_galileo,2751,0.6493297587131367,0.7461491065927295,0.6943807339449541,0.5831809362750882,474,654,412,1211,0.3874954561977463,0.1531153801063946,0.23511713022774217,0.6928128673369952
clustered,52,20,target_only,galileo,clustered_52_20_target_only_galileo,2751,0.6610997963340122,1.0,0.7959784207945071,0.6312056737588653,296,832,0,1623,0.3024354780079971,0.2683836180782746,0.2605857385193263,0.7911272684766412
clustered,53,20,target_only,galileo,clustered_53_20_target_only_galileo,2751,0.46902017291066284,0.4011090573012939,0.4324144802391232,0.3738701314875264,391,737,972,651,0.6212286441294075,0.37564604061937873,0.4101564020500823,0.31441807265242977
clustered,54,20,target_only,galileo,clustered_54_20_target_only_galileo,2751,0.5709269662921348,0.5009242144177449,0.5336396455530029,0.47962877387553915,517,611,810,813,0.5165394402035624,0.2926054535966469,0.3058197176839755,0.5063550665740267
clustered,55,20,target_only,galileo,clustered_55_20_target_only_galileo,2751,0.6700274977085243,0.9008009858287123,0.7684625492772668,0.6312515567441433,408,720,161,1462,0.3202471828426027,0.14287525478450874,0.2233942673263614,0.5996359949834603
clustered,56,20,target_only,galileo,clustered_56_20_target_only_galileo,2751,0.7383177570093458,0.9248305606900801,0.8211159737417943,0.7265996775081607,596,532,122,1501,0.23773173391494,0.10475327500581486,0.18893088907148153,0.7697630034565182
clustered,57,20,target_only,galileo,clustered_57_20_target_only_galileo,2751,0.6843450479233227,0.6598890942698706,0.6718946047678795,0.6109729159292616,634,494,552,1071,0.3802253725917848,0.15861474862666922,0.24341654734860083,0.6188361125312988
clustered,58,20,target_only,galileo,clustered_58_20_target_only_galileo,2751,0.6696982224059529,0.9981515711645101,0.801583374567046,0.6449091189155884,329,799,3,1620,0.2915303525990549,0.19143220647037443,0.21608852134577325,0.7972859667981979
clustered,59,20,target_only,galileo,clustered_59_20_target_only_galileo,2751,0.7752161383285303,0.8287122612446087,0.8010720667063729,0.7414837901967725,738,390,278,1345,0.24282079243911306,0.0871636118366204,0.18775202160471446,0.7727224560069568
clustered,60,20,target_only,galileo,clustered_60_20_target_only_galileo,2751,0.662176724137931,0.7572396796056685,0.7065248634665133,0.6006943078879406,501,627,394,1229,0.37113776808433296,0.10370915701709238,0.21395937598365336,0.7218081829026888
clustered,61,20,target_only,galileo,clustered_61_20_target_only_galileo,2751,0.7472411981082502,0.8761552680221811,0.8065796937039138,0.7248684141529345,647,481,201,1422,0.24790985096328608,0.11501215702339643,0.1870491589803561,0.8107376017619067
clustered,62,20,target_only,galileo,clustered_62_20_target_only_galileo,2751,0.7505486466715435,0.6321626617375231,0.6862876254180602,0.6649288485992579,787,341,597,1026,0.34096692111959287,0.09702425223040001,0.22001828183600167,0.7032059097285038
clustered,63,20,target_only,galileo,clustered_63_20_target_only_galileo,2751,0.6215880893300249,0.9260628465804066,0.7438752783964365,0.5574463169072246,213,915,120,1503,0.376226826608506,0.15657393728439115,0.22779933949256936,0.7701019366989594
clustered,64,20,target_only,galileo,clustered_64_20_target_only_galileo,2751,0.5486301369863014,0.49353049907578556,0.5196237431073629,0.45465532045987855,469,659,822,801,0.5383496910214467,0.3927067974161244,0.4055258795788706,0.3702732331773312
clustered,65,20,target_only,galileo,clustered_65_20_target_only_galileo,2751,0.7634088200238379,0.789279112754159,0.7761284459254771,0.718664379072115,731,397,342,1281,0.26862958924027625,0.11883596544016001,0.19007941689716634,0.7908541554690334
clustered,66,20,target_only,galileo,clustered_66_20_target_only_galileo,2751,0.7861557478368356,0.7837338262476895,0.7849429188522061,0.7384981187976036,782,346,351,1272,0.2533624136677572,0.08303070213238987,0.1912573240685782,0.7744649169954947
clustered,67,20,target_only,galileo,clustered_67_20_target_only_galileo,2751,0.6426082628173221,0.7954405422057917,0.7109030837004405,0.5794578597553781,410,718,332,1291,0.3816793893129771,0.14444582895201852,0.2614534450100659,0.5891380771970303
clustered,68,20,target_only,galileo,clustered_68_20_target_only_galileo,2751,0.6130899376669635,0.8484288354898336,0.7118118376841561,0.5390193822839239,259,869,246,1377,0.40530716103235187,0.0796512364353807,0.24197252925131307,0.5477122962030737
clustered,69,20,target_only,galileo,clustered_69_20_target_only_galileo,2751,0.806282722513089,0.8539741219963032,0.829443447037702,0.7793806780194281,795,333,237,1386,0.20719738276990185,0.1438454340920792,0.18013571011173138,0.8177413117290019
clustered,70,20,target_only,galileo,clustered_70_20_target_only_galileo,2751,0.650542941757157,0.8120764017252002,0.7223896958070705,0.5922084136285576,420,708,305,1318,0.36822973464194836,0.14184760814965552,0.22072222072340342,0.7209847471847511
clustered,71,20,target_only,galileo,clustered_71_20_target_only_galileo,2751,0.49866666666666665,0.3456561922365989,0.40829694323144106,0.4228280961182994,564,564,1062,561,0.5910577971646674,0.30026230690718997,0.3172657632110463,0.4830686322063598
clustered,42,20,target_only,presto_primary,clustered_42_20_target_only_presto_primary,2751,0.8820014936519791,0.7276648182378311,0.7974341661039838,0.7937969481260078,970,158,442,1181,0.21810250817884405,0.16497458241271934,0.17663140477115455,0.8157137207605214
clustered,43,20,target_only,presto_primary,clustered_43_20_target_only_presto_primary,2751,0.7631241997439181,0.7344423906346272,0.7485086342229199,0.703214103118732,758,370,431,1192,0.29116684841875684,0.1267748320070737,0.1840557505683072,0.7867806749605625
clustered,44,20,target_only,presto_primary,clustered_44_20_target_only_presto_primary,2751,0.6691542288557214,0.3314849044978435,0.4433456942727647,0.5478346508304821,862,266,1085,538,0.4910941475826972,0.13847596329496334,0.2544173067459161,0.5992519980947637
clustered,45,20,target_only,presto_primary,clustered_45_20_target_only_presto_primary,2751,0.6399235912129895,0.8256315465187923,0.7210115684691956,0.5785959151033678,374,754,283,1340,0.3769538349691021,0.13765427189538376,0.24322233430328488,0.5926497642488519
clustered,46,20,target_only,presto_primary,clustered_46_20_target_only_presto_primary,2751,0.6775178026449644,0.8207024029574861,0.7422680412371134,0.6293228326844168,494,634,291,1332,0.3362413667757179,0.11320479654659588,0.1741373366184624,0.8154449775610353
clustered,47,20,target_only,presto_primary,clustered_47_20_target_only_presto_primary,2751,0.6394686907020873,0.6229205175600739,0.6310861423220974,0.5588006843119518,558,570,612,1011,0.4296619411123228,0.17652830614903336,0.22407042494040383,0.683352778979475
clustered,48,20,target_only,presto_primary,clustered_48_20_target_only_presto_primary,2751,0.2980392156862745,0.09365372766481823,0.14252226910454757,0.38813892056999777,770,358,1471,152,0.6648491457651763,0.4229666023772471,0.3774068747869695,0.5023239185817351
clustered,49,20,target_only,presto_primary,clustered_49_20_target_only_presto_primary,2751,0.7510351966873706,0.8940234134319162,0.8163150492264416,0.733802486857802,647,481,172,1451,0.23736822973464194,0.10086893365887983,0.17820655998817836,0.8183806692798118
clustered,50,20,target_only,presto_primary,clustered_50_20_target_only_presto_primary,2751,0.6840091813312931,0.5508317929759704,0.6102389078498294,0.5923485206014604,715,413,729,894,0.41512177390039984,0.21382230626836693,0.2547631129911817,0.6449738466983915
clustered,51,20,target_only,presto_primary,clustered_51_20_target_only_presto_primary,2751,0.8844519966015293,0.6414048059149723,0.7435714285714285,0.7604187150142238,992,136,582,1041,0.26099600145401675,0.1102941133997296,0.18379474836896617,0.7980403049252107
clustered,52,20,target_only,presto_primary,clustered_52_20_target_only_presto_primary,2751,0.6712442779858511,0.9938385705483672,0.8012916045702931,0.6467419803096446,338,790,10,1613,0.2908033442384587,0.2432706894462619,0.24478343442788478,0.7804717644848214
clustered,53,20,target_only,presto_primary,clustered_53_20_target_only_presto_primary,2751,0.5095913261050876,0.3764633394947628,0.43302622253720763,0.427593371875041,540,588,1012,611,0.5816066884769174,0.28292024268215415,0.3543077008016932,0.33074804560331755
clustered,54,20,target_only,presto_primary,clustered_54_20_target_only_presto_primary,2751,0.7390417940876657,0.893407270486753,0.8089260808926081,0.7197532806334475,616,512,173,1450,0.2490003635041803,0.06249804051649426,0.18014250463583437,0.774186068614727
clustered,55,20,target_only,presto_primary,clustered_55_20_target_only_presto_primary,2751,0.6698564593301436,0.6038200862600123,0.6351263771872975,0.587814298449155,645,483,643,980,0.4093057070156307,0.13957679951717103,0.2184914188462188,0.6766773508475242
clustered,56,20,target_only,presto_primary,clustered_56_20_target_only_presto_primary,2751,0.7671339563862928,0.6069008009858287,0.6776745786033712,0.6709149395000065,829,299,638,985,0.3406034169392948,0.1799338770975927,0.23136487057944222,0.6714696320184581
clustered,57,20,target_only,presto_primary,clustered_57_20_target_only_presto_primary,2751,0.7117414248021108,0.6648182378311769,0.6874800892003823,0.6387034451567232,691,437,544,1079,0.35659760087241005,0.16411639232149802,0.22959974021521293,0.7230350065328632
clustered,58,20,target_only,presto_primary,clustered_58_20_target_only_presto_primary,2751,0.6770526315789474,0.9907578558225508,0.8044022011005503,0.6553966584077293,361,767,15,1608,0.2842602689930934,0.19386404943656854,0.2178217375499818,0.7714128791354771
clustered,59,20,target_only,presto_primary,clustered_59_20_target_only_presto_primary,2751,0.8052568697729988,0.8305606900800986,0.8177130724901426,0.7707767989407586,802,326,275,1348,0.21846601235914212,0.05164326012668253,0.16344621990983246,0.832737400750733
clustered,60,20,target_only,presto_primary,clustered_60_20_target_only_presto_primary,2751,0.6963677639046538,0.756007393715342,0.7249630723781388,0.640858306786749,593,535,396,1227,0.3384223918575064,0.08964488717129758,0.22677550786309406,0.6853557897772709
clustered,61,20,target_only,presto_primary,clustered_61_20_target_only_presto_primary,2751,0.7674278846153846,0.7868145409735059,0.7770003042287801,0.7218647172952636,741,387,346,1277,0.26644856415848783,0.20247133546614773,0.20681738355542922,0.7259010544346998
clustered,62,20,target_only,presto_primary,clustered_62_20_target_only_presto_primary,2751,0.6424452133794695,0.34319162045594576,0.44738955823293175,0.5341844627102423,818,310,1066,557,0.500181752090149,0.17390424083134037,0.2827799188516847,0.5253110210930638
clustered,63,20,target_only,presto_primary,clustered_63_20_target_only_presto_primary,2751,0.650623119896863,0.9328404189772027,0.7665822784810127,0.6060478690630694,315,813,109,1514,0.3351508542348237,0.1083918230482899,0.18567317645323914,0.8290339883675708
clustered,64,20,target_only,presto_primary,clustered_64_20_target_only_presto_primary,2751,0.6190130624092888,0.5255699322242761,0.5684771742752416,0.5300722001546911,603,525,770,853,0.4707379134860051,0.2177786025109361,0.31058754666779265,0.47980438553943094
clustered,65,20,target_only,presto_primary,clustered_65_20_target_only_presto_primary,2751,0.5024038461538461,0.2575477510782502,0.3405295315682281,0.4452632372412527,714,414,1205,418,0.5885132679025808,0.2562771012920845,0.2871014296864092,0.5228666596749736
clustered,66,20,target_only,presto_primary,clustered_66_20_target_only_presto_primary,2751,0.8530066815144766,0.7079482439926063,0.7737373737373737,0.7662081645494947,930,198,474,1149,0.24427480916030533,0.16712303148289834,0.19705961761715318,0.7876748469474706
clustered,67,20,target_only,presto_primary,clustered_67_20_target_only_presto_primary,2751,0.6536203522504892,0.8231669747381393,0.7286610308153805,0.597753700135027,420,708,287,1336,0.36168665939658307,0.1240051134533597,0.22612044233543965,0.6868401589736195
clustered,68,20,target_only,presto_primary,clustered_68_20_target_only_presto_primary,2751,0.566060606060606,0.5754775107825015,0.5707302169263673,0.4703628688664281,412,716,689,934,0.5107233733187931,0.2538715745747538,0.2951995732025542,0.49761026118343143
clustered,69,20,target_only,presto_primary,clustered_69_20_target_only_presto_primary,2751,0.8067129629629629,0.8589032655576093,0.8319904506117577,0.7814019873887337,794,334,229,1394,0.20465285350781534,0.12419337493176216,0.17703705368160347,0.8190260353167893
clustered,70,20,target_only,presto_primary,clustered_70_20_target_only_presto_primary,2751,0.8369039391845197,0.7461491065927295,0.7889250814332247,0.7684646242183506,892,236,412,1211,0.23555070883315157,0.13467686715697524,0.181694021546156,0.7779910790367195
clustered,71,20,target_only,presto_primary,clustered_71_20_target_only_presto_primary,2751,0.6627604166666666,0.6272335181762169,0.6445077556188668,0.5840068300100942,610,518,605,1018,0.4082151944747365,0.12894502710736705,0.24638796777480093,0.6418619970897077
clustered,42,20,target_only,temporal_reconstructed,clustered_42_20_target_only_temporal_reconstructed,2751,0.8636003172085647,0.6709796672828097,0.7552011095700416,0.7592486988896318,956,172,534,1089,0.25663395129043987,0.0950358493099682,0.1849151876166636,0.8024535380151459
clustered,43,20,target_only,temporal_reconstructed,clustered_43_20_target_only_temporal_reconstructed,2751,0.7068014705882353,0.9476278496611213,0.8096867596735983,0.6910125063908443,490,638,85,1538,0.2628135223555071,0.10119399722850429,0.16303369973331006,0.8501155814248196
clustered,44,20,target_only,temporal_reconstructed,clustered_44_20_target_only_temporal_reconstructed,2751,0.6855345911949685,0.5372766481823783,0.6024179620034542,0.5913333595521821,728,400,751,872,0.4183933115230825,0.09343526811006489,0.24276932359264275,0.6104703879952631
clustered,45,20,target_only,temporal_reconstructed,clustered_45_20_target_only_temporal_reconstructed,2751,0.6449648711943794,0.8484288354898336,0.7328366152208622,0.5882215099434984,370,758,246,1377,0.36495819701926574,0.08578798902154848,0.22371264703788604,0.6418505263433882
clustered,46,20,target_only,temporal_reconstructed,clustered_46_20_target_only_temporal_reconstructed,2751,0.7347188264058679,0.74060382008626,0.7376495857625038,0.6779260235183073,694,434,421,1202,0.3107960741548528,0.09009370302800004,0.2016152405762542,0.7894375182985716
clustered,47,20,target_only,temporal_reconstructed,clustered_47_20_target_only_temporal_reconstructed,2751,0.684997011356844,0.7060998151571165,0.6953883495145631,0.6194506167984164,601,527,477,1146,0.36495819701926574,0.1464515246574543,0.22913381201332597,0.6613477908435039
clustered,48,20,target_only,temporal_reconstructed,clustered_48_20_target_only_temporal_reconstructed,2751,0.6364365971107544,0.48860135551447936,0.5528058556988498,0.5435028054168142,675,453,830,793,0.4663758633224282,0.31834788550895726,0.28588372635688036,0.5606974541497883
clustered,49,20,target_only,temporal_reconstructed,clustered_49_20_target_only_temporal_reconstructed,2751,0.7237996902426432,0.8638324091189156,0.7876404494382022,0.6947708144885358,593,535,221,1402,0.2748091603053435,0.10029940277431114,0.18819534917332245,0.7818766577959563
clustered,50,20,target_only,temporal_reconstructed,clustered_50_20_target_only_temporal_reconstructed,2751,0.6151342554922702,0.4658040665434381,0.5301542776998598,0.5232389127043431,655,473,867,756,0.4870956015994184,0.3227034281808697,0.31535647526885946,0.5363447866004203
clustered,51,20,target_only,temporal_reconstructed,clustered_51_20_target_only_temporal_reconstructed,2751,0.710161662817552,0.7578558225508318,0.7332339791356185,0.656410180778962,626,502,393,1230,0.3253362413667757,0.10439090873063792,0.17795875566529867,0.7935672600866096
clustered,52,20,target_only,temporal_reconstructed,clustered_52_20_target_only_temporal_reconstructed,2751,0.6646166461664617,0.9987677141096735,0.7981290004923683,0.6367952045725672,310,818,2,1621,0.2980734278444202,0.2692099842481523,0.2704570984288542,0.642306898179101
clustered,53,20,target_only,temporal_reconstructed,clustered_53_20_target_only_temporal_reconstructed,2751,0.326442721791559,0.2335181762168823,0.27227011494252873,0.27012788243468233,346,782,1244,379,0.7364594692838967,0.3456904058841714,0.32860790564470144,0.2319428603890003
clustered,54,20,target_only,temporal_reconstructed,clustered_54_20_target_only_temporal_reconstructed,2751,0.6879212026956972,0.8176216882316697,0.7471846846846847,0.6419668724846291,526,602,296,1327,0.32642675390766995,0.09383750417532262,0.21002005589242795,0.6679431968642257
clustered,55,20,target_only,temporal_reconstructed,clustered_55_20_target_only_temporal_reconstructed,2751,0.81877444589309,0.773875539125077,0.7956921127652835,0.7637108192079285,850,278,367,1256,0.23446019629225737,0.09696581143163102,0.1664059007848396,0.8444899996941134
clustered,56,20,target_only,temporal_reconstructed,clustered_56_20_target_only_temporal_reconstructed,2751,0.6385707741639945,0.8589032655576093,0.7325275880189175,0.5797175902256132,339,789,229,1394,0.37004725554343876,0.11276474975437165,0.2368250759694393,0.5660491035338638
clustered,57,20,target_only,temporal_reconstructed,clustered_57_20_target_only_temporal_reconstructed,2751,0.6767847105115233,0.7418361059765866,0.7078189300411523,0.6160421664634705,553,575,419,1204,0.361323155216285,0.1772189711171056,0.24600903481023007,0.6102819400200138
clustered,58,20,target_only,temporal_reconstructed,clustered_58_20_target_only_temporal_reconstructed,2751,0.6806437950021178,0.9901417128773875,0.8067269076305221,0.6608509982826654,374,754,16,1607,0.27989821882951654,0.19617242214952144,0.23384558206443448,0.6687322203432048
clustered,59,20,target_only,temporal_reconstructed,clustered_59_20_target_only_temporal_reconstructed,2751,0.6953329837441007,0.8170055452865065,0.7512747875354108,0.6509673116503454,547,581,297,1326,0.31915667030170847,0.09226998337694582,0.17898677852121295,0.7976030510000305
clustered,60,20,target_only,temporal_reconstructed,clustered_60_20_target_only_temporal_reconstructed,2751,0.7554002541296061,0.7325939617991374,0.7438223334375977,0.6956409525307743,743,385,434,1189,0.29770992366412213,0.12175979547983842,0.19573658367766728,0.7750116892367255
clustered,61,20,target_only,temporal_reconstructed,clustered_61_20_target_only_temporal_reconstructed,2751,0.739202657807309,0.822550831792976,0.778652668416448,0.7024988201518072,657,471,288,1335,0.27589967284623773,0.11837629353430405,0.2010797637820499,0.7252718020651713
clustered,62,20,target_only,temporal_reconstructed,clustered_62_20_target_only_temporal_reconstructed,2751,0.7249224405377456,0.4319162045594578,0.5413127413127413,0.5980503008612892,862,266,922,701,0.4318429661941112,0.1723467267076761,0.2644590370626187,0.5979869386435241
clustered,63,20,target_only,temporal_reconstructed,clustered_63_20_target_only_temporal_reconstructed,2751,0.6564851704293936,0.9137399876771412,0.7640391550747038,0.6128983626328968,352,776,140,1483,0.33296982915303525,0.09667138809068339,0.1933922243178719,0.7779416455823425
clustered,64,20,target_only,temporal_reconstructed,clustered_64_20_target_only_temporal_reconstructed,2751,0.5058510638297873,0.5859519408502772,0.5429631744219241,0.3811851902832947,199,929,672,951,0.5819701926572156,0.20716434111909787,0.27522824072351654,0.42161383568647504
clustered,65,20,target_only,temporal_reconstructed,clustered_65_20_target_only_temporal_reconstructed,2751,0.9075144508670521,0.4836722119531731,0.6310289389067524,0.7063751130687852,1048,80,838,785,0.3336968375136314,0.18419887874671287,0.2282260750363763,0.7213602775702119
clustered,66,20,target_only,temporal_reconstructed,clustered_66_20_target_only_temporal_reconstructed,2751,0.863013698630137,0.6987060998151571,0.7722165474974464,0.7695658158650254,948,180,489,1134,0.24318429661941113,0.15903853590799605,0.18962386854748325,0.8094687187285605
clustered,67,20,target_only,temporal_reconstructed,clustered_67_20_target_only_temporal_reconstructed,2751,0.6628186628186629,0.8490449784349969,0.744462452728255,0.6137955388628885,427,701,245,1378,0.3438749545619775,0.14870856202640553,0.25418208193785086,0.5584207841183694
clustered,68,20,target_only,temporal_reconstructed,clustered_68_20_target_only_temporal_reconstructed,2751,0.643414410279945,0.8638324091189156,0.737506575486586,0.5875013109424365,351,777,221,1402,0.36277717193747727,0.18671523810482488,0.2761470995336851,0.4820160546750392
clustered,69,20,target_only,temporal_reconstructed,clustered_69_20_target_only_temporal_reconstructed,2751,0.7743212669683258,0.8434996919285275,0.8074314361545267,0.7448881438366042,729,399,254,1369,0.23736822973464194,0.10045882760149602,0.18168106693395206,0.8036585126047116
clustered,70,20,target_only,temporal_reconstructed,clustered_70_20_target_only_temporal_reconstructed,2751,0.6861156131820637,0.7825015403573629,0.7311456534254461,0.6337153091857737,547,581,353,1270,0.3395129043984006,0.13978172389061616,0.21004557773743066,0.7385647583714599
clustered,71,20,target_only,temporal_reconstructed,clustered_71_20_target_only_temporal_reconstructed,2751,0.7391623806024982,0.6198398028342575,0.6742627345844504,0.65256174538876,773,355,617,1006,0.3533260632497274,0.12603596359850422,0.21400651329125436,0.7214203624318856
clustered,42,50,target_only,alphaearth,clustered_42_50_target_only_alphaearth,2751,0.8459363957597174,0.7375231053604436,0.7880184331797235,0.7721303470064629,910,218,426,1197,0.2340966921119593,0.11439241788108744,0.16734776052739175,0.8534868883907308
clustered,43,50,target_only,alphaearth,clustered_43_50_target_only_alphaearth,2751,0.8007265179034769,0.9507085643869377,0.8692957746478873,0.805141516236022,744,384,80,1543,0.16866593965830606,0.07257603124432212,0.11986751021535223,0.916211660395992
clustered,44,50,target_only,alphaearth,clustered_44_50_target_only_alphaearth,2751,0.8385321100917431,0.844731977818854,0.8416206261510129,0.8053447123136823,864,264,252,1371,0.1875681570338059,0.18711984893085906,0.1791697373128052,0.8639935457934041
clustered,45,50,target_only,alphaearth,clustered_45_50_target_only_alphaearth,2751,0.6700886607559496,0.884781269254467,0.7626128518321826,0.6290041098045385,421,707,187,1436,0.3249727371864776,0.12270464619619727,0.20462250160369483,0.7407349143299118
clustered,46,50,target_only,alphaearth,clustered_46_50_target_only_alphaearth,2751,0.6912247770999531,0.9075785582255084,0.7847629195524773,0.6621226124460875,470,658,150,1473,0.2937113776808433,0.16122241416694952,0.1738290125708303,0.8508737431339389
clustered,47,50,target_only,alphaearth,clustered_47_50_target_only_alphaearth,2751,0.831758034026465,0.8133086876155268,0.822429906542056,0.7883032799779761,861,267,303,1320,0.20719738276990185,0.106256169773068,0.15141325952366452,0.8514603898742806
clustered,48,50,target_only,alphaearth,clustered_48_50_target_only_alphaearth,2751,0.736540664375716,0.7923598274799754,0.763431285247848,0.6922792045201296,668,460,337,1286,0.2897128316975645,0.14245953049932467,0.22245742054598697,0.6410940033123145
clustered,49,50,target_only,alphaearth,clustered_49_50_target_only_alphaearth,2751,0.8316715542521994,0.8736906962415281,0.8521634615384616,0.8096290360640264,841,287,205,1418,0.17884405670665213,0.07296377026530838,0.13697913889000063,0.8757800107497281
clustered,50,50,target_only,alphaearth,clustered_50_50_target_only_alphaearth,2751,0.7590361445783133,0.7375231053604436,0.748125,0.7003218363681651,748,380,426,1197,0.2929843693202472,0.14630203138896408,0.17410021090671535,0.8271413152248485
clustered,51,50,target_only,alphaearth,clustered_51_50_target_only_alphaearth,2751,0.836764705882353,0.7011706715958103,0.7629902782433792,0.7521810804787562,906,222,485,1138,0.25699745547073793,0.14468559545844706,0.1773461731643894,0.8193810822266794
clustered,52,50,target_only,alphaearth,clustered_52_50_target_only_alphaearth,2751,0.7764705882352941,0.8946395563770795,0.8313770397938735,0.7620360902452774,710,418,171,1452,0.21410396219556524,0.06603615642803276,0.14525452955500434,0.8676335959588014
clustered,53,50,target_only,alphaearth,clustered_53_50_target_only_alphaearth,2751,0.3226072607260726,0.24091189155884166,0.2758377425044092,0.25653750606310877,307,821,1232,391,0.7462740821519448,0.4801906759773301,0.44778826240013425,0.20564262398238092
clustered,54,50,target_only,alphaearth,clustered_54_50_target_only_alphaearth,2751,0.8157582938388626,0.8484288354898336,0.8317728782845062,0.7863598078158388,817,311,246,1377,0.2024718284260269,0.11355259929980971,0.1580022441072535,0.8642803144513924
clustered,55,50,target_only,alphaearth,clustered_55_50_target_only_alphaearth,2751,0.7545691906005222,0.8903265557609366,0.8168456755228943,0.7368299445471349,658,470,178,1445,0.23555070883315157,0.09806138205321258,0.14169751988213128,0.8806856665923799
clustered,56,50,target_only,alphaearth,clustered_56_50_target_only_alphaearth,2751,0.845513963161022,0.8767714109673445,0.8608590441621294,0.8231374785333176,868,260,200,1423,0.1672119229371138,0.15801949542360938,0.1642564183954967,0.8594877273938901
clustered,57,50,target_only,alphaearth,clustered_57_50_target_only_alphaearth,2751,0.8835341365461847,0.6777572396796057,0.7670850767085077,0.7746055701944128,983,145,523,1100,0.24282079243911306,0.19122018716336325,0.19831080888575028,0.7888585187224428
clustered,58,50,target_only,alphaearth,clustered_58_50_target_only_alphaearth,2751,0.685374149659864,0.9932224276032039,0.8110691823899371,0.6685970294044388,388,740,11,1612,0.2729916394038531,0.15403792560281118,0.16633437251423724,0.8987635627919578
clustered,59,50,target_only,alphaearth,clustered_59_50_target_only_alphaearth,2751,0.6962819893771125,0.8884781269254467,0.7807255008121278,0.6654270067251347,499,629,181,1442,0.29443838604143946,0.1266514176544527,0.16045714265459574,0.8569264736085439
clustered,60,50,target_only,alphaearth,clustered_60_50_target_only_alphaearth,2751,0.8537117903930131,0.722735674676525,0.7827827827827828,0.7722720926574114,927,201,450,1173,0.2366412213740458,0.09254321891898698,0.16414724332112118,0.8454448027687104
clustered,61,50,target_only,alphaearth,clustered_61_50_target_only_alphaearth,2751,0.6733271375464684,0.8927911275415896,0.767682119205298,0.6347820885934898,425,703,174,1449,0.3187931661214104,0.1254709140124958,0.18789945336724118,0.8102170483694062
clustered,62,50,target_only,alphaearth,clustered_62_50_target_only_alphaearth,2751,0.6787257019438445,0.7744916820702403,0.723453237410072,0.6235047062833471,533,595,366,1257,0.34932751726644856,0.11241312194012908,0.232003578925117,0.610880057506675
clustered,63,50,target_only,alphaearth,clustered_63_50_target_only_alphaearth,2751,0.6483516483516484,0.9451632778804683,0.7691150664326899,0.6037873126990994,296,832,89,1534,0.33478735005452565,0.13851458073987583,0.17159543210743133,0.8721159266396612
clustered,64,50,target_only,alphaearth,clustered_64_50_target_only_alphaearth,2751,0.45163487738419617,0.40850277264325324,0.4289873827240375,0.34742514518687484,323,805,960,663,0.6415848782260996,0.349791312994909,0.3742310894442183,0.2940061526898354
clustered,65,50,target_only,alphaearth,clustered_65_50_target_only_alphaearth,2751,0.7017543859649122,0.7147258163894024,0.7081807081807082,0.6388345394003749,635,493,463,1160,0.3475099963649582,0.16520486543501625,0.22177683445602617,0.660193888386361
clustered,66,50,target_only,alphaearth,clustered_66_50_target_only_alphaearth,2751,0.7154255319148937,0.8287122612446087,0.7679132172423637,0.6772107405513823,593,535,278,1345,0.2955288985823337,0.08489878536623395,0.19068662218350751,0.763519640102603
clustered,67,50,target_only,alphaearth,clustered_67_50_target_only_alphaearth,2751,0.6668235294117647,0.8730745532963647,0.756136606189968,0.6227074894141398,420,708,206,1417,0.3322428207924391,0.11611576236596012,0.19029504318414844,0.8050131531224464
clustered,68,50,target_only,alphaearth,clustered_68_50_target_only_alphaearth,2751,0.6466416353775553,0.9550215650030807,0.7711442786069652,0.6020675200901928,281,847,73,1550,0.3344238458742276,0.1771448814754148,0.1966314528124085,0.860667575586756
clustered,69,50,target_only,alphaearth,clustered_69_50_target_only_alphaearth,2751,0.6678276012189813,0.9451632778804683,0.7826530612244897,0.6343724190820781,365,763,89,1534,0.30970556161395857,0.14880208403785286,0.1822516649938762,0.8583892668772914
clustered,70,50,target_only,alphaearth,clustered_70_50_target_only_alphaearth,2751,0.8534822601839684,0.800369685767098,0.8260731319554849,0.8013373251530526,905,223,324,1299,0.19883678662304616,0.06203711317792338,0.14988853741117444,0.8466994839256609
clustered,71,50,target_only,alphaearth,clustered_71_50_target_only_alphaearth,2751,0.680672268907563,0.5988909426987061,0.6371681415929203,0.597317811774885,672,456,651,972,0.40239912758996726,0.13047594277981572,0.22902389570993106,0.6604588080037406
clustered,42,50,target_only,galileo,clustered_42_50_target_only_galileo,2751,0.8229342327150084,0.6013555144793592,0.6949092203631185,0.7075926508567009,918,210,647,976,0.3115230825154489,0.14679891389323543,0.21951235606821173,0.756143950219146
clustered,43,50,target_only,galileo,clustered_43_50_target_only_galileo,2751,0.7712684666327051,0.9328404189772027,0.8443948689347462,0.7673953867935659,679,449,109,1514,0.20283533260632497,0.09631022593070648,0.149046092780223,0.870889649235502
clustered,44,50,target_only,galileo,clustered_44_50_target_only_galileo,2751,0.6585100598151169,0.7461491065927295,0.6995956094742923,0.5947057589701236,500,628,412,1211,0.3780443475099964,0.050379488476045335,0.23617542329498953,0.6091741936611563
clustered,45,50,target_only,galileo,clustered_45_50_target_only_galileo,2751,0.6159833938764919,0.7313616759088108,0.6687323943661971,0.5376666535572423,388,740,436,1187,0.42748091603053434,0.06594561016796574,0.24102876005820592,0.5731948322649152
clustered,46,50,target_only,galileo,clustered_46_50_target_only_galileo,2751,0.6931246506428173,0.7640172520024646,0.7268464243845252,0.6386575621714451,579,549,383,1240,0.33878589603780446,0.1521087261867594,0.20573642889852048,0.7565814772573336
clustered,47,50,target_only,galileo,clustered_47_50_target_only_galileo,2751,0.6774541531823085,0.773875539125077,0.722461892436008,0.6218668475767228,530,598,367,1256,0.35078153398764084,0.1077801773524308,0.1978897310845939,0.7620295355330948
clustered,48,50,target_only,galileo,clustered_48_50_target_only_galileo,2751,0.6872852233676976,0.4929143561306223,0.5740940078937926,0.5851096603348147,764,364,823,800,0.43147946201381315,0.23477426068016902,0.26793120693067835,0.6453622133952098
clustered,49,50,target_only,galileo,clustered_49_50_target_only_galileo,2751,0.6911045943304008,0.43561306223043744,0.5343915343915344,0.5777356091294031,812,316,916,707,0.44783715012722647,0.16574699829856077,0.26225443418488215,0.6056166236240568
clustered,50,50,target_only,galileo,clustered_50_50_target_only_galileo,2751,0.6358126721763085,0.7110289587184226,0.6713205351948808,0.562518025458502,467,661,469,1154,0.41075972373682296,0.1784829989337013,0.24117561773173124,0.6808100968786461
clustered,51,50,target_only,galileo,clustered_51_50_target_only_galileo,2751,0.6455284552845528,0.7338262476894639,0.6868512110726643,0.5770195068234554,474,654,432,1191,0.39476553980370777,0.18537978116364023,0.2522858212555747,0.6733707716644162
clustered,52,50,target_only,galileo,clustered_52_50_target_only_galileo,2751,0.6650031191515907,0.6568083795440542,0.6608803471791692,0.5903722748784102,591,537,557,1066,0.3976735732460923,0.13831137762546458,0.22690002483216243,0.6365707056803136
clustered,53,50,target_only,galileo,clustered_53_50_target_only_galileo,2751,0.4799658994032396,0.34688847812692547,0.4027181688125894,0.40305416814147693,518,610,1060,563,0.6070519810977826,0.43090679417878275,0.4407827099794714,0.2989276490869286
clustered,54,50,target_only,galileo,clustered_54_50_target_only_galileo,2751,0.5738678544914625,0.4762784966112138,0.5205387205387205,0.48370662419213173,554,574,850,773,0.5176299527444566,0.28193247702248453,0.29936887536926127,0.5238280174617532
clustered,55,50,target_only,galileo,clustered_55_50_target_only_galileo,2751,0.6924623115577889,0.8490449784349969,0.7628009964018821,0.6532458934728176,516,612,245,1378,0.3115230825154489,0.11115843150242424,0.210930713141936,0.6734256673789454
clustered,56,50,target_only,galileo,clustered_56_50_target_only_galileo,2751,0.6361396303901438,0.9544054220579175,0.7634302612124199,0.584472214575058,242,886,74,1549,0.3489640130861505,0.10497531083372022,0.2011138536330473,0.7652741180634759
clustered,57,50,target_only,galileo,clustered_57_50_target_only_galileo,2751,0.6801566579634465,0.6420209488601355,0.6605388272583201,0.603811892869784,638,490,581,1042,0.3893129770992366,0.16001321470932564,0.2415211804606846,0.6693459052712996
clustered,58,50,target_only,galileo,clustered_58_50_target_only_galileo,2751,0.6774193548387096,0.9963031423290203,0.8064837905236908,0.6568395144269215,358,770,6,1617,0.28207924391130496,0.19875565249000365,0.21628632925077748,0.7984499744366225
clustered,59,50,target_only,galileo,clustered_59_50_target_only_galileo,2751,0.7856294536817102,0.8151571164510166,0.8001209555488358,0.7475608277290544,767,361,300,1323,0.24027626317702652,0.08448045448367836,0.17979192185799459,0.7879086316819829
clustered,60,50,target_only,galileo,clustered_60_50_target_only_galileo,2751,0.8058394160583942,0.6802218114602587,0.7377213498162379,0.7222031043116897,862,266,519,1104,0.28535078153398763,0.13395101824484307,0.20709612370326932,0.7608333005597725
clustered,61,50,target_only,galileo,clustered_61_50_target_only_galileo,2751,0.644266917293233,0.844731977818854,0.7310050653159158,0.5868163435193561,371,757,252,1371,0.3667757179207561,0.12283681590455765,0.2455582069394781,0.623462373767168
clustered,62,50,target_only,galileo,clustered_62_50_target_only_galileo,2751,0.7518656716417911,0.744916820702403,0.7483751160631383,0.6955967082235419,729,399,414,1209,0.2955288985823337,0.11976053876415026,0.19531160623959412,0.7604208999182845
clustered,63,50,target_only,galileo,clustered_63_50_target_only_galileo,2751,0.6386159760785989,0.9211337030191005,0.7542885973763875,0.5855668515095502,282,846,128,1495,0.3540530716103235,0.11185413046366464,0.20725943809781616,0.7785665281437493
clustered,64,50,target_only,galileo,clustered_64_50_target_only_galileo,2751,0.48189910979228484,0.5003080714725816,0.4909310761789601,0.3631859506299078,255,873,811,812,0.6121410396219557,0.35926971754767467,0.38105697608143446,0.3811401266370394
clustered,65,50,target_only,galileo,clustered_65_50_target_only_galileo,2751,0.8236514522821576,0.7338262476894639,0.7761485826001955,0.7538812089511149,873,255,432,1191,0.24972737186477645,0.13500905673386776,0.19029388701948746,0.8105677254711745
clustered,66,50,target_only,galileo,clustered_66_50_target_only_galileo,2751,0.7739283617146212,0.8120764017252002,0.7925435959110042,0.7353821724938058,743,385,305,1318,0.25081788440567065,0.07256216355658901,0.1884611571678312,0.7742502501715149
clustered,67,50,target_only,galileo,clustered_67_50_target_only_galileo,2751,0.6580366774541532,0.751694393099199,0.7017543859649122,0.5948188277552733,494,634,403,1220,0.3769538349691021,0.19928686455280026,0.27729873096410523,0.6170860043785478
clustered,68,50,target_only,galileo,clustered_68_50_target_only_galileo,2751,0.62013256006628,0.922365988909427,0.7416398315580877,0.5547113632490397,211,917,126,1497,0.3791348600508906,0.14568025873484047,0.23072982484646898,0.7300124976512281
clustered,69,50,target_only,galileo,clustered_69_50_target_only_galileo,2751,0.6754716981132075,0.8823166974738139,0.7651616350520972,0.6361938097298148,440,688,191,1432,0.31952017448200654,0.11365426295417064,0.1835744552496371,0.8131557443312665
clustered,70,50,target_only,galileo,clustered_70_50_target_only_galileo,2751,0.6482364156339371,0.8379544054220579,0.7309862940069873,0.5918495431365609,390,738,263,1360,0.3638676844783715,0.16436329891549262,0.20967920334290344,0.7709433978753992
clustered,71,50,target_only,galileo,clustered_71_50_target_only_galileo,2751,0.46324269889224573,0.28342575477510784,0.3516819571865443,0.40545401213932697,595,533,1163,460,0.6165030897855326,0.3610591401182806,0.36698926435646173,0.46252889535620495
clustered,42,50,target_only,presto_primary,clustered_42_50_target_only_presto_primary,2751,0.8817204301075269,0.4041897720271103,0.5542881284326151,0.6630877938149736,1040,88,967,656,0.38349691021446747,0.23852794220520004,0.25014273574538876,0.7708076607106182
clustered,43,50,target_only,presto_primary,clustered_43_50_target_only_presto_primary,2751,0.7562568008705114,0.8564386937769563,0.8032360589425022,0.7296377866047902,680,448,233,1390,0.247546346782988,0.07484619158559998,0.1541020047482806,0.8552217022150558
clustered,44,50,target_only,presto_primary,clustered_44_50_target_only_presto_primary,2751,0.8071379547014413,0.7245841035120147,0.7636363636363637,0.7377353141673548,847,281,447,1176,0.26463104325699743,0.16632912472492956,0.19706080022995834,0.7955257534641654
clustered,45,50,target_only,presto_primary,clustered_45_50_target_only_presto_primary,2751,0.672093023255814,0.8903265557609366,0.7659687251523987,0.6326632778804683,423,705,178,1445,0.3209741912031988,0.10326725430112878,0.19952881999576386,0.7720358499058306
clustered,46,50,target_only,presto_primary,clustered_46_50_target_only_presto_primary,2751,0.6906235126130414,0.8940234134319162,0.7792696025778733,0.6588911393400716,478,650,172,1451,0.29880043620501634,0.09393559344392445,0.17221860592377985,0.8305901862849203
clustered,47,50,target_only,presto_primary,clustered_47_50_target_only_presto_primary,2751,0.6561974200785193,0.7208872458410351,0.6870229007633588,0.5887237647644892,515,613,453,1170,0.3874954561977463,0.11851404382682261,0.18846064511524627,0.7553732253116765
clustered,48,50,target_only,presto_primary,clustered_48_50_target_only_presto_primary,2751,0.6507806080525883,0.4879852125693161,0.5577464788732395,0.555606081461963,703,425,831,792,0.45656125045438023,0.2908528906364835,0.2840354257191995,0.5545330204550718
clustered,49,50,target_only,presto_primary,clustered_49_50_target_only_presto_primary,2751,0.7676590776415645,0.8102279728897104,0.7883693045563549,0.7286955467285432,730,398,308,1315,0.25663395129043987,0.06349121543035233,0.1754260348879141,0.812731872943459
clustered,50,50,target_only,presto_primary,clustered_50_50_target_only_presto_primary,2751,0.717391304347826,0.7929759704251387,0.7532923617208077,0.6717539426593778,621,507,336,1287,0.3064340239912759,0.16396521287623633,0.177418028049085,0.8215392212127965
clustered,51,50,target_only,presto_primary,clustered_51_50_target_only_presto_primary,2751,0.8794326241134752,0.6112138016019717,0.7211922937113777,0.7453232128577234,992,136,631,992,0.27880770628862234,0.15246556499333483,0.1922847486549721,0.7769002656843338
clustered,52,50,target_only,presto_primary,clustered_52_50_target_only_presto_primary,2751,0.7766721945826424,0.8656808379544054,0.8187645687645687,0.7537624047928055,724,404,218,1405,0.22609960014540167,0.08017233611593157,0.16035515375380943,0.8166160861376579
clustered,53,50,target_only,presto_primary,clustered_53_50_target_only_presto_primary,2751,0.38066260987153483,0.34688847812692547,0.36299161831076726,0.2674158702691365,212,916,1060,563,0.7182842602689931,0.42866105325779186,0.4024302923212282,0.2880637598703041
clustered,54,50,target_only,presto_primary,clustered_54_50_target_only_presto_primary,2751,0.7907514450867053,0.8428835489833642,0.8159856844616761,0.7609807815838807,766,362,255,1368,0.2242820792439113,0.051484539661258294,0.1577843360263791,0.8382089467451483
clustered,55,50,target_only,presto_primary,clustered_55_50_target_only_presto_primary,2751,0.7456946039035591,0.800369685767098,0.7720653789004458,0.7038195946565986,685,443,324,1299,0.27880770628862234,0.06794343857205362,0.17832791550639562,0.7835033188692684
clustered,56,50,target_only,presto_primary,clustered_56_50_target_only_presto_primary,2751,0.6606516290726817,0.8120764017252002,0.728579325594251,0.6059495483803305,451,677,305,1318,0.3569611050527081,0.1047328401875495,0.21018173820478486,0.7189230170903196
clustered,57,50,target_only,presto_primary,clustered_57_50_target_only_presto_primary,2751,0.9058927000879508,0.6346272335181762,0.7463768115942029,0.7698845387449037,1021,107,593,1030,0.2544529262086514,0.23187834047474742,0.23430881123148153,0.753251683468579
clustered,58,50,target_only,presto_primary,clustered_58_50_target_only_presto_primary,2751,0.684931506849315,0.9858287122612446,0.8082849204344531,0.6666732213788492,392,736,23,1600,0.27589967284623773,0.17836665454986073,0.2097313219435357,0.7769390477314141
clustered,59,50,target_only,presto_primary,clustered_59_50_target_only_presto_primary,2751,0.6849380362249762,0.8853974121996303,0.7723730180059124,0.6497022521991059,467,661,186,1437,0.30788804071246817,0.0668642732976802,0.18034246426137734,0.8070371936218281
clustered,60,50,target_only,presto_primary,clustered_60_50_target_only_presto_primary,2751,0.8536398467432951,0.6863832409118915,0.7609289617486339,0.7585284998885699,937,191,509,1114,0.2544529262086514,0.10381454418494666,0.18695943839002804,0.809155184995827
clustered,61,50,target_only,presto_primary,clustered_61_50_target_only_presto_primary,2751,0.6330224904004388,0.7110289587184226,0.669762042948346,0.558971926167722,459,669,469,1154,0.41366775717920756,0.14477232287114847,0.21885322162239704,0.6843185065743763
clustered,62,50,target_only,presto_primary,clustered_62_50_target_only_presto_primary,2751,0.7124463519313304,0.6136783733826248,0.6593843098311817,0.6286476973296102,726,402,627,996,0.37404580152671757,0.10446703737471066,0.231459484649129,0.6707999589238036
clustered,63,50,target_only,presto_primary,clustered_63_50_target_only_presto_primary,2751,0.6525353283458022,0.9673444239063462,0.7793497145693721,0.6131048360666482,292,836,53,1570,0.3231552162849873,0.15692928885277208,0.1987473604031257,0.836303710404076
clustered,64,50,target_only,presto_primary,clustered_64_50_target_only_presto_primary,2751,0.5547785547785548,0.5865680837954406,0.570230607966457,0.4546315596282168,364,764,671,952,0.5216284987277354,0.25144425908619633,0.30523886599196487,0.5571827628548831
clustered,65,50,target_only,presto_primary,clustered_65_50_target_only_presto_primary,2751,0.5989847715736041,0.36352433764633396,0.45245398773006135,0.5066735163408975,733,395,1033,590,0.5190839694656488,0.2432815944584883,0.3040196113423329,0.5547241995603973
clustered,66,50,target_only,presto_primary,clustered_66_50_target_only_presto_primary,2751,0.7066582914572864,0.6931608133086876,0.6998444790046656,0.639576860555053,661,467,498,1125,0.35078153398764084,0.12150467228685136,0.19042474434242082,0.7735499884200085
clustered,67,50,target_only,presto_primary,clustered_67_50_target_only_presto_primary,2751,0.6911764705882353,0.8108441158348737,0.7462432662319252,0.6447837600450964,540,588,307,1316,0.3253362413667757,0.09547442870453414,0.1946230828105366,0.7663611078337551
clustered,68,50,target_only,presto_primary,clustered_68_50_target_only_presto_primary,2751,0.6490638502160345,0.8330252618607517,0.7296276308688613,0.5924878082353404,397,731,271,1352,0.3642311886586696,0.15184267936569334,0.2170712439296065,0.6976567996399278
clustered,69,50,target_only,presto_primary,clustered_69_50_target_only_presto_primary,2751,0.738659793814433,0.8829328404189772,0.8043783328655627,0.716732377656297,621,507,190,1433,0.2533624136677572,0.08137043472589389,0.17406987463421006,0.8154673728276592
clustered,70,50,target_only,presto_primary,clustered_70_50_target_only_presto_primary,2751,0.8459972862957937,0.7683302526186075,0.8052954472069745,0.7835445589334172,901,227,376,1247,0.21919302071973829,0.10536614959655546,0.17232477024936876,0.8038453219019154
clustered,71,50,target_only,presto_primary,clustered_71_50_target_only_presto_primary,2751,0.7212732919254659,0.5723967960566851,0.6382686362074889,0.6270671923545836,769,359,694,929,0.38276990185387133,0.16406951240226092,0.24206975226992322,0.6735928125396015
clustered,42,50,target_only,temporal_reconstructed,clustered_42_50_target_only_temporal_reconstructed,2751,0.828125,0.29390018484288355,0.43383356070941337,0.6030671136980376,1029,99,1146,477,0.4525627044711014,0.254385885294516,0.2546974774044712,0.785196619516437
clustered,43,50,target_only,temporal_reconstructed,clustered_43_50_target_only_temporal_reconstructed,2751,0.730533270410571,0.9537892791127541,0.8273650454302512,0.7237918026769444,557,571,75,1548,0.23482370047255544,0.09138072319561419,0.15124575329189188,0.8699179131544335
clustered,44,50,target_only,temporal_reconstructed,clustered_44_50_target_only_temporal_reconstructed,2751,0.7775712515489467,0.7732593961799138,0.7754093296261971,0.727498492416198,769,359,368,1255,0.26426753907669936,0.12051352815340632,0.2050084652927442,0.7530381090966296
clustered,45,50,target_only,temporal_reconstructed,clustered_45_50_target_only_temporal_reconstructed,2751,0.6645661657779932,0.844731977818854,0.7438958220293,0.6156284002569448,436,692,252,1371,0.34314794620138134,0.10701645872797508,0.21728532841823017,0.6821226779932092
clustered,46,50,target_only,temporal_reconstructed,clustered_46_50_target_only_temporal_reconstructed,2751,0.6759941089837997,0.8484288354898336,0.7524590163934426,0.6316612262555551,468,660,246,1377,0.3293347873500545,0.13631783055882013,0.18309173166330628,0.8131131387020796
clustered,47,50,target_only,temporal_reconstructed,clustered_47_50_target_only_temporal_reconstructed,2751,0.6989946777054997,0.7282809611829945,0.7133373566686784,0.6385199132156107,619,509,441,1182,0.34532897128316975,0.1471314987225811,0.19181350864304264,0.7783272811490848
clustered,48,50,target_only,temporal_reconstructed,clustered_48_50_target_only_temporal_reconstructed,2751,0.6016949152542372,0.4374614910659273,0.5066000713521227,0.5103974121996303,658,470,913,710,0.5027262813522355,0.35836113470238606,0.33603910715722946,0.5279684106570881
clustered,49,50,target_only,temporal_reconstructed,clustered_49_50_target_only_temporal_reconstructed,2751,0.7784770295783512,0.7621688231669748,0.7702366127023661,0.7250560427891611,776,352,386,1237,0.2682660850599782,0.08334930708297932,0.17704992705156364,0.8133212508138767
clustered,50,50,target_only,temporal_reconstructed,clustered_50_50_target_only_temporal_reconstructed,2751,0.6803039158386909,0.7171903881700554,0.6982603479304139,0.6161306550779355,581,547,459,1164,0.3656852053798619,0.14493587524112184,0.23681010635502328,0.6606254069383812
clustered,51,50,target_only,temporal_reconstructed,clustered_51_50_target_only_temporal_reconstructed,2751,0.8387741505662891,0.7757239679605669,0.8060179257362355,0.7805924804341842,886,242,364,1259,0.2202835332606325,0.10837032478997448,0.16802078796308836,0.8212945119579799
clustered,52,50,target_only,temporal_reconstructed,clustered_52_50_target_only_temporal_reconstructed,2751,0.7998805256869773,0.8250154035736291,0.8122535638459205,0.7640147939853961,793,335,284,1339,0.22500908760450744,0.09186594111456765,0.15410637084512463,0.8547989232792789
clustered,53,50,target_only,temporal_reconstructed,clustered_53_50_target_only_temporal_reconstructed,2751,0.4479283314669653,0.24645717806531114,0.3179650238473768,0.4047002202383293,635,493,1223,400,0.623773173391494,0.24059427910017342,0.3204635030416181,0.31173610291772086
clustered,54,50,target_only,temporal_reconstructed,clustered_54_50_target_only_temporal_reconstructed,2751,0.7383419689119171,0.878003696857671,0.8021390374331551,0.715154330698339,623,505,198,1425,0.2555434387495456,0.07914373402120183,0.16743709528980472,0.8333633757641703
clustered,55,50,target_only,temporal_reconstructed,clustered_55_50_target_only_temporal_reconstructed,2751,0.7510204081632653,0.906962415280345,0.8216578286352219,0.737169150902584,640,488,151,1472,0.23227917121046893,0.0700696721378549,0.1563322261619556,0.8552861568848512
clustered,56,50,target_only,temporal_reconstructed,clustered_56_50_target_only_temporal_reconstructed,2751,0.6412037037037037,0.8533579790511399,0.7322231033571239,0.5831506207312437,353,775,238,1385,0.36822973464194836,0.1608565936094323,0.24718306737154486,0.5625592655226509
clustered,57,50,target_only,temporal_reconstructed,clustered_57_50_target_only_temporal_reconstructed,2751,0.6799104644655848,0.7486136783733827,0.7126099706744868,0.6207607398959112,556,572,408,1215,0.356234096692112,0.1883697552172919,0.24266645133281692,0.66204013231779
clustered,58,50,target_only,temporal_reconstructed,clustered_58_50_target_only_temporal_reconstructed,2751,0.6896849374190764,0.984596426370918,0.8111675126903554,0.6735925394265938,409,719,25,1598,0.27044711014176664,0.19418299566921335,0.22550294678324737,0.7135861158086547
clustered,59,50,target_only,temporal_reconstructed,clustered_59_50_target_only_temporal_reconstructed,2751,0.6905503634475597,0.8194701170671596,0.7495069033530573,0.6455506613704592,532,596,293,1330,0.3231552162849873,0.09690847640018364,0.1789319439055479,0.7962164562604055
clustered,60,50,target_only,temporal_reconstructed,clustered_60_50_target_only_temporal_reconstructed,2751,0.8657487091222031,0.6198398028342575,0.7224416517055655,0.740770965246916,972,156,617,1006,0.28098873137041075,0.1451728333930138,0.19287352325392373,0.8266955947964324
clustered,61,50,target_only,temporal_reconstructed,clustered_61_50_target_only_temporal_reconstructed,2751,0.6663419386264003,0.8428835489833642,0.7442872687704026,0.6178070227186324,443,685,255,1368,0.341693929480189,0.09961749729991322,0.19434019607229064,0.7637905682061501
clustered,62,50,target_only,temporal_reconstructed,clustered_62_50_target_only_temporal_reconstructed,2751,0.8185419968304279,0.636475662353666,0.7161178509532062,0.7167307389782515,899,229,590,1033,0.29770992366412213,0.1732302334920358,0.20522574534536775,0.7810633272593002
clustered,63,50,target_only,temporal_reconstructed,clustered_63_50_target_only_temporal_reconstructed,2751,0.6593115622241836,0.9205175600739371,0.7683209051169967,0.6180601984766849,356,772,129,1494,0.32751726644856416,0.07679460927736335,0.18978247520365593,0.7792984710041382
clustered,64,50,target_only,temporal_reconstructed,clustered_64_50_target_only_temporal_reconstructed,2751,0.546875,0.5175600739371534,0.5318138651471985,0.45026939867070437,432,696,783,840,0.5376226826608506,0.23233212774098094,0.2768811671241227,0.5203851548878489
clustered,65,50,target_only,temporal_reconstructed,clustered_65_50_target_only_temporal_reconstructed,2751,0.6309734513274337,0.43930991990141716,0.5179803850345078,0.5348145344187937,711,417,910,713,0.48237004725554344,0.25875180703519224,0.2657400947888846,0.6079872445300927
clustered,66,50,target_only,temporal_reconstructed,clustered_66_50_target_only_temporal_reconstructed,2751,0.856394913986537,0.7054836722119532,0.7736486486486487,0.7676354531272531,936,192,478,1145,0.2435478007997092,0.15417565213291995,0.19021798034152643,0.7975304029400068
clustered,67,50,target_only,temporal_reconstructed,clustered_67_50_target_only_temporal_reconstructed,2751,0.65,0.7769562538508934,0.707830479932641,0.5875029496204822,449,679,362,1261,0.37840785169029445,0.2502280312790479,0.2925404033730689,0.5073593031030008
clustered,68,50,target_only,temporal_reconstructed,clustered_68_50_target_only_temporal_reconstructed,2751,0.6640776699029126,0.8428835489833642,0.7428726581591094,0.6147041858391998,436,692,255,1368,0.34423845874227554,0.17792487427530929,0.24716344678529095,0.5963892275490182
clustered,69,50,target_only,temporal_reconstructed,clustered_69_50_target_only_temporal_reconstructed,2751,0.6630019120458891,0.8545902649414664,0.7467025572005384,0.6147951324707333,423,705,236,1387,0.3420574336604871,0.11512638712833076,0.19538357669819797,0.7537378246221209
clustered,70,50,target_only,temporal_reconstructed,clustered_70_50_target_only_temporal_reconstructed,2751,0.8437077131258457,0.7683302526186075,0.8042566913898742,0.7817715092880272,897,231,376,1247,0.22064703744093056,0.10428487976723196,0.17009554899242507,0.8151243428901036
clustered,71,50,target_only,temporal_reconstructed,clustered_71_50_target_only_temporal_reconstructed,2751,0.6756529064869419,0.4941466420209489,0.5708185053380783,0.5764172926416801,743,385,821,802,0.43838604143947657,0.1793132800998031,0.25669813836717476,0.6382782082038777
clustered,42,100,target_only,alphaearth,clustered_42_100_target_only_alphaearth,2751,0.8139963167587477,0.8170055452865065,0.8154981549815498,0.7741942620049553,825,303,297,1326,0.21810250817884405,0.0761397810217876,0.1475753720970007,0.8747072228558445
clustered,43,100,target_only,alphaearth,clustered_43_100_target_only_alphaearth,2751,0.8068057080131723,0.9057301293900185,0.8534107402031931,0.796836695900683,776,352,153,1470,0.18356961105052708,0.04097666006214893,0.12838834897518575,0.8977686121052425
clustered,44,100,target_only,alphaearth,clustered_44_100_target_only_alphaearth,2751,0.8881944444444444,0.7880468268638324,0.8351289585373817,0.8226581652049658,967,161,344,1279,0.18356961105052708,0.08883984642639246,0.1401571001797809,0.8791469479075174
clustered,45,100,target_only,alphaearth,clustered_45_100_target_only_alphaearth,2751,0.6914460285132383,0.8367221195317314,0.757178700864232,0.6497440384892699,522,606,265,1358,0.31661214103962193,0.09974467952065524,0.17699460286998728,0.8085811014538351
clustered,46,100,target_only,alphaearth,clustered_46_100_target_only_alphaearth,2751,0.6922348484848485,0.9008009858287123,0.7828647925033467,0.6622799255384696,478,650,161,1462,0.29480189022173753,0.12290794023530077,0.18074441672188085,0.8267081579947824
clustered,47,100,target_only,alphaearth,clustered_47_100_target_only_alphaearth,2751,0.8575197889182058,0.8009858287122612,0.8282892640968461,0.8047482335050667,912,216,323,1300,0.19592875318066158,0.10635481147782924,0.1491839810736912,0.8463952360351857
clustered,48,100,target_only,alphaearth,clustered_48_100_target_only_alphaearth,2751,0.9221160911094783,0.7732593961799138,0.8411528150134048,0.83964388248712,1022,106,368,1255,0.1723009814612868,0.09518303879812466,0.14399697250454752,0.845299506648663
clustered,49,100,target_only,alphaearth,clustered_49_100_target_only_alphaearth,2751,0.8182342758222735,0.8736906962415281,0.8450536352800954,0.7972176885462959,813,315,205,1418,0.1890221737549982,0.06538056327430006,0.13606451960545582,0.8838821812334221
clustered,50,100,target_only,alphaearth,clustered_50_100_target_only_alphaearth,2751,0.937603993344426,0.6943930991990142,0.7978761061946903,0.8139518687484433,1053,75,496,1127,0.20756088695019992,0.15030195703955362,0.17084417762523488,0.8457364874608355
clustered,51,100,target_only,alphaearth,clustered_51_100_target_only_alphaearth,2751,0.6971399387129724,0.8410351201478743,0.7623568835520804,0.6576629501448591,535,593,258,1365,0.3093420574336605,0.10765570892333202,0.17311834456746075,0.8300947592891196
clustered,52,100,target_only,alphaearth,clustered_52_100_target_only_alphaearth,2751,0.7531472359058566,0.8478126925446704,0.7976811594202898,0.7239949987546047,677,451,247,1376,0.25372591784805526,0.09067985015007025,0.16948427068601668,0.800050689774212
clustered,53,100,target_only,alphaearth,clustered_53_100_target_only_alphaearth,2751,0.6751760563380281,0.47258163894023414,0.5559985501993476,0.572726989682883,759,369,856,767,0.44529262086513993,0.16415995171109396,0.2309177437869238,0.6733060438816132
clustered,54,100,target_only,alphaearth,clustered_54_100_target_only_alphaearth,2751,0.7422920302501455,0.7861983980283426,0.7636146020347098,0.696733950787221,685,443,347,1276,0.28716830243547803,0.11859604618236463,0.18887072490322912,0.7587898690368506
clustered,55,100,target_only,alphaearth,clustered_55_100_target_only_alphaearth,2751,0.6306930693069307,0.392483056069008,0.48385871629320165,0.5309046486018799,755,373,986,637,0.4940021810250818,0.17090337796430896,0.2685722416580326,0.5840428809270984
clustered,56,100,target_only,alphaearth,clustered_56_100_target_only_alphaearth,2751,0.6498708010335917,0.9297597042513863,0.7650190114068441,0.6045075117001613,315,813,114,1509,0.33696837513631406,0.07372667717296903,0.20059379502320834,0.7416897174045087
clustered,57,100,target_only,alphaearth,clustered_57_100_target_only_alphaearth,2751,0.3705357142857143,0.2556993222427603,0.3025884068538097,0.3153496611213802,423,705,1208,415,0.6953834969102145,0.3691654487314055,0.34249703376605817,0.36349484144151234
clustered,58,100,target_only,alphaearth,clustered_58_100_target_only_alphaearth,2751,0.7263253285002266,0.9876771410967344,0.8370757180156658,0.7261080740944665,524,604,20,1603,0.2268266085059978,0.1274626747100273,0.1543213423548145,0.873129449010894
clustered,59,100,target_only,alphaearth,clustered_59_100_target_only_alphaearth,2751,0.6710053859964094,0.9211337030191005,0.7764217086471047,0.6356555039918197,395,733,128,1495,0.31297709923664124,0.13144797190543717,0.19514648367892296,0.8342720227404814
clustered,60,100,target_only,alphaearth,clustered_60_100_target_only_alphaearth,2751,0.9474548440065681,0.7110289587184226,0.8123900035198873,0.8271456850329701,1064,64,469,1154,0.19374772809887314,0.1498850624891455,0.16111022778463907,0.8368499364192918
clustered,61,100,target_only,alphaearth,clustered_61_100_target_only_alphaearth,2751,0.68212890625,0.8607516943930992,0.7611005175701444,0.6418120174093156,477,651,226,1397,0.3187931661214104,0.05518056639775778,0.18959184361229156,0.7770786084783017
clustered,62,100,target_only,alphaearth,clustered_62_100_target_only_alphaearth,2751,0.9348017621145375,0.6537276648182379,0.7693981145757796,0.7940624139694026,1054,74,562,1061,0.2311886586695747,0.14949745573674703,0.17815963857090822,0.8361507671198158
clustered,63,100,target_only,alphaearth,clustered_63_100_target_only_alphaearth,2751,0.6630148992112183,0.9322242760320394,0.7749039692701665,0.6252433436897785,359,769,110,1513,0.31952017448200654,0.14343678656881084,0.19644129877327193,0.820327145685033
clustered,64,100,target_only,alphaearth,clustered_64_100_target_only_alphaearth,2751,0.47863247863247865,0.41404805914972276,0.44400396432111,0.3825559444684784,396,732,951,672,0.6117775354416576,0.3591118211391771,0.36421982741634246,0.3661265583828214
clustered,65,100,target_only,alphaearth,clustered_65_100_target_only_alphaearth,2751,0.7939814814814815,0.634011090573013,0.7050359712230215,0.6986544814567193,861,267,594,1029,0.31297709923664124,0.1718492806427605,0.19932549573953678,0.7907222418863589
clustered,66,100,target_only,alphaearth,clustered_66_100_target_only_alphaearth,2751,0.8532055122828041,0.8773875539125077,0.8651275820170109,0.8300944861761119,883,245,199,1424,0.1613958560523446,0.05670364621672233,0.11809245468706248,0.9085857989975661
clustered,67,100,target_only,alphaearth,clustered_67_100_target_only_alphaearth,2751,0.6695876288659793,0.800369685767098,0.7291608195341005,0.6160536372097901,487,641,324,1299,0.35078153398764084,0.15088847639244415,0.2033981056575566,0.7827874896763283
clustered,68,100,target_only,alphaearth,clustered_68_100_target_only_alphaearth,2751,0.8273211117681845,0.8619839802834257,0.8442969221484611,0.8015593660282376,836,292,224,1399,0.1875681570338059,0.0677901401163874,0.14354085091436644,0.8703518897235223
clustered,69,100,target_only,alphaearth,clustered_69_100_target_only_alphaearth,2751,0.8344370860927153,0.8539741219963032,0.8440925700365408,0.8050898978775842,853,275,237,1386,0.18611414031261359,0.05051034863135792,0.1205349108746949,0.8954446935235074
clustered,70,100,target_only,alphaearth,clustered_70_100_target_only_alphaearth,2751,0.8944323933477947,0.7621688231669748,0.823020625415835,0.8163680995267497,982,146,386,1237,0.19338422391857507,0.11757897660668168,0.15622065314734787,0.8302015464750943
clustered,71,100,target_only,alphaearth,clustered_71_100_target_only_alphaearth,2751,0.660284126003706,0.6586568083795441,0.6594694632942628,0.5855340779486373,578,550,554,1069,0.40130861504907306,0.1279290232950032,0.23412256057468708,0.6412797201574879
clustered,42,100,target_only,galileo,clustered_42_100_target_only_galileo,2751,0.790044671346522,0.762784966112138,0.7761755485893417,0.7355591497227356,799,329,385,1238,0.2595419847328244,0.07745444844300041,0.17841764383907766,0.8145311414375795
clustered,43,100,target_only,galileo,clustered_43_100_target_only_galileo,2751,0.7320455671124318,0.9106592729513248,0.8116419549697969,0.7155246719366553,587,541,145,1478,0.24936386768447838,0.07074079062578613,0.15892570164152642,0.8236481998575443
clustered,44,100,target_only,galileo,clustered_44_100_target_only_galileo,2751,0.8452860596293312,0.6463339494762785,0.7325418994413407,0.7380605917594159,936,192,574,1049,0.27844420210832427,0.14856302044313108,0.20136116350757494,0.7830182701677569
clustered,45,100,target_only,galileo,clustered_45_100_target_only_galileo,2751,0.6105849582172702,0.6752926678989526,0.6413107080163839,0.5278059084175614,429,699,527,1096,0.445656125045438,0.11212507433548996,0.23045333367065268,0.6283718531919263
clustered,46,100,target_only,galileo,clustered_46_100_target_only_galileo,2751,0.6436548223350254,0.7812692544670363,0.7058168661285834,0.5794644144675607,426,702,355,1268,0.3842239185750636,0.09719197723659719,0.22796447337735654,0.670978028604764
clustered,47,100,target_only,galileo,clustered_47_100_target_only_galileo,2751,0.6818181818181818,0.7763401109057301,0.7260155574762316,0.6275317575805246,540,588,363,1260,0.3456924754634678,0.12453013738143211,0.1994357211438826,0.7666385906494846
clustered,48,100,target_only,galileo,clustered_48_100_target_only_galileo,2751,0.7982726711906231,0.7972889710412816,0.7977805178791615,0.7536976770100026,801,327,329,1294,0.23845874227553618,0.10272464940338057,0.17629725052792078,0.8058040883924786
clustered,49,100,target_only,galileo,clustered_49_100_target_only_galileo,2751,0.75,0.866913123844732,0.8042297799371249,0.7255664910003802,659,469,216,1407,0.2490003635041803,0.0494557388735124,0.17711088790677554,0.7795622981694873
clustered,50,100,target_only,galileo,clustered_50_100_target_only_galileo,2751,0.7905604719764012,0.6605052372150338,0.7197045988586774,0.704366093784822,844,284,551,1072,0.3035259905488913,0.18792254280175147,0.21978997658777863,0.7379147494133533
clustered,51,100,target_only,galileo,clustered_51_100_target_only_galileo,2751,0.6499077490774908,0.8681454097350585,0.7433394882616724,0.5976365346547633,369,759,214,1409,0.35368956743002544,0.08918912474085414,0.21523080722077761,0.7317352945032183
clustered,52,100,target_only,galileo,clustered_52_100_target_only_galileo,2751,0.6630286493860846,0.5988909426987061,0.6293298802201359,0.5804738401436793,634,494,651,972,0.4162122864412941,0.19702230098007217,0.24003611030418454,0.613116853038983
clustered,53,100,target_only,galileo,clustered_53_100_target_only_galileo,2751,0.6035031847133758,0.4670363524337646,0.5265717262938521,0.5127734953658185,630,498,865,758,0.4954561977462741,0.27871412532534184,0.29277095024724065,0.5739519015220043
clustered,54,100,target_only,galileo,clustered_54_100_target_only_galileo,2751,0.5323257766582704,0.39063462723351816,0.4506041222459133,0.4484201504961917,571,557,989,634,0.5619774627408215,0.3155889858312642,0.32996008803247084,0.5017593939950096
clustered,55,100,target_only,galileo,clustered_55_100_target_only_galileo,2751,0.550682261208577,0.348120764017252,0.4265760664401661,0.46971641037742035,667,461,1058,565,0.5521628498727735,0.29808866922160554,0.3314744875104896,0.5283496764157085
clustered,56,100,target_only,galileo,clustered_56_100_target_only_galileo,2751,0.6389830508474577,0.929143561306223,0.7572181772533266,0.5869122061850264,276,852,115,1508,0.35150854234823703,0.10388235310447175,0.2258155214174675,0.6616266392242718
clustered,57,100,target_only,galileo,clustered_57_100_target_only_galileo,2751,0.3706070287539936,0.2144177449168207,0.2716627634660422,0.34524078735202735,537,591,1275,348,0.678298800436205,0.3699209783385344,0.3563114482905465,0.3812056737588652
clustered,58,100,target_only,galileo,clustered_58_100_target_only_galileo,2751,0.7176744186046512,0.9507085643869377,0.8179167771004505,0.7062939985055257,521,607,80,1543,0.24972737186477645,0.13154623514019476,0.19100065767894078,0.776274017557889
clustered,59,100,target_only,galileo,clustered_59_100_target_only_galileo,2751,0.6450511945392492,0.8151571164510166,0.7201959716929777,0.5848835227645154,400,728,300,1323,0.3736822973464195,0.1728153710967726,0.24968240867930333,0.6807341714625311
clustered,60,100,target_only,galileo,clustered_60_100_target_only_galileo,2751,0.768319763138416,0.6395563770794824,0.6980497646267653,0.6810370537879682,815,313,585,1038,0.32642675390766995,0.1203052960894771,0.22110194535325467,0.7293286226801782
clustered,61,100,target_only,galileo,clustered_61_100_target_only_galileo,2751,0.655599603567889,0.8151571164510166,0.726723427629772,0.5995111823389835,433,695,300,1323,0.36168665939658307,0.13525137301497073,0.21419187235303633,0.7424872073867236
clustered,62,100,target_only,galileo,clustered_62_100_target_only_galileo,2751,0.8318661971830986,0.5822550831792976,0.6850308082638638,0.7064644210222729,937,191,678,945,0.3158851326790258,0.12405236042935441,0.21276277102372754,0.7505888316444025
clustered,63,100,target_only,galileo,clustered_63_100_target_only_galileo,2751,0.6837060702875399,0.9229821318545902,0.7855270057682223,0.6543102148634653,435,693,125,1498,0.29734641948382406,0.10508423078734155,0.18291160077367477,0.8167979794007245
clustered,64,100,target_only,galileo,clustered_64_100_target_only_galileo,2751,0.5228095582910934,0.4448552064078866,0.4806924101198402,0.43031767412592914,469,659,901,722,0.5670665212649946,0.3040951644083643,0.34538710337398904,0.40255437133755456
clustered,65,100,target_only,galileo,clustered_65_100_target_only_galileo,2751,0.6844106463878327,0.5545286506469501,0.6126616746085772,0.5933104246142552,713,415,723,900,0.41366775717920756,0.12300605576472784,0.23419408845951842,0.6522916366242358
clustered,66,100,target_only,galileo,clustered_66_100_target_only_galileo,2751,0.8110676355505869,0.8940234134319162,0.85052754982415,0.7971890116804972,790,338,172,1451,0.18538713195201745,0.09301539051997586,0.1448943590403593,0.8748497878458157
clustered,67,100,target_only,galileo,clustered_67_100_target_only_galileo,2751,0.6567245119305857,0.7461491065927295,0.6985866743582347,0.592489446913386,495,633,412,1211,0.3798618684114867,0.16017661046893047,0.22974367828596515,0.7190429137006593
clustered,68,100,target_only,galileo,clustered_68_100_target_only_galileo,2751,0.6557849255880941,0.8416512630930376,0.7371829465731247,0.6030064826103486,411,717,257,1366,0.3540530716103235,0.12031949330026019,0.19443303501828466,0.7809901329732611
clustered,69,100,target_only,galileo,clustered_69_100_target_only_galileo,2751,0.7725067385444744,0.8829328404189772,0.824036802760207,0.7544096826208362,706,422,190,1433,0.22246455834242093,0.06378062997577577,0.14651951617135933,0.8600574411277601
clustered,70,100,target_only,galileo,clustered_70_100_target_only_galileo,2751,0.7073915699450214,0.7134935304990758,0.7104294478527607,0.6444240702140769,649,479,465,1158,0.34314794620138134,0.17420901130924882,0.22561703185369864,0.7344631472232055
clustered,71,100,target_only,galileo,clustered_71_100_target_only_galileo,2751,0.48458574181117536,0.3099199014171288,0.37805336339721907,0.4178145606376424,593,535,1120,503,0.6015994183933115,0.3722530468635817,0.38061183769168094,0.4749741088868788
clustered,42,100,target_only,presto_primary,clustered_42_100_target_only_presto_primary,2751,0.8001672240802675,0.589648798521257,0.6789641716920894,0.6888846829485717,889,239,666,957,0.32897128316975643,0.14193164727875232,0.1835253044929547,0.8211808969468151
clustered,43,100,target_only,presto_primary,clustered_43_100_target_only_presto_primary,2751,0.7476139978791092,0.8687615526802218,0.8036477628954118,0.7233878685386925,652,476,213,1410,0.2504543802253726,0.06679071398255365,0.15835089650663683,0.840391119675935
clustered,44,100,target_only,presto_primary,clustered_44_100_target_only_presto_primary,2751,0.8330945558739254,0.7165742452248922,0.7704537926465718,0.7550069807684745,895,233,460,1163,0.25190839694656486,0.09739409855648833,0.17189436996992488,0.8291284854682032
clustered,45,100,target_only,presto_primary,clustered_45_100_target_only_presto_primary,2751,0.6607369758576874,0.640788662969809,0.6506099468251486,0.58369220382533,594,534,583,1040,0.406034169392948,0.17240675894977264,0.22838945901797533,0.6955871492682757
clustered,46,100,target_only,presto_primary,clustered_46_100_target_only_presto_primary,2751,0.7759562841530054,0.7874306839186691,0.781651376146789,0.7301515121721005,759,369,345,1278,0.2595419847328244,0.07253615152716535,0.18166668344369716,0.7955219298820588
clustered,47,100,target_only,presto_primary,clustered_47_100_target_only_presto_primary,2751,0.7596026490066226,0.7067159581022797,0.7322055537823172,0.692453723731991,765,363,476,1147,0.3049800072700836,0.10404410103439678,0.19530876829655397,0.7557632306865405
clustered,48,100,target_only,presto_primary,clustered_48_100_target_only_presto_primary,2751,0.8796498905908097,0.7430683918669131,0.8056112224448898,0.7983958980611161,963,165,417,1206,0.21155943293347873,0.11113415985203534,0.167102041986498,0.8021154241117272
clustered,49,100,target_only,presto_primary,clustered_49_100_target_only_presto_primary,2751,0.7682789651293588,0.8416512630930376,0.8032931490738018,0.7382015180713415,716,412,257,1366,0.24318429661941113,0.043016851621419244,0.1662466357719408,0.8127067465467592
clustered,50,100,target_only,presto_primary,clustered_50_100_target_only_presto_primary,2751,0.8975444538526672,0.6531115218730745,0.7560627674750356,0.7729210091634876,1007,121,563,1060,0.24863685932388221,0.153545623047071,0.19302399503781975,0.8107376017619067
clustered,51,100,target_only,presto_primary,clustered_51_100_target_only_presto_primary,2751,0.6955337690631809,0.7868145409735059,0.7383636889274356,0.6456235825434906,569,559,346,1277,0.32897128316975643,0.13438712581710224,0.19586295885151384,0.7767694445536897
clustered,52,100,target_only,presto_primary,clustered_52_100_target_only_presto_primary,2751,0.7832719621251972,0.9174368453481208,0.8450624290578888,0.776094309198883,716,412,134,1489,0.1984732824427481,0.0638758488771558,0.1498813345886482,0.8334190908177221
clustered,53,100,target_only,presto_primary,clustered_53_100_target_only_presto_primary,2751,0.7348438456827924,0.7393715341959335,0.7371007371007371,0.6777531429844916,695,433,423,1200,0.31115957833515084,0.0666462691044932,0.18726467851473166,0.775767666041784
clustered,54,100,target_only,presto_primary,clustered_54_100_target_only_presto_primary,2751,0.782016348773842,0.8841651263093038,0.8299595141700404,0.7647775986156449,728,400,188,1435,0.21374045801526717,0.05826261035914376,0.15981152409142413,0.8252169609732437
clustered,55,100,target_only,presto_primary,clustered_55_100_target_only_presto_primary,2751,0.734375,0.40542205791743685,0.5224295355299722,0.5972145750580092,890,238,965,658,0.4372955288985823,0.21119133017258856,0.2845321232384292,0.6255484109192765
clustered,56,100,target_only,presto_primary,clustered_56_100_target_only_presto_primary,2751,0.6527125160187954,0.9414664202094886,0.7709384460141272,0.6103608696792123,315,813,95,1528,0.3300617957106507,0.09041061247531844,0.2235820476006458,0.5898612804411758
clustered,57,100,target_only,presto_primary,clustered_57_100_target_only_presto_primary,2751,0.4325290437890974,0.2982131854590265,0.3530269876002918,0.36763496152383945,493,635,1139,484,0.6448564158487823,0.39870266047020925,0.4032814174350196,0.3996842267406038
clustered,58,100,target_only,presto_primary,clustered_58_100_target_only_presto_primary,2751,0.7604428787116255,0.9309919901417129,0.8371191135734072,0.754503087269438,652,476,112,1511,0.21374045801526717,0.09424446791536713,0.17262309177942975,0.7695314036260668
clustered,59,100,target_only,presto_primary,clustered_59_100_target_only_presto_primary,2751,0.6375,0.7855822550831792,0.7038365995031741,0.5714258793146393,403,725,348,1275,0.39003998545983276,0.20772057994604992,0.23388763294108206,0.6979247235003911
clustered,60,100,target_only,presto_primary,clustered_60_100_target_only_presto_primary,2751,0.884522854851644,0.6796056685150955,0.7686411149825784,0.7759730470235052,984,144,520,1103,0.24136677571792076,0.1456596205865263,0.1841011302276062,0.8318781872287988
clustered,61,100,target_only,presto_primary,clustered_61_100_target_only_presto_primary,2751,0.7558528428093646,0.696241528034504,0.7248236048749198,0.686329983875408,763,365,493,1130,0.311886586695747,0.12964953676368912,0.2202360731348157,0.7016682834956718
clustered,62,100,target_only,presto_primary,clustered_62_100_target_only_presto_primary,2751,0.8941480206540448,0.6401725200246458,0.7461400359066427,0.7655649834165782,1005,123,584,1039,0.25699745547073793,0.15456594687335148,0.19680043318239326,0.7871810586297154
clustered,63,100,target_only,presto_primary,clustered_63_100_target_only_presto_primary,2751,0.6484412470023981,0.8330252618607517,0.7292340884573895,0.5916012834126454,395,733,271,1352,0.36495819701926574,0.15931925189694135,0.2315396547074111,0.685116815895614
clustered,64,100,target_only,presto_primary,clustered_64_100_target_only_presto_primary,2751,0.5345653661875428,0.48120764017252005,0.506485084306096,0.439185380369948,448,680,842,781,0.5532533624136677,0.30747888878519664,0.35452172310155317,0.4436666185987773
clustered,65,100,target_only,presto_primary,clustered_65_100_target_only_presto_primary,2751,0.8329718004338394,0.7097966728280961,0.7664670658682635,0.7525047193927714,897,231,471,1152,0.25517993456924754,0.095400617791707,0.18203864129056707,0.8078879406405264
clustered,66,100,target_only,presto_primary,clustered_66_100_target_only_presto_primary,2751,0.9094311377245509,0.7486136783733827,0.8212233862791484,0.8206720874136417,1007,121,408,1215,0.19229371137768084,0.0992110074322945,0.1385296523145768,0.8973455600564579
clustered,67,100,target_only,presto_primary,clustered_67_100_target_only_presto_primary,2751,0.6777601690438457,0.7905113986444855,0.729806598407281,0.624865628400257,518,610,340,1283,0.34532897128316975,0.1321970999689018,0.21049395536511292,0.7367862464659177
clustered,68,100,target_only,presto_primary,clustered_68_100_target_only_presto_primary,2751,0.6331260599208592,0.6900800985828712,0.660377358490566,0.5573627443268966,479,649,503,1120,0.4187568157033806,0.1713521383790485,0.20994215712033196,0.726159965565912
clustered,69,100,target_only,presto_primary,clustered_69_100_target_only_presto_primary,2751,0.8258706467661692,0.818237831176833,0.8220365212008666,0.7850054404111115,848,280,295,1328,0.20901490367139222,0.055942811397097225,0.13790882175291327,0.877574636322719
clustered,70,100,target_only,presto_primary,clustered_70_100_target_only_presto_primary,2751,0.8842182890855457,0.7387553912507702,0.8049681101040618,0.7997854970438247,971,157,424,1199,0.21119592875318066,0.09502350455079468,0.16405069500343833,0.8270588350965509
clustered,71,100,target_only,presto_primary,clustered_71_100_target_only_presto_primary,2751,0.7523006134969326,0.6044362292051756,0.6703108985309191,0.6590443557373395,805,323,642,981,0.35078153398764084,0.10588282171780442,0.23225761993869395,0.6966124154988355
clustered,42,100,target_only,temporal_reconstructed,clustered_42_100_target_only_temporal_reconstructed,2751,0.8367670364500792,0.6506469500924215,0.7320623916811092,0.7340114183086222,922,206,567,1056,0.28098873137041075,0.17681986522650725,0.1922539622212857,0.8201152099911292
clustered,43,100,target_only,temporal_reconstructed,clustered_43_100_target_only_temporal_reconstructed,2751,0.7397827211588205,0.8810844115834874,0.8042744656917885,0.7175812128839423,625,503,193,1430,0.2529989094874591,0.09315720405469367,0.1814260932669796,0.7757010264679278
clustered,44,100,target_only,temporal_reconstructed,clustered_44_100_target_only_temporal_reconstructed,2751,0.8433652530779754,0.7597042513863216,0.7993517017828201,0.7783450334945792,899,229,390,1233,0.22500908760450744,0.10411354011350481,0.1602400030222555,0.8498157033424663
clustered,45,100,target_only,temporal_reconstructed,clustered_45_100_target_only_temporal_reconstructed,2751,0.808968058968059,0.8114602587800369,0.8102122423869579,0.7678755194609405,817,311,306,1317,0.2242820792439113,0.1296926511377068,0.18281654652739734,0.804622055295552
clustered,46,100,target_only,temporal_reconstructed,clustered_46_100_target_only_temporal_reconstructed,2751,0.695447409733124,0.8188539741219963,0.7521222410865874,0.6514482636567429,546,582,294,1329,0.31842966194111233,0.11011732394334797,0.18180093872375877,0.8016675187792504
clustered,47,100,target_only,temporal_reconstructed,clustered_47_100_target_only_temporal_reconstructed,2751,0.7083069118579581,0.6882316697473814,0.698125,0.6402151256538325,668,460,506,1117,0.3511450381679389,0.12798675695385578,0.19617080233856188,0.7699088458025808
clustered,48,100,target_only,temporal_reconstructed,clustered_48_100_target_only_temporal_reconstructed,2751,0.8777692895339955,0.7079482439926063,0.7837653478854024,0.7830521361807004,968,160,474,1149,0.23046165030897856,0.09922255351104267,0.16847762838552965,0.8243200578562594
clustered,49,100,target_only,temporal_reconstructed,clustered_49_100_target_only_temporal_reconstructed,2751,0.7808383233532934,0.8034504004929144,0.7919829942301853,0.7394911576932657,762,366,319,1304,0.2490003635041803,0.057221697014684984,0.163686752870145,0.8324276906001058
clustered,50,100,target_only,temporal_reconstructed,clustered_50_100_target_only_temporal_reconstructed,2751,0.7712082262210797,0.7393715341959335,0.7549543881723813,0.7118843486582505,772,356,423,1200,0.2831697564521992,0.14291719297260772,0.20849047920517744,0.7761729657450742
clustered,51,100,target_only,temporal_reconstructed,clustered_51_100_target_only_temporal_reconstructed,2751,0.6930415263748597,0.7609365372766482,0.7254038179148311,0.638003729631232,581,547,388,1235,0.33987640857869866,0.17001523941076946,0.23780750011139387,0.6909212866463033
clustered,52,100,target_only,temporal_reconstructed,clustered_52_100_target_only_temporal_reconstructed,2751,0.7741251325556734,0.8995686999383857,0.8321459105158164,0.7609545627351504,702,426,163,1460,0.21410396219556524,0.06561274431389243,0.15653669889149516,0.8186764506670512
clustered,53,100,target_only,temporal_reconstructed,clustered_53_100_target_only_temporal_reconstructed,2751,0.8754355400696864,0.6192236598890942,0.7253699025622519,0.7462253051218521,985,143,618,1005,0.27662668120683387,0.12920643121393866,0.1776273862547687,0.8372213701096385
clustered,54,100,target_only,temporal_reconstructed,clustered_54_100_target_only_temporal_reconstructed,2751,0.7002967359050445,0.8724584103512015,0.776954732510288,0.667612183899005,522,606,207,1416,0.2955288985823337,0.06904412723615821,0.17624328732829855,0.8014648689276055
clustered,55,100,target_only,temporal_reconstructed,clustered_55_100_target_only_temporal_reconstructed,2751,0.6620839363241678,0.5637707948243993,0.6089850249584027,0.5748818513129088,661,467,708,915,0.4271174118502363,0.14486854534930396,0.24684799053390752,0.65044047665867
clustered,56,100,target_only,temporal_reconstructed,clustered_56_100_target_only_temporal_reconstructed,2751,0.6475732400524705,0.9125077017868145,0.7575447570332481,0.598984347347308,322,806,142,1481,0.3446019629225736,0.09955516492621215,0.23656667627251493,0.5755261248978558
clustered,57,100,target_only,temporal_reconstructed,clustered_57_100_target_only_temporal_reconstructed,2751,0.6374375283961835,0.8644485520640789,0.733786610878661,0.5785008717767203,330,798,220,1403,0.37004725554343876,0.227411027817278,0.2938656729988796,0.4425528637537526
clustered,58,100,target_only,temporal_reconstructed,clustered_58_100_target_only_temporal_reconstructed,2751,0.764389456697149,0.8755391250770179,0.8161975875933372,0.7436206263682962,690,438,202,1421,0.232642675390767,0.06715324733062622,0.17211128196403108,0.7860946150854515
clustered,59,100,target_only,temporal_reconstructed,clustered_59_100_target_only_temporal_reconstructed,2751,0.6796992481203008,0.8354898336414048,0.7495854063018242,0.6345002359696386,489,639,267,1356,0.3293347873500545,0.12872321362292555,0.22346345357831363,0.7014590789318442
clustered,60,100,target_only,temporal_reconstructed,clustered_60_100_target_only_temporal_reconstructed,2751,0.868421052631579,0.6506469500924215,0.7439239168721381,0.7544014892306079,968,160,567,1056,0.26426753907669936,0.15308920118458474,0.1790909764161648,0.8558591479748123
clustered,61,100,target_only,temporal_reconstructed,clustered_61_100_target_only_temporal_reconstructed,2751,0.7717451523545706,0.8582871226124461,0.8127187864644108,0.7465194478310457,716,412,230,1393,0.23336968375136313,0.08387991354445366,0.175389772958045,0.8083970232867075
clustered,62,100,target_only,temporal_reconstructed,clustered_62_100_target_only_temporal_reconstructed,2751,0.9314917127071823,0.5194085027726433,0.6669303797468354,0.7322219818827755,1066,62,780,843,0.3060705198109778,0.19157643258718912,0.1917090102702506,0.8728205581992894
clustered,63,100,target_only,temporal_reconstructed,clustered_63_100_target_only_temporal_reconstructed,2751,0.6550647032574743,0.904497843499692,0.7598343685300207,0.6096070777782148,355,773,155,1468,0.3373318793166121,0.1393258715151065,0.25150438805505354,0.544425654269521
clustered,64,100,target_only,temporal_reconstructed,clustered_64_100_target_only_temporal_reconstructed,2751,0.5998796630565584,0.6142945163277881,0.6070015220700152,0.5123777546177948,463,665,626,997,0.4692838967648128,0.2513260131816564,0.28444953754358765,0.45617246321714017
clustered,65,100,target_only,temporal_reconstructed,clustered_65_100_target_only_temporal_reconstructed,2751,0.8288736776602365,0.8207024029574861,0.8247678018575851,0.7884540383581757,853,275,291,1332,0.20574336604870955,0.16901731133319142,0.17468776480901962,0.8313303225355375
clustered,66,100,target_only,temporal_reconstructed,clustered_66_100_target_only_temporal_reconstructed,2751,0.9074367088607594,0.7067159581022797,0.7945964669206789,0.8014962769234804,1011,117,476,1147,0.21555797891675754,0.1454030526644965,0.15686006657238463,0.8874889116118911
clustered,67,100,target_only,temporal_reconstructed,clustered_67_100_target_only_temporal_reconstructed,2751,0.6513614522156967,0.751694393099199,0.6979405034324943,0.5863968419396705,475,653,403,1220,0.38386041439476554,0.2608017930620331,0.2892408868280992,0.5370985785014181
clustered,68,100,target_only,temporal_reconstructed,clustered_68_100_target_only_temporal_reconstructed,2751,0.6870026525198939,0.7979051139864448,0.7383124287343216,0.6374277342981869,538,590,328,1295,0.3336968375136314,0.12339542055693231,0.2000025641762751,0.7832209200194019
clustered,69,100,target_only,temporal_reconstructed,clustered_69_100_target_only_temporal_reconstructed,2751,0.7891770011273957,0.862600123228589,0.8242566970856638,0.7655199197703229,754,374,223,1400,0.21701199563794984,0.03988936266767568,0.14499517536464596,0.8629895823774377
clustered,70,100,target_only,temporal_reconstructed,clustered_70_100_target_only_temporal_reconstructed,2751,0.8684020245842372,0.7399876771410967,0.7990685296074518,0.7893200797053002,946,182,422,1201,0.21955652490003635,0.09120545834361089,0.15611265945540767,0.8683005379233799
clustered,71,100,target_only,temporal_reconstructed,clustered_71_100_target_only_temporal_reconstructed,2751,0.6563275434243176,0.651879235982748,0.654095826893354,0.5803722421048492,574,554,565,1058,0.40676117775354415,0.12548049250932194,0.22709435944383508,0.6678623554139738
clustered,42,200,target_only,alphaearth,clustered_42_200_target_only_alphaearth,2751,0.7444649446494465,0.9944547134935305,0.8514903719335267,0.7516599808602404,574,554,9,1614,0.20465285350781534,0.14067207864672904,0.14478503794700687,0.898335867822044
clustered,43,200,target_only,alphaearth,clustered_43_200_target_only_alphaearth,2751,0.7985034740780331,0.9205175600739371,0.8551803091013166,0.7931488509589544,751,377,129,1494,0.18393311523082514,0.09964476032251506,0.1505575616093353,0.8196203292213439
clustered,44,200,target_only,alphaearth,clustered_44_200_target_only_alphaearth,2751,0.925531914893617,0.7504621072088724,0.8288533514800953,0.8317913372923795,1030,98,405,1218,0.18284260268993094,0.15926248375048713,0.1555598553624718,0.8924317108235779
clustered,45,200,target_only,alphaearth,clustered_45_200_target_only_alphaearth,2751,0.9263005780346821,0.7898952556993223,0.8526770867974726,0.8497348618922143,1026,102,341,1282,0.16103235187204654,0.07959988067328465,0.12500216113596055,0.8897672203213556
clustered,46,200,target_only,alphaearth,clustered_46_200_target_only_alphaearth,2751,0.8817733990147784,0.7720271102895871,0.8232588699080158,0.8115454700384106,960,168,370,1253,0.1955652490003635,0.10039529229310501,0.14652801486403622,0.8543111434476913
clustered,47,200,target_only,alphaearth,clustered_47_200_target_only_alphaearth,2751,0.6679052484904784,0.8860135551447936,0.7616525423728814,0.6260741534589216,413,715,185,1438,0.3271537622682661,0.12828806502624224,0.1969110031777846,0.7853793321185267
clustered,48,200,target_only,alphaearth,clustered_48_200_target_only_alphaearth,2751,0.8068669527896996,0.8108441158348737,0.8088506453595574,0.7657943983429687,813,315,307,1316,0.22609960014540167,0.09915972568799003,0.15278112087085677,0.8533120960658618
clustered,49,200,target_only,alphaearth,clustered_49_200_target_only_alphaearth,2751,0.7750623441396509,0.9574861367837338,0.856670341786108,0.7788317208741364,677,451,69,1554,0.1890221737549982,0.10568826025136943,0.13436813018295926,0.895073806059176
clustered,50,200,target_only,alphaearth,clustered_50_200_target_only_alphaearth,2751,0.7054619703930577,0.85150955021565,0.7716359575656058,0.6699923637603072,551,577,241,1382,0.29734641948382406,0.0720625728925334,0.17411855389947675,0.8204014324231024
clustered,51,200,target_only,alphaearth,clustered_51_200_target_only_alphaearth,2751,0.695260663507109,0.9038817005545287,0.7859630324136083,0.6669231197808104,485,643,156,1467,0.29043984005816065,0.10813818803511861,0.1679054233565639,0.8557428018335715
clustered,52,200,target_only,alphaearth,clustered_52_200_target_only_alphaearth,2751,0.778811369509044,0.9285274183610598,0.8471051152332771,0.7745473971237923,700,428,116,1507,0.19774627408215195,0.07931920927101901,0.14583969130627775,0.862240160284562
clustered,53,200,target_only,alphaearth,clustered_53_200_target_only_alphaearth,2751,0.8835098335854765,0.7196549599507086,0.7932088285229202,0.7915650686278366,974,154,455,1168,0.22137404580152673,0.12843347606760483,0.16314775993863942,0.8705515353320836
clustered,54,200,target_only,alphaearth,clustered_54_200_target_only_alphaearth,2751,0.7663043478260869,0.6950092421441775,0.7289176090468498,0.6950223515685426,784,344,495,1128,0.3049800072700836,0.11024194531454509,0.17921993970602507,0.807964958508672
clustered,55,200,target_only,alphaearth,clustered_55_200_target_only_alphaearth,2751,0.9264214046822743,0.512014787430684,0.6595238095238095,0.7267520745664058,1062,66,792,831,0.311886586695747,0.18975789539924107,0.1837183583025204,0.8842574385058752
clustered,56,200,target_only,alphaearth,clustered_56_200_target_only_alphaearth,2751,0.6115702479338843,0.6383240911891559,0.6246608381067229,0.5274953789279113,470,658,587,1036,0.4525627044711014,0.15381465480268855,0.24207189300741855,0.6191428184388423
clustered,57,200,target_only,alphaearth,clustered_57_200_target_only_alphaearth,2751,0.6673808248527049,0.7677141096734442,0.7140401146131805,0.6085910973899136,507,621,377,1246,0.36277717193747727,0.13905178272591842,0.21674620642230583,0.6921557574406908
clustered,58,200,target_only,alphaearth,clustered_58_200_target_only_alphaearth,2751,0.8386260531432275,0.7972889710412816,0.817435249526216,0.7882721450951089,879,249,329,1294,0.21010541621228643,0.07604336773586005,0.13698942186987423,0.8918559886035404
clustered,59,200,target_only,alphaearth,clustered_59_200_target_only_alphaearth,2751,0.6736363636363636,0.9131238447319778,0.775307350248496,0.6382995110184712,410,718,141,1482,0.31225009087604505,0.14082820305374064,0.21863809318716623,0.7509881228615252
clustered,60,200,target_only,alphaearth,clustered_60_200_target_only_alphaearth,2751,0.6903881700554528,0.4602587800369686,0.5523105360443623,0.5816364822170659,793,335,876,747,0.4402035623409669,0.20060525885924427,0.2593431138258342,0.677395638057533
clustered,61,200,target_only,alphaearth,clustered_61_200_target_only_alphaearth,2751,0.8562543192812716,0.7634011090573013,0.8071661237785016,0.789501972968367,920,208,384,1239,0.21519447473645947,0.0929719962440856,0.14224086794347507,0.8895427214291021
clustered,62,200,target_only,alphaearth,clustered_62_200_target_only_alphaearth,2751,0.9338168631006346,0.6346272335181762,0.7556859867938371,0.7849554607307193,1055,73,593,1030,0.2420937840785169,0.14378365679006758,0.1534137672711034,0.9050626411994248
clustered,63,200,target_only,alphaearth,clustered_63_200_target_only_alphaearth,2751,0.8408208541320022,0.9340727048675292,0.8849970811441915,0.8398200403770271,841,287,107,1516,0.14322064703744092,0.0978035991339464,0.12357270900854443,0.9143615928824566
clustered,64,200,target_only,alphaearth,clustered_64_200_target_only_alphaearth,2751,0.575,0.651879235982748,0.6110308980652613,0.4793084123176151,346,782,565,1058,0.48964013086150493,0.22912495912367065,0.2768261564670551,0.549673247597698
clustered,65,200,target_only,alphaearth,clustered_65_200_target_only_alphaearth,2751,0.8582089552238806,0.8502772643253235,0.8542246982358404,0.8240748023754276,900,228,243,1380,0.17121046892039257,0.11691794500264742,0.1460237636106929,0.8788022792919162
clustered,66,200,target_only,alphaearth,clustered_66_200_target_only_alphaearth,2751,0.9096209912536443,0.7689463955637708,0.8333889816360601,0.8295086587747932,1004,124,375,1248,0.18138858596873864,0.11194473909833175,0.13537784794849364,0.9083858802759972
clustered,67,200,target_only,alphaearth,clustered_67_200_target_only_alphaearth,2751,0.89625,0.8835489833641405,0.8898541731306236,0.8681929313983823,962,166,189,1434,0.12904398400581607,0.10100843957688709,0.11255877960555023,0.9173707520002797
clustered,68,200,target_only,alphaearth,clustered_68_200_target_only_alphaearth,2751,0.7711905928466438,0.9698089956869994,0.8591703056768559,0.7779009517442089,661,467,49,1574,0.1875681570338059,0.12257345619757896,0.14425126207903322,0.909099797677884
clustered,69,200,target_only,alphaearth,clustered_69_200_target_only_alphaearth,2751,0.8067135896047645,0.9180529882932841,0.8587896253602305,0.8007818132955782,771,357,133,1490,0.178117048346056,0.044365857145275155,0.11718553664571535,0.9127540497196769
clustered,70,200,target_only,alphaearth,clustered_70_200_target_only_alphaearth,2751,0.748513674197384,0.7757239679605669,0.7618759455370651,0.7003619839802835,705,423,364,1259,0.28607778989458377,0.11853228888418646,0.16826674608296954,0.8288389856801388
clustered,71,200,target_only,alphaearth,clustered_71_200_target_only_alphaearth,2751,0.79890560875513,0.7196549599507086,0.7572123176661264,0.7295083310391841,834,294,455,1168,0.272264631043257,0.1016198526562633,0.1724621907272073,0.8271478699370312
clustered,42,200,target_only,galileo,clustered_42_200_target_only_galileo,2751,0.7105143377332727,0.9617991373998768,0.8172774869109948,0.6989846750829172,492,636,62,1561,0.25372591784805526,0.11588974907071585,0.18636435414292984,0.7690774898074224
clustered,43,200,target_only,galileo,clustered_43_200_target_only_galileo,2751,0.7374854481955763,0.7806531115218731,0.7584555522298713,0.690415208243206,677,451,356,1267,0.29334787350054525,0.0892003050959754,0.1860185766421526,0.7636201456894028
clustered,44,200,target_only,galileo,clustered_44_200_target_only_galileo,2751,0.7848341232227488,0.5101663585951941,0.6183719193427931,0.6544626119217105,901,227,795,828,0.37150127226463103,0.18102075020769864,0.22697879788376119,0.7556550779355279
clustered,45,200,target_only,galileo,clustered_45_200_target_only_galileo,2751,0.8890469416785206,0.7701786814540974,0.8253549026081215,0.8159404045568359,972,156,373,1250,0.19229371137768084,0.09001356364703103,0.14857672227172553,0.8533907526120528
clustered,46,200,target_only,galileo,clustered_46_200_target_only_galileo,2751,0.8756363636363637,0.7418361059765866,0.8032021347565044,0.7951201806478678,957,171,419,1204,0.21446746637586334,0.15823890850813674,0.18416327078354564,0.7933179079106636
clustered,47,200,target_only,galileo,clustered_47_200_target_only_galileo,2751,0.6561453849832616,0.8453481207640172,0.7388260635433495,0.6039683866231433,409,719,251,1372,0.35259905488913124,0.13685876358551047,0.21606746124836254,0.7653544132877125
clustered,48,200,target_only,galileo,clustered_48_200_target_only_galileo,2751,0.77436503248671,0.8077634011090573,0.7907117008443908,0.734555459419777,746,382,312,1311,0.252271901126863,0.07878242230644372,0.1798903330065358,0.7924625179708359
clustered,49,200,target_only,galileo,clustered_49_200_target_only_galileo,2751,0.7594524119947849,0.7178065311152187,0.7380424453595186,0.6953394357703753,759,369,458,1165,0.30061795710650674,0.07714079215070153,0.18598996674805046,0.7734735167778783
clustered,50,200,target_only,galileo,clustered_50_200_target_only_galileo,2751,0.6354359925788498,0.8441158348736907,0.7250595395607303,0.5736536621176964,342,786,253,1370,0.3776808433296983,0.13367824638323414,0.22607918088568005,0.6950403770270448
clustered,51,200,target_only,galileo,clustered_51_200_target_only_galileo,2751,0.6571719226856562,0.7960566851509551,0.7199777096684313,0.5992694773272506,454,674,331,1292,0.3653217011995638,0.1298883543184445,0.23862316555752186,0.642427341015456
clustered,52,200,target_only,galileo,clustered_52_200_target_only_galileo,2751,0.7269857969489742,0.85150955021565,0.7843359818388195,0.6957015836184632,609,519,241,1382,0.2762631770265358,0.10448500881434895,0.18997695284890664,0.7339491485428875
clustered,53,200,target_only,galileo,clustered_53_200_target_only_galileo,2751,0.7257328990228012,0.6863832409118915,0.7055098163394553,0.6565781452786408,707,421,509,1114,0.33805888767720826,0.13346536421319202,0.2031054990973622,0.7309230564185927
clustered,54,200,target_only,galileo,clustered_54_200_target_only_galileo,2751,0.699238578680203,0.6789895255699322,0.6889653016567677,0.6293883798062427,654,474,521,1102,0.36168665939658307,0.15987812559909959,0.22927894430331514,0.6609400331231455
clustered,55,200,target_only,galileo,clustered_55_200_target_only_galileo,2751,0.8793650793650793,0.34134319162045595,0.4917887261429206,0.6369836525478166,1052,76,1069,554,0.4162122864412941,0.23912517856913915,0.24692318153223378,0.7914612856849456
clustered,56,200,target_only,galileo,clustered_56_200_target_only_galileo,2751,0.6123655913978494,0.7017868145409735,0.6540338788400804,0.5313012086889264,407,721,484,1139,0.4380225372591785,0.09901444812964817,0.23239556364224234,0.6208164549494631
clustered,57,200,target_only,galileo,clustered_57_200_target_only_galileo,2751,0.6290476190476191,0.8139248305606901,0.7096427612140747,0.5616609968406288,349,779,302,1321,0.39294801890221737,0.1451809356096974,0.24795244057860164,0.6079785049138492
clustered,58,200,target_only,galileo,clustered_58_200_target_only_galileo,2751,0.7962362102530824,0.756007393715342,0.7756005056890013,0.7388192996945504,814,314,396,1227,0.25808796801163214,0.104852878054509,0.1746000024910007,0.8360030129827
clustered,59,200,target_only,galileo,clustered_59_200_target_only_galileo,2751,0.6431535269709544,0.8595194085027726,0.7357594936708861,0.5866745978684076,354,774,228,1395,0.3642311886586696,0.12189594272272233,0.23587443781573322,0.6708332787107318
clustered,60,200,target_only,galileo,clustered_60_200_target_only_galileo,2751,0.6545166402535658,0.5089340727048676,0.5726169844020798,0.5612046250049161,692,436,797,826,0.44820065430752454,0.27518947322751264,0.2932401882689339,0.6139848061771608
clustered,61,200,target_only,galileo,clustered_61_200_target_only_galileo,2751,0.8514431239388794,0.6179913739987677,0.7161727954302035,0.7314247650135682,953,175,620,1003,0.2889858233369684,0.12966802083334034,0.18683578873041326,0.8202118919958225
clustered,62,200,target_only,galileo,clustered_62_200_target_only_galileo,2751,0.870600414078675,0.5181762168823167,0.6496716879103901,0.7036803070227187,1003,125,782,841,0.32969829153035257,0.18048611612489207,0.20167914137541187,0.8428373928850785
clustered,63,200,target_only,galileo,clustered_63_200_target_only_galileo,2751,0.8165859564164649,0.8311768330252619,0.8238167938931298,0.7812799058743332,825,303,274,1349,0.20974191203198836,0.0943967695874979,0.16410699107422788,0.8339948130377595
clustered,64,200,target_only,galileo,clustered_64_200_target_only_galileo,2751,0.5168918918918919,0.4713493530499076,0.49307122139864645,0.41874205241147866,413,715,858,765,0.5717920756088695,0.2773210751802555,0.31784794578451686,0.42726345136185073
clustered,65,200,target_only,galileo,clustered_65_200_target_only_galileo,2751,0.8153333333333334,0.7535428219346888,0.7832212616074288,0.753987723024082,851,277,400,1223,0.2460923300617957,0.09470549185601335,0.18255988889749653,0.7937133755456798
clustered,66,200,target_only,galileo,clustered_66_200_target_only_galileo,2751,0.8860103626943006,0.6321626617375231,0.7378640776699029,0.7575706925708892,996,132,597,1026,0.2649945474372955,0.1696626778899592,0.17950176922674274,0.8646976311270171
clustered,67,200,target_only,galileo,clustered_67_200_target_only_galileo,2751,0.8031878031878031,0.714109673444239,0.7560339204174821,0.7311683118994246,844,284,464,1159,0.2719011268629589,0.12236087238120062,0.1737009748389817,0.8282709106243145
clustered,68,200,target_only,galileo,clustered_68_200_target_only_galileo,2751,0.6409681757059614,0.8810844115834874,0.742086144265698,0.585489014302382,327,801,193,1430,0.361323155216285,0.08866627558293767,0.20069198431530677,0.7626434935741973
clustered,69,200,target_only,galileo,clustered_69_200_target_only_galileo,2751,0.7825072886297376,0.8268638324091189,0.8040742959856201,0.7480950367719353,755,373,281,1342,0.23773173391494,0.046196658822909145,0.1584672506330779,0.8437864605865156
clustered,70,200,target_only,galileo,clustered_70_200_target_only_galileo,2751,0.674617737003058,0.6796056685150955,0.6771025168815225,0.6039872314206683,596,532,520,1103,0.38240639767357326,0.14645253916393164,0.21687821401022242,0.718149014826759
clustered,71,200,target_only,galileo,clustered_71_200_target_only_galileo,2751,0.7885615251299827,0.5606900800985829,0.655383507382067,0.6721890116804972,884,244,713,910,0.3478735005452563,0.1457575599411333,0.20538485092499387,0.7659623628426476
clustered,42,200,target_only,presto_primary,clustered_42_200_target_only_presto_primary,2751,0.7348066298342542,0.9833641404805915,0.841106719367589,0.7363629213041255,552,576,27,1596,0.21919302071973829,0.1043560554935957,0.16025185284200127,0.8196312537416481
clustered,43,200,target_only,presto_primary,clustered_43_200_target_only_presto_primary,2751,0.7935656836461126,0.9118915588416513,0.8486238532110092,0.7852897510520314,743,385,143,1480,0.19193020719738277,0.03640508026520778,0.13150831196029153,0.8795637183571269
clustered,44,200,target_only,presto_primary,clustered_44_200_target_only_presto_primary,2751,0.8908098271155596,0.6032039433148491,0.7193240264511389,0.7484104822957224,1008,120,644,979,0.2777171937477281,0.15450653196408748,0.17711173183038623,0.866691629195562
clustered,45,200,target_only,presto_primary,clustered_45_200_target_only_presto_primary,2751,0.9095477386934674,0.7806531115218731,0.8401856763925729,0.8344754919311493,1002,126,356,1267,0.17520901490367138,0.09594996331138055,0.14437259178859954,0.8583431107790056
clustered,46,200,target_only,presto_primary,clustered_46_200_target_only_presto_primary,2751,0.866991643454039,0.767097966728281,0.8139915004903563,0.7988858627967645,937,191,378,1245,0.20683387858960378,0.07785809135193938,0.14293455327729537,0.8760820737361423
clustered,47,200,target_only,presto_primary,clustered_47_200_target_only_presto_primary,2751,0.6457204767063922,0.7344423906346272,0.6872297492072643,0.577327578296037,474,654,431,1192,0.3944020356234097,0.168923537891995,0.23249026371195272,0.7038357083240476
clustered,48,200,target_only,presto_primary,clustered_48_200_target_only_presto_primary,2751,0.8540949759119064,0.7646333949476278,0.8068920676202861,0.7883450662681402,916,212,382,1241,0.2159214830970556,0.07738353258512538,0.15500148628674193,0.8498686872659421
clustered,49,200,target_only,presto_primary,clustered_49_200_target_only_presto_primary,2751,0.7844682048396173,0.8589032655576093,0.82,0.7596821292327054,745,383,229,1394,0.22246455834242093,0.08355576869675983,0.16210130509360515,0.814210506766648
clustered,50,200,target_only,presto_primary,clustered_50_200_target_only_presto_primary,2751,0.6232279171210469,0.7042513863216266,0.6612669945039051,0.5458313669196786,437,691,480,1143,0.425663395129044,0.15244194329170832,0.22896209865861952,0.6704618450203852
clustered,51,200,target_only,presto_primary,clustered_51_200_target_only_presto_primary,2751,0.6860803727431567,0.7258163894023414,0.7053892215568862,0.6239897549848586,589,539,445,1178,0.35768811341330425,0.10961030542744588,0.20183929880720575,0.7526087754486701
clustered,52,200,target_only,presto_primary,clustered_52_200_target_only_presto_primary,2751,0.8009395184967704,0.8404189772027111,0.820204449789537,0.7699435311545471,789,339,259,1364,0.2173754998182479,0.06117850192447707,0.14918993229115343,0.8497097354955145
clustered,53,200,target_only,presto_primary,clustered_53_200_target_only_presto_primary,2751,0.8530997304582211,0.7800369685767098,0.8149340199549404,0.793387278614596,910,218,357,1266,0.20901490367139222,0.06660954136259988,0.14380926869585448,0.8738693121485035
clustered,54,200,target_only,presto_primary,clustered_54_200_target_only_presto_primary,2751,0.7754662840746055,0.6660505237215034,0.7166058999005634,0.6942841271089786,815,313,542,1081,0.3107960741548528,0.10965969814118806,0.203898256114199,0.7683903374802813
clustered,55,200,target_only,presto_primary,clustered_55_200_target_only_presto_primary,2751,0.9174876847290641,0.45902649414664204,0.6119096509240246,0.6998146655130373,1061,67,878,745,0.3435114503816794,0.19536695820273703,0.2395448851887022,0.7322066875543495
clustered,56,200,target_only,presto_primary,clustered_56_200_target_only_presto_primary,2751,0.6171298922291548,0.6703635243376463,0.6426461901949203,0.5359796345092487,453,675,535,1088,0.43984005816066885,0.12992440371892205,0.22477715845807933,0.6677498328548392
clustered,57,200,target_only,presto_primary,clustered_57_200_target_only_presto_primary,2751,0.6394072447859495,0.7178065311152187,0.6763425253991292,0.5676798613022902,471,657,458,1165,0.40530716103235187,0.15722875133594125,0.21105184106346217,0.7295908111674816
clustered,58,200,target_only,presto_primary,clustered_58_200_target_only_presto_primary,2751,0.8264669163545568,0.81577325939618,0.8210852713178295,0.78465967934348,850,278,299,1324,0.20974191203198836,0.06022700371492501,0.14021956215909143,0.8744270089100388
clustered,59,200,target_only,presto_primary,clustered_59_200_target_only_presto_primary,2751,0.6502787633046123,0.7905113986444855,0.7135706340378198,0.5894046354924555,438,690,340,1283,0.37440930570701564,0.2102358541908395,0.23155567078096914,0.7255307131963835
clustered,60,200,target_only,presto_primary,clustered_60_200_target_only_presto_primary,2751,0.8039552880481513,0.5760936537276649,0.6712132089016511,0.6869829970765984,900,228,688,935,0.33296982915303525,0.14241053933714307,0.21886953792424954,0.7579281974978479
clustered,61,200,target_only,presto_primary,clustered_61_200_target_only_presto_primary,2751,0.8418932527693856,0.5150955021565004,0.6391437308868502,0.6879555524966898,971,157,787,836,0.34314794620138134,0.1802923840112245,0.23046159492681617,0.780969376384683
clustered,62,200,target_only,presto_primary,clustered_62_200_target_only_presto_primary,2751,0.9108910891089109,0.5668515095502157,0.6988226357766806,0.7435321377538313,1038,90,703,920,0.28825881497637224,0.17046980791674374,0.179986841426868,0.8765332564247104
clustered,63,200,target_only,presto_primary,clustered_63_200_target_only_presto_primary,2751,0.7836198179979778,0.9550215650030807,0.860871980005554,0.7877944704448028,700,428,73,1550,0.1821155943293348,0.08570142463957815,0.13581545483567717,0.8980425444518733
clustered,64,200,target_only,presto_primary,clustered_64_200_target_only_presto_primary,2751,0.6804878048780488,0.6876155268022182,0.6840330983757279,0.6115382598550099,604,524,507,1116,0.3747728098873137,0.148271347150393,0.22767026940563057,0.6969008228348693
clustered,65,200,target_only,presto_primary,clustered_65_200_target_only_presto_primary,2751,0.7023227383863081,0.7079482439926063,0.7051242712488494,0.638105327670062,641,487,474,1149,0.34932751726644856,0.12002942928395645,0.19648135259098476,0.7572314862154403
clustered,66,200,target_only,presto_primary,clustered_66_200_target_only_presto_primary,2751,0.8908531898539584,0.714109673444239,0.792749658002736,0.7941115743107721,986,142,464,1159,0.2202835332606325,0.13278065136569062,0.16372936882871814,0.8681678050016824
clustered,67,200,target_only,presto_primary,clustered_67_200_target_only_presto_primary,2751,0.8259803921568627,0.8305606900800986,0.8282642089093702,0.7893938202173543,844,284,275,1348,0.20319883678662304,0.09525058640967039,0.14733573641232467,0.8611427922199937
clustered,68,200,target_only,presto_primary,clustered_68_200_target_only_presto_primary,2751,0.6600346020761245,0.940234134319162,0.7756035578144854,0.621712811840432,342,786,97,1526,0.3209741912031988,0.11437071560413954,0.19489174002203483,0.7855186197524067
clustered,69,200,target_only,presto_primary,clustered_69_200_target_only_presto_primary,2751,0.8182320441988951,0.9125077017868145,0.8628022138071657,0.8104205175600739,799,329,142,1481,0.17121046892039257,0.0367774765397724,0.12341217710118199,0.8981605292711596
clustered,70,200,target_only,presto_primary,clustered_70_200_target_only_presto_primary,2751,0.8554744525547445,0.7221195317313617,0.783160708319412,0.7732938084188723,930,198,451,1172,0.23591421301344964,0.1184157874648348,0.17309638294461674,0.8331186665093536
clustered,71,200,target_only,presto_primary,clustered_71_200_target_only_presto_primary,2751,0.7692307692307693,0.5976586568083796,0.6726768377253814,0.6698399667020621,837,291,653,970,0.34314794620138134,0.11302220002003148,0.2090074069179567,0.7691659784218874
clustered,42,200,target_only,temporal_reconstructed,clustered_42_200_target_only_temporal_reconstructed,2751,0.7221972084646555,0.9882932840418978,0.8345473465140478,0.7206537342195305,511,617,19,1604,0.2311886586695747,0.08590194938390579,0.16582482888406744,0.8138368881722403
clustered,43,200,target_only,temporal_reconstructed,clustered_43_200_target_only_temporal_reconstructed,2751,0.7954059829059829,0.9174368453481208,0.8520743919885551,0.7889489191279611,745,383,134,1489,0.18793166121410396,0.03562493150753163,0.1414345190470004,0.8563097844373653
clustered,44,200,target_only,temporal_reconstructed,clustered_44_200_target_only_temporal_reconstructed,2751,0.8844911147011308,0.6746765249537893,0.7654666200629151,0.7739517376541996,985,143,528,1095,0.24391130498000727,0.13018115342660727,0.16268835088954636,0.873254807881386
clustered,45,200,target_only,temporal_reconstructed,clustered_45_200_target_only_temporal_reconstructed,2751,0.9193669932177845,0.751694393099199,0.8271186440677966,0.8284181185354151,1021,107,403,1220,0.18538713195201745,0.08913157128470416,0.1451434815050202,0.8573284959557426
clustered,46,200,target_only,temporal_reconstructed,clustered_46_200_target_only_temporal_reconstructed,2751,0.8798842257597684,0.7492298213185459,0.8093178036605657,0.801033350375585,962,166,407,1216,0.20828789531079608,0.06858336588511717,0.15573481537020215,0.8427699339721992
clustered,47,200,target_only,temporal_reconstructed,clustered_47_200_target_only_temporal_reconstructed,2751,0.6714876033057852,0.8009858287122612,0.7305422871593145,0.6185780207391094,492,636,323,1300,0.3486005089058524,0.10756580991293513,0.21123864338104623,0.7406486106195076
clustered,48,200,target_only,temporal_reconstructed,clustered_48_200_target_only_temporal_reconstructed,2751,0.8509911141490089,0.767097966728281,0.8068697342838627,0.7869177776903816,910,218,378,1245,0.21664849145765178,0.06392153946228592,0.14967350627138523,0.8638804770082547
clustered,49,200,target_only,temporal_reconstructed,clustered_49_200_target_only_temporal_reconstructed,2751,0.7512980269989615,0.8915588416512631,0.8154409692871232,0.7334567257901705,649,479,176,1447,0.23809523809523808,0.03266399479027963,0.16396740262271578,0.8096003591982277
clustered,50,200,target_only,temporal_reconstructed,clustered_50_200_target_only_temporal_reconstructed,2751,0.678974358974359,0.81577325939618,0.741113909879653,0.6304043601945439,502,626,299,1324,0.3362413667757179,0.10830912151806789,0.20311428056192915,0.7276582635256487
clustered,51,200,target_only,temporal_reconstructed,clustered_51_200_target_only_temporal_reconstructed,2751,0.6820324777370351,0.8022181146025879,0.7372593431483578,0.6320487736133507,521,607,321,1302,0.3373318793166121,0.09285583101880197,0.20626702326684873,0.7307859536887735
clustered,52,200,target_only,temporal_reconstructed,clustered_52_200_target_only_temporal_reconstructed,2751,0.8073817762399077,0.862600123228589,0.8340780458742926,0.7832504162242235,794,334,223,1400,0.2024718284260269,0.0597579658974348,0.14351283299808332,0.8655786936895602
clustered,53,200,target_only,temporal_reconstructed,clustered_53_200_target_only_temporal_reconstructed,2751,0.9060816012317167,0.7252002464571781,0.8056125941136209,0.8085221090441919,1006,122,446,1177,0.2064703744093057,0.10234477856251524,0.14925440248220195,0.8786324030011843
clustered,54,200,target_only,temporal_reconstructed,clustered_54_200_target_only_temporal_reconstructed,2751,0.7992592592592592,0.6648182378311769,0.725866128489741,0.7122850054404111,857,271,544,1079,0.29625590694292986,0.11624483943811005,0.18116417802356138,0.8104497406518879
clustered,55,200,target_only,temporal_reconstructed,clustered_55_200_target_only_temporal_reconstructed,2751,0.9344262295081968,0.49168207024029575,0.6443278159063384,0.7210183400846869,1072,56,825,798,0.3202471828426027,0.152364708115973,0.18785413762939346,0.8547989232792788
clustered,56,200,target_only,temporal_reconstructed,clustered_56_200_target_only_temporal_reconstructed,2751,0.7811158798283262,0.784966112138016,0.7830362630608482,0.7342383752179442,771,357,349,1274,0.25663395129043987,0.08735328168762692,0.1948534324595996,0.7677654549188745
clustered,57,200,target_only,temporal_reconstructed,clustered_57_200_target_only_temporal_reconstructed,2751,0.6628982528263104,0.7948243992606284,0.7228915662650602,0.6066320577863425,472,656,333,1290,0.3595056343147946,0.21627051001899564,0.26823250639202845,0.5647075724404941
clustered,58,200,target_only,temporal_reconstructed,clustered_58_200_target_only_temporal_reconstructed,2751,0.8316195372750642,0.7972889710412816,0.8140924819125511,0.7825097337475911,866,262,329,1294,0.2148309705561614,0.06328969421965347,0.14534905783990787,0.8688063432134695
clustered,59,200,target_only,temporal_reconstructed,clustered_59_200_target_only_temporal_reconstructed,2751,0.6801683324566018,0.7966728280961183,0.7338251986379115,0.6288328679487684,520,608,330,1293,0.34096692111959287,0.1969329732189813,0.2576487353296237,0.6491885266317956
clustered,60,200,target_only,temporal_reconstructed,clustered_60_200_target_only_temporal_reconstructed,2751,0.819038642789821,0.5354282193468884,0.6475409836065574,0.6826077266947208,936,192,754,869,0.3438749545619775,0.16513570630364674,0.22126090703026063,0.7368436001975154
clustered,61,200,target_only,temporal_reconstructed,clustered_61_200_target_only_temporal_reconstructed,2751,0.8533042846768337,0.7239679605668515,0.7833333333333333,0.7724449731912272,926,202,448,1175,0.23627771719374774,0.11846179479493357,0.16628831577762762,0.8533028102236032
clustered,62,200,target_only,temporal_reconstructed,clustered_62_200_target_only_temporal_reconstructed,2751,0.8867713004484304,0.48736906962415283,0.6290258449304175,0.6989150312659771,1027,101,832,791,0.3391494002181025,0.17273921760406918,0.20142556252705177,0.8317820514501209
clustered,63,200,target_only,temporal_reconstructed,clustered_63_200_target_only_temporal_reconstructed,2751,0.8015357353809806,0.836105976586568,0.8184559710494572,0.7691168180805181,792,336,266,1357,0.21882951653944022,0.06729980178643646,0.16010740850112318,0.8409449928553638
clustered,64,200,target_only,temporal_reconstructed,clustered_64_200_target_only_temporal_reconstructed,2751,0.6189950303699614,0.6906962415280345,0.6528829353523588,0.53949705693423,438,690,502,1121,0.43329698291530355,0.19814813533088396,0.25928557615311315,0.5422915492280734
clustered,65,200,target_only,temporal_reconstructed,clustered_65_200_target_only_temporal_reconstructed,2751,0.7382230172927847,0.762784966112138,0.7503030303030302,0.6868002844745087,689,439,385,1238,0.2995274445656125,0.12197657263587866,0.18632266758626648,0.8048421843796838
clustered,66,200,target_only,temporal_reconstructed,clustered_66_200_target_only_temporal_reconstructed,2751,0.9392565729827742,0.6383240911891559,0.76008804108584,0.7894634640342942,1061,67,587,1036,0.23773173391494,0.1858948893177384,0.17074329624989645,0.8976984220622873
clustered,67,200,target_only,temporal_reconstructed,clustered_67_200_target_only_temporal_reconstructed,2751,0.8166243654822335,0.7929759704251387,0.8046264457643013,0.7683851483331368,839,289,336,1287,0.22719011268629588,0.105598862835434,0.15815381389892447,0.8538512211428796
clustered,68,200,target_only,temporal_reconstructed,clustered_68_200_target_only_temporal_reconstructed,2751,0.7912280701754386,0.833641404805915,0.8118811881188119,0.7585760215518936,771,357,270,1353,0.22791712104689205,0.060223512528349295,0.16826477511032067,0.8256588578195532
clustered,69,200,target_only,temporal_reconstructed,clustered_69_200_target_only_temporal_reconstructed,2751,0.8080691642651296,0.8638324091189156,0.8350208457415128,0.7843098215807344,795,333,221,1402,0.20138131588513267,0.04140715156128431,0.13936888907041792,0.8674768290924346
clustered,70,200,target_only,temporal_reconstructed,clustered_70_200_target_only_temporal_reconstructed,2751,0.8348017621145375,0.7005545286506469,0.7618090452261307,0.750543221772132,903,225,486,1137,0.2584514721919302,0.10666158552571015,0.1819570972258325,0.8174206770580704
clustered,71,200,target_only,temporal_reconstructed,clustered_71_200_target_only_temporal_reconstructed,2751,0.7283950617283951,0.6543438077634011,0.6893865628042843,0.6516399889880835,732,396,561,1062,0.3478735005452563,0.10018387293865595,0.1985895215837615,0.7512978330121525
clustered,42,500,target_only,alphaearth,clustered_42_500_target_only_alphaearth,2751,0.9107732980832782,0.8490449784349969,0.8788265306122449,0.8646820636855836,993,135,245,1378,0.1381315885132679,0.045178781447375825,0.09907654406583682,0.93328941676171
clustered,43,500,target_only,alphaearth,clustered_43_500_target_only_alphaearth,2751,0.9281650071123755,0.8040665434380776,0.8616705183228789,0.8572637681729396,1027,101,318,1305,0.15230825154489278,0.07732403553241521,0.11315955512668407,0.9277648868438186
clustered,44,500,target_only,alphaearth,clustered_44_500_target_only_alphaearth,2751,0.9073950699533644,0.8391866913123844,0.8719590268886044,0.8579798704788872,989,139,261,1362,0.14540167211922936,0.05001713144113082,0.10302931519345206,0.9292888574262704
clustered,45,500,target_only,alphaearth,clustered_45_500_target_only_alphaearth,2751,0.9024045261669024,0.7861983980283426,0.840302930523543,0.8319289862482138,990,138,347,1276,0.17629952744456562,0.10061528013415744,0.126860035151535,0.912192529376035
clustered,46,500,target_only,alphaearth,clustered_46_500_target_only_alphaearth,2751,0.8529934795494961,0.8866296980899568,0.8694864048338369,0.833385771030794,880,248,184,1439,0.15703380588876772,0.11264746925102415,0.12733834528389354,0.8955905358695698
clustered,47,500,target_only,alphaearth,clustered_47_500_target_only_alphaearth,2751,0.8270944741532977,0.8576709796672828,0.8421052631578947,0.7998461281315137,837,291,231,1392,0.18974918211559433,0.04879216085665861,0.11779290185694445,0.9107756190925658
clustered,48,500,target_only,alphaearth,clustered_48_500_target_only_alphaearth,2751,0.9107629427792916,0.8237831176833025,0.865092203170495,0.8538241829551264,997,131,286,1337,0.1515812431842966,0.06242786394764294,0.12013371076172125,0.9072852348553375
clustered,49,500,target_only,alphaearth,clustered_49_500_target_only_alphaearth,2751,0.9272727272727272,0.7855822550831792,0.8505670446964643,0.8484648864068378,1028,100,348,1275,0.1628498727735369,0.07807386989181499,0.1221954233417555,0.9146371639071329
clustered,50,500,target_only,alphaearth,clustered_50_500_target_only_alphaearth,2751,0.8165404775771695,0.8638324091189156,0.8395209580838323,0.7922885449849897,813,315,221,1402,0.19483824063976735,0.053770386691286004,0.13035858693701421,0.8965966841895973
clustered,51,500,target_only,alphaearth,clustered_51_500_target_only_alphaearth,2751,0.9171143514965464,0.7362908194701171,0.8168147641831852,0.8202730693095266,1020,108,428,1195,0.19483824063976735,0.13810774397912723,0.1492961174819792,0.8668027861896583
clustered,52,500,target_only,alphaearth,clustered_52_500_target_only_alphaearth,2751,0.7733061640346408,0.9353049907578558,0.8466257668711656,0.7704007223292826,683,445,105,1518,0.1999272991639404,0.07290660235847182,0.14477211368934964,0.87027678364643
clustered,53,500,target_only,alphaearth,clustered_53_500_target_only_alphaearth,2751,0.9166666666666666,0.7997535428219347,0.8542283645936163,0.8475718068719602,1010,118,325,1298,0.16103235187204654,0.10220084960743933,0.12018244753259301,0.9204192393911983
clustered,54,500,target_only,alphaearth,clustered_54_500_target_only_alphaearth,2751,0.899803536345776,0.8465804066543438,0.8723809523809524,0.8554710543910017,975,153,249,1374,0.14612868047982552,0.07249722556674201,0.11164043701168386,0.9235993672517838
clustered,55,500,target_only,alphaearth,clustered_55_500_target_only_alphaearth,2751,0.8371584699453551,0.9439309919901417,0.8873443382565884,0.8398732974135106,830,298,91,1532,0.14140312613595057,0.050832540039614425,0.1043180053448654,0.9256728412055426
clustered,56,500,target_only,alphaearth,clustered_56_500_target_only_alphaearth,2751,0.9162663006177076,0.822550831792976,0.8668831168831169,0.8571974017120908,1006,122,288,1335,0.1490367139222101,0.08473933570384887,0.11475089532867606,0.9188422848852706
clustered,57,500,target_only,alphaearth,clustered_57_500_target_only_alphaearth,2751,0.9264599855803893,0.791743684534812,0.8538205980066446,0.8506590763099592,1026,102,338,1285,0.1599418393311523,0.09988989137193657,0.12807397668344883,0.9122520680116936
clustered,58,500,target_only,alphaearth,clustered_58_500_target_only_alphaearth,2751,0.849266862170088,0.8921749845964264,0.8701923076923077,0.8321690525819012,871,257,175,1448,0.15703380588876772,0.047747956439410225,0.11302982767614247,0.9172740699955864
clustered,59,500,target_only,alphaearth,clustered_59_500_target_only_alphaearth,2751,0.8421345191773207,0.933456561922366,0.8854471069549971,0.840841756138488,844,284,108,1515,0.14249363867684478,0.049366094188530774,0.1090079524375673,0.9203427677490682
clustered,60,500,target_only,alphaearth,clustered_60_500_target_only_alphaearth,2751,0.9080459770114943,0.5354282193468884,0.6736434108527132,0.7287070174748627,1040,88,754,869,0.3060705198109778,0.1694811283343833,0.20432098819706493,0.812344052472656
clustered,61,500,target_only,alphaearth,clustered_61_500_target_only_alphaearth,2751,0.903921568627451,0.8521256931608133,0.8772597526165556,0.8609032721123215,981,147,240,1383,0.1406761177753544,0.094257173990461,0.11568606793567508,0.9188646801518945
clustered,62,500,target_only,alphaearth,clustered_62_500_target_only_alphaearth,2751,0.8376428141912207,0.8582871226124461,0.847839318320146,0.8094627102423932,858,270,230,1393,0.1817520901490367,0.09651309438810633,0.1363967406066733,0.8692547947719615
clustered,63,500,target_only,alphaearth,clustered_63_500_target_only_alphaearth,2751,0.8917155903457273,0.8422674060382008,0.8662864385297845,0.8475521427354125,962,166,256,1367,0.15339876408578698,0.032500772891949775,0.10773968670892209,0.9168477405907106
clustered,64,500,target_only,alphaearth,clustered_64_500_target_only_alphaearth,2751,0.8384433962264151,0.8761552680221811,0.8568846037963241,0.8166237333018707,854,274,201,1422,0.17266448564158487,0.0710456438504392,0.1359262764520991,0.8772979728460124
clustered,65,500,target_only,alphaearth,clustered_65_500_target_only_alphaearth,2751,0.8862385321100917,0.8927911275415896,0.8895027624309392,0.8639487552601566,942,186,174,1449,0.13086150490730644,0.13242389065716742,0.12390829551453711,0.9118363900141144
clustered,66,500,target_only,alphaearth,clustered_66_500_target_only_alphaearth,2751,0.9162125340599455,0.8287122612446087,0.8702685215140731,0.8598348540265597,1005,123,278,1345,0.14576517629952745,0.06923122404778011,0.10993903762278162,0.9256419794356829
clustered,67,500,target_only,alphaearth,clustered_67_500_target_only_alphaearth,2751,0.8205882352941176,0.6876155268022182,0.748240026818639,0.7356517350323147,884,244,507,1116,0.2729916394038531,0.12780402658604686,0.17870664704006023,0.8168553331323222
clustered,68,500,target_only,alphaearth,clustered_68_500_target_only_alphaearth,2751,0.7913628715647785,0.8693776956253851,0.8285378743394011,0.769795230791416,756,372,212,1411,0.2122864412940749,0.06766587207081204,0.13655821456500689,0.8912715267672597
clustered,69,500,target_only,alphaearth,clustered_69_500_target_only_alphaearth,2751,0.9143439836845684,0.8287122612446087,0.8694246929541047,0.8585050667925171,1002,126,278,1345,0.14685568884042166,0.06583231817883833,0.10662775333184006,0.9319342300179598
clustered,70,500,target_only,alphaearth,clustered_70_500_target_only_alphaearth,2751,0.7054973821989529,0.6642020948860136,0.6842272294509679,0.6326329623366238,678,450,545,1078,0.36168665939658307,0.15065007316626505,0.19039944905321668,0.7672896920596216
clustered,71,500,target_only,alphaearth,clustered_71_500_target_only_alphaearth,2751,0.918194640338505,0.8022181146025879,0.8562972706346597,0.8496906175849819,1012,116,321,1302,0.1588513267902581,0.05701401963425541,0.1191148357604319,0.9101698544416914
clustered,42,500,target_only,galileo,clustered_42_500_target_only_galileo,2751,0.8599003735990037,0.8508934072704868,0.8553731805512542,0.8257126610820519,903,225,242,1381,0.1697564521992003,0.06927110666906368,0.13264489416006225,0.8915913420991685
clustered,43,500,target_only,galileo,clustered_43_500_target_only_galileo,2751,0.8850325379609545,0.7541589648798521,0.8143712574850299,0.8066007590356707,969,159,399,1224,0.20283533260632497,0.07535742705691623,0.13706728162439324,0.8889391416822887
clustered,44,500,target_only,galileo,clustered_44_500_target_only_galileo,2751,0.8464646464646465,0.7744916820702403,0.8088803088803089,0.7861820112478861,900,228,366,1257,0.2159214830970556,0.10658041868406143,0.16003650924995164,0.851919765953077
clustered,45,500,target_only,galileo,clustered_45_500_target_only_galileo,2751,0.8143110585452396,0.8484288354898336,0.8310199155099578,0.7850300205817962,814,314,246,1377,0.2035623409669211,0.06203057452760436,0.14287856602973623,0.8641344721053298
clustered,46,500,target_only,galileo,clustered_46_500_target_only_galileo,2751,0.7735276259866424,0.784966112138016,0.7792048929663609,0.7271461766363839,755,373,349,1274,0.262450018175209,0.07830930489539077,0.17301745087810258,0.8023137041552505
clustered,47,500,target_only,galileo,clustered_47_500_target_only_galileo,2751,0.7971098265895954,0.8496611213801601,0.8225469728601252,0.7692454543071013,777,351,244,1379,0.21628498727735368,0.042945760801505146,0.14114391310107882,0.8743133938988739
clustered,48,500,target_only,galileo,clustered_48_500_target_only_galileo,2751,0.8742690058479532,0.7369069624152803,0.7997325309261116,0.792212346455867,956,172,427,1196,0.21773900399854598,0.10164321669249977,0.15803174256121372,0.8641890947068515
clustered,49,500,target_only,galileo,clustered_49_500_target_only_galileo,2751,0.9061784897025171,0.7319778188539742,0.8098159509202454,0.8114676328312425,1005,123,435,1188,0.20283533260632497,0.13635466192904389,0.15970131798630302,0.8744914635798342
clustered,50,500,target_only,galileo,clustered_50_500_target_only_galileo,2751,0.8091895341416719,0.7812692544670363,0.7949843260188088,0.7580991662406104,829,299,355,1268,0.23773173391494,0.07451365683986536,0.147654482943141,0.8639236288634566
clustered,51,500,target_only,galileo,clustered_51_500_target_only_galileo,2751,0.8746177370030581,0.7048675292667899,0.7806209484817468,0.7797387291724021,964,164,479,1144,0.2337331879316612,0.15349180551881092,0.19313511443102677,0.7862573904379859
clustered,52,500,target_only,galileo,clustered_52_500_target_only_galileo,2751,0.7447807933194155,0.8792359827479975,0.8064424978807573,0.7228626722250626,639,489,196,1427,0.2490003635041803,0.08579256811046254,0.17701951458863383,0.7993318563381884
clustered,53,500,target_only,galileo,clustered_53_500_target_only_galileo,2751,0.8772881355932204,0.7972889710412816,0.8353776630083926,0.8184139890667401,947,181,329,1294,0.18538713195201745,0.09608170795361394,0.13897182475156625,0.8877947981804121
clustered,54,500,target_only,galileo,clustered_54_500_target_only_galileo,2751,0.8691250903832248,0.74060382008626,0.7997338656021291,0.7900714135892293,947,181,421,1202,0.21882951653944022,0.08473345169663199,0.15278316476275605,0.8678624646591768
clustered,55,500,target_only,galileo,clustered_55_500_target_only_galileo,2751,0.7966280295047419,0.9316081330868762,0.8588469184890656,0.7947047757632962,742,386,111,1512,0.1806615776081425,0.03942908764741993,0.13105411662419483,0.8758002211122908
clustered,56,500,target_only,galileo,clustered_56_500_target_only_galileo,2751,0.8472491909385114,0.8065311152187308,0.8263888888888888,0.7986556285313512,892,236,314,1309,0.1999272991639404,0.07238852212502156,0.14641085682308175,0.8693514767766546
clustered,57,500,target_only,galileo,clustered_57_500_target_only_galileo,2751,0.8145859085290482,0.8120764017252002,0.8133292193767355,0.7730594774583448,828,300,305,1318,0.21992002908033442,0.04087577747537428,0.14824431644978525,0.8625476855311284
clustered,58,500,target_only,galileo,clustered_58_500_target_only_galileo,2751,0.8051192553810355,0.8527418361059765,0.8282465589467385,0.7778780102515699,793,335,239,1384,0.20865139949109415,0.034514489844065833,0.1424258848576282,0.8690106317431602
clustered,59,500,target_only,galileo,clustered_59_500_target_only_galileo,2751,0.8189806678383128,0.8613678373382625,0.8396396396396396,0.7937158335627483,819,309,225,1398,0.1941112322791712,0.08608764291147668,0.14527342911616786,0.8516783340543517
clustered,60,500,target_only,galileo,clustered_60_500_target_only_galileo,2751,0.8054474708171206,0.5101663585951941,0.6246699358732554,0.6664306970280935,928,200,795,828,0.36168665939658307,0.1461502251764475,0.2241235447772305,0.742374138601574
clustered,61,500,target_only,galileo,clustered_61_500_target_only_galileo,2751,0.7904142973192526,0.5995070856438693,0.6818500350385424,0.6853918406942752,870,258,650,973,0.3300617957106507,0.14346439468679995,0.19980050814583375,0.7866233618681803
clustered,62,500,target_only,galileo,clustered_62_500_target_only_galileo,2751,0.7397923875432526,0.6586568083795441,0.696870925684485,0.6626617375231054,752,376,554,1069,0.33805888767720826,0.12632943321240575,0.20905851707183168,0.7474731584536124
clustered,63,500,target_only,galileo,clustered_63_500_target_only_galileo,2751,0.8552631578947368,0.8009858287122612,0.8272351256761057,0.8029751838596767,908,220,323,1300,0.19738276990185388,0.049413829582158966,0.137326348438174,0.8771259116512193
clustered,64,500,target_only,galileo,clustered_64_500_target_only_galileo,2751,0.8016826923076923,0.8219346888478127,0.8116823851536356,0.7646907486792256,798,330,289,1334,0.22500908760450744,0.09176112846418358,0.15939380455913196,0.830465646753451
clustered,65,500,target_only,galileo,clustered_65_500_target_only_galileo,2751,0.8214548126377663,0.6888478126925447,0.7493297587131368,0.7367111403888256,885,243,505,1118,0.2719011268629589,0.1412435415044065,0.1789242853749832,0.8247171641693213
clustered,66,500,target_only,galileo,clustered_66_500_target_only_galileo,2751,0.9022777369581191,0.7566235366605052,0.8230563002680965,0.8193578676210327,995,133,395,1228,0.19193020719738277,0.09638673020801906,0.1331011230118236,0.9009708621194444
clustered,67,500,target_only,galileo,clustered_67_500_target_only_galileo,2751,0.7312552653748947,0.5348120764017252,0.6177935943060499,0.6260053289810045,809,319,755,868,0.3904034896401309,0.15491353562982196,0.21141743158146864,0.7292073605048002
clustered,68,500,target_only,galileo,clustered_68_500_target_only_galileo,2751,0.7743619489559165,0.822550831792976,0.7977293098296983,0.7388463378823036,739,389,288,1335,0.2460923300617957,0.07598495862269508,0.16587669715619116,0.8388895443601072
clustered,69,500,target_only,galileo,clustered_69_500_target_only_galileo,2751,0.8875,0.6999383857054837,0.7826386496727523,0.7861394056186993,984,144,487,1136,0.22937113776808432,0.13672592869001393,0.16124242138428313,0.8772750313533734
clustered,70,500,target_only,galileo,clustered_70_500_target_only_galileo,2751,0.6308376575240919,0.5243376463339495,0.572678331090175,0.541424142315911,630,498,772,851,0.46165030897855325,0.16749069417821152,0.25122617948263437,0.6123969271509287
clustered,71,500,target_only,galileo,clustered_71_500_target_only_galileo,2751,0.8540972684876749,0.7898952556993223,0.8207426376440461,0.7978731597645548,909,219,341,1282,0.2035623409669211,0.06317353956666504,0.14833725106426132,0.8623526828436965
clustered,42,500,target_only,presto_primary,clustered_42_500_target_only_presto_primary,2751,0.8510903426791278,0.8416512630930376,0.8463444857496902,0.8148859152344621,889,239,257,1366,0.18029807342784443,0.047108564534874935,0.12319651631370515,0.9021687357708124
clustered,43,500,target_only,presto_primary,clustered_43_500_target_only_presto_primary,2751,0.913633119200571,0.7886629698089956,0.8465608465608465,0.8406967331314481,1007,121,343,1280,0.16866593965830606,0.07598905839235862,0.11689851846750723,0.918683879340858
clustered,44,500,target_only,presto_primary,clustered_44_500_target_only_presto_primary,2751,0.896,0.8280961182994455,0.8607108549471661,0.84489912297951,972,156,279,1344,0.15812431842966193,0.07653381256731044,0.11363255836352384,0.9234297640740596
clustered,45,500,target_only,presto_primary,clustered_45_500_target_only_presto_primary,2751,0.8980392156862745,0.7054836722119532,0.790200138026225,0.7951177226307993,998,130,478,1145,0.22101054162122866,0.1288743556823851,0.15569435951907748,0.8851936698959548
clustered,46,500,target_only,presto_primary,clustered_46_500_target_only_presto_primary,2751,0.8201487491548344,0.747381392483056,0.7820760799484203,0.7557828948230882,862,266,410,1213,0.24572882588149764,0.08527718973235915,0.15778973526677353,0.8469261677219753
clustered,47,500,target_only,presto_primary,clustered_47_500_target_only_presto_primary,2751,0.8262910798122066,0.8675292667898953,0.8464081755335137,0.8025589596360824,832,296,215,1408,0.18575063613231552,0.04180269657070006,0.13462012851789704,0.879434262791521
clustered,48,500,target_only,presto_primary,clustered_48_500_target_only_presto_primary,2751,0.8582677165354331,0.8059149722735675,0.8312678741658722,0.8072128052857199,912,216,315,1308,0.193020719738277,0.05311414006304907,0.13501307299464782,0.8896183737322095
clustered,49,500,target_only,presto_primary,clustered_49_500_target_only_presto_primary,2751,0.8665254237288136,0.756007393715342,0.807502467917078,0.7942271011129902,939,189,396,1227,0.21264994547437296,0.08624529001557499,0.14241100339917803,0.8887799167988534
clustered,50,500,target_only,presto_primary,clustered_50_500_target_only_presto_primary,2751,0.8068571428571428,0.8699938385705484,0.8372368811147347,0.7851742242498132,790,338,211,1412,0.19956379498364232,0.03321949469710798,0.1386084919315167,0.8726408498402836
clustered,51,500,target_only,presto_primary,clustered_51_500_target_only_presto_primary,2751,0.9035369774919614,0.6925446703635243,0.7840948726892222,0.79308084582006,1008,120,499,1124,0.22500908760450744,0.11856355162520936,0.14605437329370924,0.8901771629457751
clustered,52,500,target_only,presto_primary,clustered_52_500_target_only_presto_primary,2751,0.8019747668678003,0.9008009858287123,0.8485200232153222,0.7903827624179023,767,361,161,1462,0.18974918211559433,0.0550253909443612,0.13652875769085354,0.8771870889649234
clustered,53,500,target_only,presto_primary,clustered_53_500_target_only_presto_primary,2751,0.9244186046511628,0.7837338262476895,0.8482827609203067,0.845767622343703,1024,104,351,1272,0.16539440203562342,0.08725790815489158,0.11818681625399516,0.9231722185078853
clustered,54,500,target_only,presto_primary,clustered_54_500_target_only_presto_primary,2751,0.8857509627727856,0.8502772643253235,0.86765168186105,0.8462379229428036,950,178,243,1380,0.1530352599054889,0.07999093339030372,0.12038103212400135,0.912356943406615
clustered,55,500,target_only,presto_primary,clustered_55_500_target_only_presto_primary,2751,0.8431597023468803,0.9075785582255084,0.8741839762611276,0.8323353784035343,854,274,150,1473,0.15412577244638315,0.04284692444091341,0.11500375287437253,0.9073070838959462
clustered,56,500,target_only,presto_primary,clustered_56_500_target_only_presto_primary,2751,0.8680333119795003,0.8348736906962415,0.8511306532663316,0.8261247886105321,922,206,268,1355,0.1723009814612868,0.05218365227905202,0.1226972746039877,0.9051451213277225
clustered,57,500,target_only,presto_primary,clustered_57_500_target_only_presto_primary,2751,0.842479018721756,0.8040665434380776,0.8228247162673392,0.7938772433502445,884,244,318,1305,0.20428934932751727,0.06623403757198429,0.1343769829643237,0.8928659605056742
clustered,58,500,target_only,presto_primary,clustered_58_500_target_only_presto_primary,2751,0.8403311649911295,0.8755391250770179,0.8575739287869644,0.8180887114746791,858,270,202,1421,0.17157397310069067,0.06627362319171647,0.12684082500311644,0.8895055780600674
clustered,59,500,target_only,presto_primary,clustered_59_500_target_only_presto_primary,2751,0.8610013175230566,0.8052988293284042,0.8322190385227635,0.8091210458698759,917,211,316,1307,0.1915667030170847,0.08273604733912056,0.13549597341559347,0.8901880874660792
clustered,60,500,target_only,presto_primary,clustered_60_500_target_only_presto_primary,2751,0.8741965105601469,0.5865680837954406,0.7020648967551623,0.7325570915431103,991,137,671,952,0.2937113776808433,0.1565399680572482,0.20974156148937462,0.7896666601119544
clustered,61,500,target_only,presto_primary,clustered_61_500_target_only_presto_primary,2751,0.8815165876777251,0.8022181146025879,0.84,0.8235381353154783,953,175,321,1302,0.18029807342784443,0.09186085119930867,0.13149434907700974,0.9044432208981703
clustered,62,500,target_only,presto_primary,clustered_62_500_target_only_presto_primary,2751,0.8232013385387619,0.9094269870609981,0.8641686182669789,0.8141993091333359,811,317,147,1476,0.16866593965830606,0.043086828062979005,0.12347008902287726,0.8895225110665391
clustered,63,500,target_only,presto_primary,clustered_63_500_target_only_presto_primary,2751,0.8310850439882698,0.8730745532963647,0.8515625,0.8088777021800972,840,288,206,1417,0.17957106506724826,0.054191291973301976,0.11761051304069382,0.9086663673348103
clustered,64,500,target_only,presto_primary,clustered_64_500_target_only_presto_primary,2751,0.8490449784349969,0.8490449784349969,0.8490449784349969,0.8159231984373566,883,245,245,1378,0.178117048346056,0.05067885596376786,0.13246093533115766,0.8877090406960232
clustered,65,500,target_only,presto_primary,clustered_65_500_target_only_presto_primary,2751,0.8738170347003155,0.8533579790511399,0.8634663341645885,0.8380265072560664,928,200,238,1385,0.15921483097055616,0.1137991052678218,0.1265038315568234,0.9073076301219614
clustered,66,500,target_only,presto_primary,clustered_66_500_target_only_presto_primary,2751,0.9067739771965124,0.8330252618607517,0.8683365446371226,0.8548991557530708,989,139,271,1352,0.1490367139222101,0.09417220360384239,0.12490980261596585,0.9145276455910821
clustered,67,500,target_only,presto_primary,clustered_67_500_target_only_presto_primary,2751,0.7796610169491526,0.7085643869377696,0.7424144609425436,0.7102219097809415,803,325,473,1150,0.2900763358778626,0.09665161981754121,0.1766351211652195,0.8090470322448142
clustered,68,500,target_only,presto_primary,clustered_68_500_target_only_presto_primary,2751,0.7971428571428572,0.8595194085027726,0.8271568336792173,0.7724015482230175,773,355,228,1395,0.2119229371137768,0.05936424564175549,0.1477621626929507,0.8595923296758039
clustered,69,500,target_only,presto_primary,clustered_69_500_target_only_presto_primary,2751,0.9211287988422576,0.7843499691928527,0.8472545757071548,0.843859381759547,1019,109,350,1273,0.1668484187568157,0.11387436545160236,0.12483284724330466,0.9245396953369779
clustered,70,500,target_only,presto_primary,clustered_70_500_target_only_presto_primary,2751,0.8186010760953113,0.6561922365988909,0.728454172366621,0.7234861892214313,892,236,558,1065,0.2886223191566703,0.09476645952153911,0.19467807989818328,0.7737280581009687
clustered,71,500,target_only,presto_primary,clustered_71_500_target_only_presto_primary,2751,0.8530961791831357,0.7979051139864448,0.8245781598217128,0.800105039262726,905,223,328,1295,0.20029080334423846,0.06687893411897569,0.1372535534847978,0.8859026712637048
clustered,42,500,target_only,temporal_reconstructed,clustered_42_500_target_only_temporal_reconstructed,2751,0.8523533204384268,0.8145409735058533,0.8330182734719597,0.8057633945543451,899,229,301,1322,0.1926572155579789,0.05344783745958439,0.12523486037317488,0.9018005794365569
clustered,43,500,target_only,temporal_reconstructed,clustered_43_500_target_only_temporal_reconstructed,2751,0.9094922737306843,0.7615526802218114,0.8289738430583501,0.8262550635151611,1005,123,387,1236,0.18538713195201745,0.08455130363405026,0.13226987060765116,0.9005300577251653
clustered,44,500,target_only,temporal_reconstructed,clustered_44_500_target_only_temporal_reconstructed,2751,0.9144345238095238,0.7572396796056685,0.8284462419952814,0.8276446624978697,1013,115,394,1229,0.18502362777171938,0.1000708259842831,0.12815200928834602,0.913058297610152
clustered,45,500,target_only,temporal_reconstructed,clustered_45_500_target_only_temporal_reconstructed,2751,0.9290076335877863,0.7498459642637092,0.8298670303443573,0.8336995778765355,1035,93,406,1217,0.18138858596873864,0.11669908089654164,0.13540080872525317,0.9081728521300629
clustered,46,500,target_only,temporal_reconstructed,clustered_46_500_target_only_temporal_reconstructed,2751,0.8336221837088388,0.88909426987061,0.8604651162790697,0.8168875604672199,840,288,180,1443,0.17011995637949837,0.08872047646093281,0.13381752564791408,0.8899086928592965
clustered,47,500,target_only,temporal_reconstructed,clustered_47_500_target_only_temporal_reconstructed,2751,0.8359173126614987,0.7972889710412816,0.816146326080101,0.7860558330383713,874,254,329,1294,0.2119229371137768,0.04679066335501637,0.14113100224416972,0.8759171134795471
clustered,48,500,target_only,temporal_reconstructed,clustered_48_500_target_only_temporal_reconstructed,2751,0.86223440712817,0.7751078250154035,0.8163530175210902,0.7984581678268508,927,201,365,1258,0.20574336604870955,0.06446672454590006,0.13953612716258776,0.8836046984176924
clustered,49,500,target_only,temporal_reconstructed,clustered_49_500_target_only_temporal_reconstructed,2751,0.8675213675213675,0.7504621072088724,0.8047571853320119,0.7927842450937979,942,186,405,1218,0.2148309705561614,0.0998981993333861,0.1539100953905146,0.877980755365032
clustered,50,500,target_only,temporal_reconstructed,clustered_50_500_target_only_temporal_reconstructed,2751,0.8270676691729323,0.8133086876155268,0.8201304753028891,0.7843139182758485,852,276,303,1320,0.21046892039258452,0.05547301382964349,0.14442127687842665,0.8756745891287914
clustered,51,500,target_only,temporal_reconstructed,clustered_51_500_target_only_temporal_reconstructed,2751,0.8959881129271917,0.7430683918669131,0.8123947457056248,0.8094774583448041,988,140,417,1206,0.2024718284260269,0.10279593160437032,0.1533077330623341,0.8681317540846781
clustered,52,500,target_only,temporal_reconstructed,clustered_52_500_target_only_temporal_reconstructed,2751,0.7686375321336761,0.9211337030191005,0.8380044843049327,0.7610987664031672,678,450,128,1495,0.21010541621228643,0.04625325699837112,0.14235700214708252,0.8628847069825164
clustered,53,500,target_only,temporal_reconstructed,clustered_53_500_target_only_temporal_reconstructed,2751,0.8941605839416058,0.7547751078250154,0.8185766789174741,0.8131145042671177,983,145,398,1225,0.19738276990185388,0.09880669351090897,0.13858410357034293,0.8965731964709429
clustered,54,500,target_only,temporal_reconstructed,clustered_54_500_target_only_temporal_reconstructed,2751,0.8875698324022346,0.7831176833025262,0.8320785597381342,0.8201935934243128,967,161,352,1271,0.18647764449291168,0.10531332051654899,0.13920152605682093,0.8975744287568332
clustered,55,500,target_only,temporal_reconstructed,clustered_55_500_target_only_temporal_reconstructed,2751,0.8407130534790109,0.9008009858287123,0.8697204045211184,0.8276168049710937,851,277,161,1462,0.15921483097055616,0.061214647130241114,0.11662694099789211,0.9127742600822397
clustered,56,500,target_only,temporal_reconstructed,clustered_56_500_target_only_temporal_reconstructed,2751,0.8892640108035111,0.8114602587800369,0.8485824742268041,0.8330350939290255,964,164,306,1317,0.1708469647400945,0.06390567913283106,0.12419989629690008,0.907403219674624
clustered,57,500,target_only,temporal_reconstructed,clustered_57_500_target_only_temporal_reconstructed,2751,0.8561736770691994,0.7775723967960567,0.8149822408782693,0.7948145671923545,916,212,361,1262,0.20828789531079608,0.09064439047606228,0.14648576509338793,0.8761011916466748
clustered,58,500,target_only,temporal_reconstructed,clustered_58_500_target_only_temporal_reconstructed,2751,0.809437386569873,0.8243992606284658,0.8168498168498168,0.7725719707397648,813,315,285,1338,0.21810250817884405,0.05772943745648694,0.14122866693637456,0.8744515890807236
clustered,59,500,target_only,temporal_reconstructed,clustered_59_500_target_only_temporal_reconstructed,2751,0.8786440677966102,0.7985212569316081,0.8366688185926404,0.8199166568345984,949,179,327,1296,0.18393311523082514,0.12833815568784748,0.13903074277082145,0.9011817053613177
clustered,60,500,target_only,temporal_reconstructed,clustered_60_500_target_only_temporal_reconstructed,2751,0.9096774193548387,0.5212569316081331,0.6627497062279671,0.7233944232508751,1044,84,777,846,0.31297709923664124,0.17577951074113563,0.2093227514168508,0.8002167424828377
clustered,61,500,target_only,temporal_reconstructed,clustered_61_500_target_only_temporal_reconstructed,2751,0.8832872928176796,0.7880468268638324,0.8329534353630739,0.8191120659141857,959,169,344,1279,0.18647764449291168,0.08420222304583622,0.13684108149748483,0.8895716714079085
clustered,62,500,target_only,temporal_reconstructed,clustered_62_500_target_only_temporal_reconstructed,2751,0.8237011091652072,0.8693776956253851,0.8459232613908872,0.8008235995857422,826,302,212,1411,0.18684114867320975,0.08649814559419668,0.13899179331302614,0.8778862582643998
clustered,63,500,target_only,temporal_reconstructed,clustered_63_500_target_only_temporal_reconstructed,2751,0.8413001912045889,0.8133086876155268,0.8270676691729323,0.7962820033822315,879,249,303,1320,0.20065430752453653,0.05264174864305432,0.1319956686867052,0.8923942943415355
clustered,64,500,target_only,temporal_reconstructed,clustered_64_500_target_only_temporal_reconstructed,2751,0.8228536880290206,0.8385705483672212,0.8306377784559048,0.789409387658788,835,293,262,1361,0.20174482006543076,0.06226874546569614,0.1470103044917553,0.8703614486787884
clustered,65,500,target_only,temporal_reconstructed,clustered_65_500_target_only_temporal_reconstructed,2751,0.8612143742255266,0.8564386937769563,0.8588198949644733,0.8289285667466342,904,224,233,1390,0.16612141039621955,0.1416582684794831,0.13639272354894288,0.9115343270277001
clustered,66,500,target_only,temporal_reconstructed,clustered_66_500_target_only_temporal_reconstructed,2751,0.9296754250386399,0.7412199630314233,0.8248200205690778,0.8302731020830876,1037,91,420,1203,0.18575063613231552,0.09977477600062491,0.13358121588684674,0.9062430356183061
clustered,67,500,target_only,temporal_reconstructed,clustered_67_500_target_only_temporal_reconstructed,2751,0.7874064837905237,0.7781885397412199,0.7827703749612643,0.7379417876011064,787,341,360,1263,0.25481643038894947,0.08548566373888183,0.16001917662607348,0.8401272925105858
clustered,68,500,target_only,temporal_reconstructed,clustered_68_500_target_only_temporal_reconstructed,2751,0.8502051983584131,0.7658656808379544,0.8058346839546191,0.7858583723338708,909,219,380,1243,0.21773900399854598,0.07892035968126102,0.15540353751861527,0.8612148940540021
clustered,69,500,target_only,temporal_reconstructed,clustered_69_500_target_only_temporal_reconstructed,2751,0.9111111111111111,0.707332101047443,0.796392646548734,0.8040206604527995,1016,112,475,1148,0.2133769538349691,0.11990802625651137,0.14185135005853536,0.9032158510419807
clustered,70,500,target_only,temporal_reconstructed,clustered_70_500_target_only_temporal_reconstructed,2751,0.8403790087463557,0.7104128157732594,0.769949916527546,0.7581319398015234,909,219,470,1153,0.2504543802253726,0.11142864326492823,0.17404785779719137,0.8350069698439542
clustered,71,500,target_only,temporal_reconstructed,clustered_71_500_target_only_temporal_reconstructed,2751,0.8514784946236559,0.7806531115218731,0.8145290903246545,0.7923655628531352,907,221,356,1267,0.20974191203198836,0.05849541976973755,0.14247762029263322,0.8815219386216752
distributed,42,20,joint,alphaearth,distributed_42_20_joint_alphaearth,2751,0.7228969860548808,0.9901417128773875,0.8356734269370775,0.7220212110486228,512,616,16,1607,0.22973464194838242,0.12266178560332144,0.1473422972439836,0.9013543127821259
distributed,43,20,joint,alphaearth,distributed_43_20_joint_alphaearth,2751,0.7784120394395433,0.9242144177449169,0.8450704225352113,0.7728341592270684,701,427,123,1500,0.1999272991639404,0.07407397638509089,0.12786225086271485,0.9077538967763926
distributed,44,20,joint,alphaearth,distributed_44_20_joint_alphaearth,2751,0.8197740112994351,0.8940234134319162,0.8552903035661656,0.8056109974960999,809,319,172,1451,0.17848055252635406,0.056703793054423086,0.1291473276243029,0.8942591099574817
distributed,45,20,joint,alphaearth,distributed_45_20_joint_alphaearth,2751,0.8079004329004329,0.9199014171287738,0.8602708153269951,0.8025925525360181,773,355,130,1493,0.17629952744456562,0.055284381554312416,0.12776367479321873,0.8991202483798937
distributed,46,20,joint,alphaearth,distributed_46_20_joint_alphaearth,2751,0.8698149329929802,0.8398028342575478,0.8545454545454545,0.8294758852138803,924,204,260,1363,0.16866593965830606,0.046192162286471876,0.12329883002486695,0.9009703158934291
distributed,47,20,joint,alphaearth,distributed_47_20_joint_alphaearth,2751,0.7937245787332946,0.8416512630930376,0.8169856459330144,0.7634674755181501,773,355,257,1366,0.22246455834242093,0.060532416541593026,0.1375675249392726,0.881109811093195
distributed,48,20,joint,alphaearth,distributed_48_20_joint_alphaearth,2751,0.8198940553266627,0.8582871226124461,0.8386514148103552,0.7935052634338826,822,306,230,1393,0.19483824063976735,0.04258261003305067,0.12359625833227919,0.9027996268183864
distributed,49,20,joint,alphaearth,distributed_49_20_joint_alphaearth,2751,0.8380447585394581,0.8767714109673445,0.8569707919301415,0.8164885423631049,853,275,200,1423,0.17266448564158487,0.05712313663486257,0.12201007583573281,0.9067029579231176
distributed,50,20,joint,alphaearth,distributed_50_20_joint_alphaearth,2751,0.7782874617737003,0.9408502772643254,0.8518828451882845,0.7776059896959925,693,435,96,1527,0.193020719738277,0.08053273127041513,0.12259178230282598,0.9191121205367873
distributed,51,20,joint,alphaearth,distributed_51_20_joint_alphaearth,2751,0.8367952522255193,0.8687615526802218,0.8524788391777509,0.8124836132195435,853,275,213,1410,0.17739003998545982,0.06693467866907751,0.13189054996003663,0.8924598414633613
distributed,52,20,joint,alphaearth,distributed_52_20_joint_alphaearth,2751,0.7868098159509203,0.9482439926062847,0.8600167644593462,0.7892815707712275,711,417,84,1539,0.1821155943293348,0.07104238787597628,0.120296077140917,0.9157697635496824
distributed,53,20,joint,alphaearth,distributed_53_20_joint_alphaearth,2751,0.7726829268292683,0.9759704251386322,0.8625102096378982,0.7814249288813728,662,466,39,1584,0.18356961105052708,0.0772244680493016,0.1291176395458333,0.9078852641330518
distributed,54,20,joint,alphaearth,distributed_54_20_joint_alphaearth,2751,0.7807203389830508,0.9081947011706716,0.8396468242665908,0.7705867122874634,714,414,149,1474,0.20465285350781534,0.08680402734043591,0.13098267781041814,0.9028034504004929
distributed,55,20,joint,alphaearth,distributed_55_20_joint_alphaearth,2751,0.8084880636604774,0.9390018484288355,0.8688711516533637,0.8094831937179638,767,361,99,1524,0.1672119229371138,0.0707995380822289,0.12134038116917649,0.9087324606826515
distributed,56,20,joint,alphaearth,distributed_56_20_joint_alphaearth,2751,0.8174097664543525,0.9488601355514479,0.8782435129740519,0.8219477982721779,784,344,83,1540,0.15521628498727735,0.06418189076661793,0.1135501500446283,0.915825205490227
distributed,57,20,joint,alphaearth,distributed_57_20_joint_alphaearth,2751,0.7984409799554566,0.8835489833641405,0.8388417665984206,0.7813134987742688,766,362,189,1434,0.20029080334423846,0.04844325031364849,0.13099108653993374,0.8919463890090586
distributed,58,20,joint,alphaearth,distributed_58_20_joint_alphaearth,2751,0.8047493403693932,0.9396179913739988,0.8669698692438885,0.8058019034884178,758,370,98,1525,0.17011995637949837,0.069161620719076,0.12404738094287986,0.903754703005991
distributed,59,20,joint,alphaearth,distributed_59_20_joint_alphaearth,2751,0.7866323907455013,0.9426987060998152,0.8576233183856502,0.7873954523406878,713,415,93,1530,0.1846601235914213,0.0814088905451002,0.12414384984246217,0.9146041172332123
distributed,60,20,joint,alphaearth,distributed_60_20_joint_alphaearth,2751,0.8877840909090909,0.7701786814540974,0.8248102936324645,0.8150538797341409,970,158,373,1250,0.193020719738277,0.11932849098025972,0.1547025858948266,0.8825351878799003
distributed,61,20,joint,alphaearth,distributed_61_20_joint_alphaearth,2751,0.8062601187263896,0.9205175600739371,0.859608745684695,0.8011275743632097,769,359,129,1494,0.17739003998545982,0.06472921227852986,0.12473440757447958,0.9041444352678475
distributed,62,20,joint,alphaearth,distributed_62_20_joint_alphaearth,2751,0.7908997955010225,0.9531731361675909,0.8644872869516624,0.7952922418426607,719,409,76,1547,0.17629952744456562,0.09379060863232182,0.1273992185668303,0.9019581656419466
distributed,63,20,joint,alphaearth,distributed_63_20_joint_alphaearth,2751,0.8200767964893033,0.9211337030191005,0.8676726639582124,0.8151767805875645,800,328,128,1495,0.16575790621592149,0.06675767630621936,0.11462407034117301,0.9225702774391177
distributed,64,20,joint,alphaearth,distributed_64_20_joint_alphaearth,2751,0.804324894514768,0.9396179913739988,0.8667235009946007,0.8053586410770703,757,371,98,1525,0.17048346055979643,0.07342971401725466,0.12095378840142068,0.9106822144439638
distributed,65,20,joint,alphaearth,distributed_65_20_joint_alphaearth,2751,0.8053050397877984,0.9353049907578558,0.8654503990877993,0.8049751904143889,761,367,105,1518,0.17157397310069067,0.07509483506784088,0.11683074083828623,0.9217471148341876
distributed,66,20,joint,alphaearth,distributed_66_20_joint_alphaearth,2751,0.778238341968912,0.9254467036352434,0.8454826906839291,0.7730070397608841,700,428,121,1502,0.19956379498364232,0.08080533887096801,0.12821910246626222,0.9075853860506986
distributed,67,20,joint,alphaearth,distributed_67_20_joint_alphaearth,2751,0.8570588235294118,0.8977202711028959,0.8769184471862774,0.841147369594001,885,243,166,1457,0.14867320974191203,0.08617969135368933,0.11700250617080486,0.9139852431579729
distributed,68,20,joint,alphaearth,distributed_68_20_joint_alphaearth,2751,0.7878128400435256,0.8921749845964264,0.8367523837041317,0.7732151518726813,738,390,175,1448,0.20537986186841148,0.056712224703803896,0.12718610782570866,0.9025333416359688
distributed,69,20,joint,alphaearth,distributed_69_20_joint_alphaearth,2751,0.8385446276293349,0.9088108441158349,0.8722649319929036,0.8285188972352224,844,284,148,1475,0.15703380588876772,0.05820946771051673,0.12026400683515491,0.9026701712527804
distributed,70,20,joint,alphaearth,distributed_70_20_joint_alphaearth,2751,0.8160535117056856,0.9020332717190388,0.8568920105355575,0.8047400401148386,798,330,159,1464,0.1777535441657579,0.09470878246777309,0.1322548974106754,0.8988536900844685
distributed,71,20,joint,alphaearth,distributed_71_20_joint_alphaearth,2751,0.8061398521887436,0.8736906962415281,0.8385570668243643,0.7856928658512605,787,341,205,1418,0.1984732824427481,0.05441345490554632,0.12946511163429247,0.8981657184183042
distributed,42,20,joint,galileo,distributed_42_20_joint_galileo,2751,0.7098353360035603,0.9827479975354282,0.8242894056847545,0.7023669065691325,476,652,28,1595,0.24718284260268994,0.08330011290027818,0.17450739768970946,0.7950808523747722
distributed,43,20,joint,galileo,distributed_43_20_joint_galileo,2751,0.7567829457364341,0.9624152803450401,0.8473013289937619,0.7586899096760662,626,502,61,1562,0.20465285350781534,0.08671002140753381,0.15937560330148942,0.8319530201928833
distributed,44,20,joint,galileo,distributed_44_20_joint_galileo,2751,0.7322097378277154,0.9636475662353666,0.8321362064378824,0.7282776838269032,556,572,59,1564,0.22937113776808432,0.0778403064651259,0.16782399445311474,0.8080509891060683
distributed,45,20,joint,galileo,distributed_45_20_joint_galileo,2751,0.7445708376421923,0.8872458410351202,0.8096710711273545,0.7246512893118864,634,494,183,1440,0.2460923300617957,0.06854317115480855,0.17945452270084344,0.7816958569849198
distributed,46,20,joint,galileo,distributed_46_20_joint_galileo,2751,0.7548676984523215,0.9316081330868762,0.833976833976834,0.7481622225718069,637,491,111,1512,0.21882951653944022,0.06909934912686555,0.1533431741687675,0.8525378206892935
distributed,47,20,joint,galileo,distributed_47_20_joint_galileo,2751,0.753968253968254,0.9365372766481824,0.8353943391041495,0.7484104822957225,632,496,103,1520,0.21773900399854598,0.06919854631553443,0.1598352029077744,0.8389001957674038
distributed,48,20,joint,galileo,distributed_48_20_joint_galileo,2751,0.75037147102526,0.933456561922366,0.8319604612850082,0.7433240256420341,624,504,108,1515,0.22246455834242093,0.07538684699374548,0.15643378674869035,0.8493443102913353
distributed,49,20,joint,galileo,distributed_49_20_joint_galileo,2751,0.7376573088092934,0.9390018484288355,0.8262401734887503,0.7292526972640632,586,542,99,1524,0.23300617957106506,0.07948580850835937,0.16768178599819392,0.821402391595985
distributed,50,20,joint,galileo,distributed_50_20_joint_galileo,2751,0.730622009569378,0.9408502772643254,0.8225154861298142,0.7208684010435102,565,563,96,1527,0.23954925481643038,0.10414315932490359,0.16488962359395898,0.8423455163583766
distributed,51,20,joint,galileo,distributed_51_20_joint_galileo,2751,0.7209853150165798,0.937769562538509,0.8152115693626139,0.7078032209855665,539,589,101,1522,0.25081788440567065,0.08720793950945921,0.19033009914363216,0.7794172751624476
distributed,52,20,joint,galileo,distributed_52_20_joint_galileo,2751,0.7316841103710752,0.9476278496611213,0.825771812080537,0.7238139248305606,564,564,85,1538,0.23591421301344964,0.07890737557058045,0.17618700421362263,0.7808822533352561
distributed,53,20,joint,galileo,distributed_53_20_joint_galileo,2751,0.6926070038910506,0.9870609981515711,0.8140243902439024,0.6783709246077004,417,711,21,1602,0.26608505997818976,0.10957810842023932,0.17534783934617093,0.8207900722329283
distributed,54,20,joint,galileo,distributed_54_20_joint_galileo,2751,0.7370405278039586,0.9636475662353666,0.8352469959946596,0.7344833575857684,570,558,59,1564,0.2242820792439113,0.09349852799058087,0.16058335742715688,0.8432156544006153
distributed,55,20,joint,galileo,distributed_55_20_joint_galileo,2751,0.7487611496531219,0.9309919901417129,0.8299917605053557,0.740761952517665,621,507,112,1511,0.22500908760450744,0.07941392445795592,0.1733527793767837,0.7872995896750173
distributed,56,20,joint,galileo,distributed_56_20_joint_galileo,2751,0.7594217862674238,0.9063462723351817,0.8264044943820225,0.7466128524796476,662,466,152,1471,0.22464558342420937,0.08299019257897941,0.17245174235541333,0.7848934640779922
distributed,57,20,joint,galileo,distributed_57_20_joint_galileo,2751,0.7338199513381995,0.929143561306223,0.8200108754758021,0.7221072416460192,581,547,115,1508,0.24063976735732462,0.06980029661398231,0.1732819197583447,0.8033031925818138
distributed,58,20,joint,galileo,distributed_58_20_joint_galileo,2751,0.7676514772158237,0.944547134935305,0.8469613259668508,0.7665998086024042,664,464,90,1533,0.20138131588513267,0.07978234267847326,0.15192730817387656,0.8524911183649925
distributed,59,20,joint,galileo,distributed_59_20_joint_galileo,2751,0.7624501992031872,0.9433148490449784,0.8432938584412007,0.7602212543097233,651,477,92,1531,0.20683387858960378,0.0766548417110453,0.15119465010461344,0.8503747656690395
distributed,60,20,joint,galileo,distributed_60_20_joint_galileo,2751,0.7370820668693009,0.8964879852125693,0.8090075062552127,0.7181908011169229,609,519,168,1455,0.24972737186477645,0.05964141058839743,0.1806973182184368,0.7938521169535445
distributed,61,20,joint,galileo,distributed_61_20_joint_galileo,2751,0.7353219696969697,0.9568699938385705,0.8315930388219545,0.7306513089760229,569,559,70,1553,0.22864412940748818,0.10604487685401866,0.15862198734863647,0.8527328233767255
distributed,62,20,joint,galileo,distributed_62_20_joint_galileo,2751,0.7367674858223062,0.9605668515095502,0.8339128109120085,0.7333862626342078,571,557,64,1559,0.2257360959651036,0.09212693768031417,0.1730868258728184,0.8011887516769138
distributed,63,20,joint,galileo,distributed_63_20_joint_galileo,2751,0.7242479489516864,0.9790511398644486,0.8325910400838354,0.7213518110669761,523,605,34,1589,0.23227917121046893,0.08680674028282068,0.1579442606291657,0.8481224026952976
distributed,64,20,joint,galileo,distributed_64_20_joint_galileo,2751,0.7285714285714285,0.9426987060998152,0.821917808219178,0.7186897785818225,558,570,93,1530,0.2410032715376227,0.0723474082272958,0.17652703933156982,0.7864892633814449
distributed,65,20,joint,galileo,distributed_65_20_joint_galileo,2751,0.7513330101793505,0.9550215650030807,0.8410200759631037,0.7501171654802637,615,513,73,1550,0.21301344965467103,0.10011899372503605,0.15191198021857633,0.8605886459275572
distributed,66,20,joint,galileo,distributed_66_20_joint_galileo,2751,0.76051459673429,0.9470117067159581,0.8435784851811197,0.7589668462657805,644,484,86,1537,0.20719738276990185,0.06854960229387698,0.15263055942728185,0.8504490524071089
distributed,67,20,joint,galileo,distributed_67_20_joint_galileo,2751,0.7381178707224335,0.9568699938385705,0.8333780520525892,0.734197408266803,577,551,70,1553,0.2257360959651036,0.06949071883303153,0.1600823352109493,0.8361742548384701
distributed,68,20,joint,galileo,distributed_68_20_joint_galileo,2751,0.7367161321206319,0.9482439926062847,0.8292025862068966,0.7303276700620076,578,550,84,1539,0.23046165030897856,0.06668489761631587,0.1617222353983913,0.8276949152912696
distributed,69,20,joint,galileo,distributed_69_20_joint_galileo,2751,0.759268413247652,0.9463955637707948,0.8425671969281404,0.7573289875591562,641,487,87,1536,0.20865139949109415,0.0702505666537655,0.1540677113346115,0.8478099614145943
distributed,70,20,joint,galileo,distributed_70_20_joint_galileo,2751,0.73974609375,0.933456561922366,0.8253881776082811,0.7304694157129561,595,533,108,1515,0.23300617957106506,0.08836499774809325,0.16624616509447754,0.8375608495780951
distributed,71,20,joint,galileo,distributed_71_20_joint_galileo,2751,0.7498761763249133,0.9328404189772027,0.8314113124656782,0.7425726917581049,623,505,109,1514,0.2231915667030171,0.06985848101531342,0.15602874398280694,0.8482065215016408
distributed,42,20,joint,presto_primary,distributed_42_20_joint_presto_primary,2751,0.7487757100881489,0.9420825631546519,0.8343792633015007,0.7436476645560494,615,513,94,1529,0.22064703744093056,0.08831392542117203,0.17196009456985528,0.7901129267663856
distributed,43,20,joint,presto_primary,distributed_43_20_joint_presto_primary,2751,0.7707590422822211,0.9322242760320394,0.8438371444506414,0.7666440529096368,678,450,110,1513,0.2035623409669211,0.08119129822392163,0.15012912251994565,0.8560617978264574
distributed,44,20,joint,presto_primary,distributed_44_20_joint_presto_primary,2751,0.7881165919282511,0.8662969808995687,0.8253595538597006,0.7655952989604227,750,378,217,1406,0.21628498727735368,0.05134816536433366,0.1586179747705576,0.8359956389314944
distributed,45,20,joint,presto_primary,distributed_45_20_joint_presto_primary,2751,0.7624521072796935,0.7356746765249538,0.748824082784572,0.7029437212412003,756,372,429,1194,0.29116684841875684,0.07665528254777065,0.18404025846305722,0.790087527256678
distributed,46,20,joint,presto_primary,distributed_46_20_joint_presto_primary,2751,0.8272345530893821,0.8496611213801601,0.8382978723404255,0.7971709862219949,840,288,244,1379,0.19338422391857507,0.04897605132346763,0.14504819309975428,0.8641341989923222
distributed,47,20,joint,presto_primary,distributed_47_20_joint_presto_primary,2751,0.7784123358081096,0.8398028342575478,0.8079430942501482,0.747915601525937,740,388,260,1363,0.23555070883315157,0.04684175517645427,0.16436636775059935,0.8335638407117543
distributed,48,20,joint,presto_primary,distributed_48_20_joint_presto_primary,2751,0.8059701492537313,0.8650646950092421,0.8344725111441308,0.7827096524691601,790,338,219,1404,0.2024718284260269,0.07010664382296798,0.1598057051472399,0.8345030763449177
distributed,49,20,joint,presto_primary,distributed_49_20_joint_presto_primary,2751,0.7760047281323877,0.8089956869993838,0.792156862745098,0.7365013895989827,749,379,310,1313,0.2504543802253726,0.04623031152828448,0.17051816359043773,0.8172772927290762
distributed,50,20,joint,presto_primary,distributed_50_20_joint_presto_primary,2751,0.7689873417721519,0.8983364140480592,0.8286445012787724,0.7550192708538168,690,438,165,1458,0.21919302071973829,0.06435351803577818,0.15072425646424145,0.8509941859702941
distributed,51,20,joint,presto_primary,distributed_51_20_joint_presto_primary,2751,0.7917705735660848,0.7825015403573629,0.7871087697551906,0.7432011247886106,794,334,353,1270,0.24972737186477645,0.06153395613364856,0.17190398799910855,0.814317020839615
distributed,52,20,joint,presto_primary,distributed_52_20_joint_presto_primary,2751,0.7687595712098009,0.9279112754158965,0.8408710217755444,0.7631577653675228,675,453,117,1506,0.20719738276990185,0.07193554724162177,0.15828522601711706,0.8257730190567333
distributed,53,20,joint,presto_primary,distributed_53_20_joint_presto_primary,2751,0.747568093385214,0.9470117067159581,0.8355531394400653,0.7434526618686174,609,519,86,1537,0.21992002908033442,0.06747333257477442,0.15909631376863007,0.8369602740743655
distributed,54,20,joint,presto_primary,distributed_54_20_joint_presto_primary,2751,0.7791732077446363,0.9174368453481208,0.842671194114318,0.7716616850854079,706,422,134,1489,0.20210832424572883,0.05707529230730263,0.1489393722511099,0.8497736439392947
distributed,55,20,joint,presto_primary,distributed_55_20_joint_presto_primary,2751,0.7547281323877069,0.7868145409735059,0.7704374057315234,0.7094533697775331,713,415,346,1277,0.27662668120683387,0.07123685386370059,0.1849586256533953,0.7892747429460372
distributed,56,20,joint,presto_primary,distributed_56_20_joint_presto_primary,2751,0.7698249227600412,0.9211337030191005,0.8387096774193549,0.7624285536372097,681,447,128,1495,0.20901490367139222,0.04884074602735139,0.15559362746677746,0.8334133554445624
distributed,57,20,joint,presto_primary,distributed_57_20_joint_presto_primary,2751,0.7810975609756098,0.789279112754159,0.7851670242108489,0.7355083507033207,769,359,342,1281,0.25481643038894947,0.06064195250347808,0.17691577451830698,0.8073294245399685
distributed,58,20,joint,presto_primary,distributed_58_20_joint_presto_primary,2751,0.797947055645597,0.9100431300061614,0.8503166378814048,0.7892414231591092,754,374,146,1477,0.1890221737549982,0.053930772829061745,0.13446645699752127,0.8882910445152352
distributed,59,20,joint,presto_primary,distributed_59_20_joint_presto_primary,2751,0.8106476399560922,0.9100431300061614,0.8574746008708273,0.8020960330881871,783,345,146,1477,0.17848055252635406,0.0454044476377518,0.1314461146755557,0.8878652613363748
distributed,60,20,joint,presto_primary,distributed_60_20_joint_presto_primary,2751,0.7623287671232877,0.6857670979667283,0.7220240025948751,0.6890714922457755,781,347,510,1113,0.3115230825154489,0.08392849913476141,0.19026764520395795,0.7890816520496585
distributed,61,20,joint,presto_primary,distributed_61_20_joint_presto_primary,2751,0.7638297872340426,0.884781269254467,0.8198686839851556,0.7455821239889356,684,444,187,1436,0.22937113776808432,0.09703487748865147,0.16597751474000272,0.8424880813483479
distributed,62,20,joint,presto_primary,distributed_62_20_joint_presto_primary,2751,0.7458677685950413,0.8897104128157732,0.8114638943523461,0.7267701000249078,636,492,179,1444,0.24391130498000727,0.0715925080231432,0.16427807188113788,0.8385211149128441
distributed,63,20,joint,presto_primary,distributed_63_20_joint_presto_primary,2751,0.7593555093555093,0.9001848428835489,0.8237947561319425,0.7448619249878737,665,463,162,1461,0.22719011268629588,0.06059682570674778,0.14512513545453154,0.8657936336265474
distributed,64,20,joint,presto_primary,distributed_64_20_joint_presto_primary,2751,0.7826576576576577,0.8564386937769563,0.8178876140041189,0.7571200561083362,742,386,233,1390,0.22500908760450744,0.0653790454248861,0.16331293927203863,0.8266049212779067
distributed,65,20,joint,presto_primary,distributed_65_20_joint_presto_primary,2751,0.7748522299838796,0.8884781269254467,0.8277841561423651,0.7585121131081134,709,419,181,1442,0.21810250817884405,0.056294680730002475,0.1435659582751361,0.8723338708197323
distributed,66,20,joint,presto_primary,distributed_66_20_joint_presto_primary,2751,0.792358803986711,0.8817005545286506,0.8346456692913385,0.7746268730090061,753,375,192,1431,0.20610687022900764,0.05286996301478439,0.1579009825479634,0.8380194063178685
distributed,67,20,joint,presto_primary,distributed_67_20_joint_presto_primary,2751,0.7476889613920609,0.8471965495995071,0.7943385326400925,0.7179245159345053,664,464,248,1375,0.2588149763722283,0.0535075542789023,0.16937866723136225,0.8128681563342552
distributed,68,20,joint,presto_primary,distributed_68_20_joint_presto_primary,2751,0.7921928817451206,0.8502772643253235,0.8202080237741456,0.7646776392548603,766,362,243,1380,0.21992002908033442,0.040573679825104014,0.1516805352008081,0.8498173420205117
distributed,69,20,joint,presto_primary,distributed_69_20_joint_presto_primary,2751,0.7748171368861024,0.9137399876771412,0.8385637545942889,0.7658238945477904,697,431,140,1483,0.20756088695019992,0.05806923152900488,0.14090650567896326,0.8822047211406947
distributed,70,20,joint,presto_primary,distributed_70_20_joint_presto_primary,2751,0.7880794701986755,0.8798521256931608,0.8314410480349345,0.7697132968891336,744,384,195,1428,0.21046892039258452,0.06868153147729186,0.1590005529995719,0.8392628898415071
distributed,71,20,joint,presto_primary,distributed_71_20_joint_presto_primary,2751,0.7929490766648013,0.8730745532963647,0.8310850439882698,0.7725301844496009,758,370,206,1417,0.2093784078516903,0.050687386706017086,0.15673147010454633,0.8413459227505321
distributed,42,20,joint,temporal_reconstructed,distributed_42_20_joint_temporal_reconstructed,2751,0.7257336343115124,0.7923598274799754,0.7575846833578792,0.6807543818250941,642,486,337,1286,0.2991639403853144,0.06834341612270822,0.18628363072356813,0.7702862879790948
distributed,43,20,joint,temporal_reconstructed,distributed_43_20_joint_temporal_reconstructed,2751,0.7666844634276562,0.884781269254467,0.8215102974828375,0.7486849608683682,691,437,187,1436,0.2268266085059978,0.059698127110677006,0.15853361478037054,0.8439279331244566
distributed,44,20,joint,temporal_reconstructed,distributed_44_20_joint_temporal_reconstructed,2751,0.7613882863340564,0.8650646950092421,0.8099221228728007,0.7374968865117133,688,440,219,1404,0.23954925481643038,0.05009882827106472,0.1712797242375142,0.8137385674895016
distributed,45,20,joint,temporal_reconstructed,distributed_45_20_joint_temporal_reconstructed,2751,0.7680890538033395,0.7652495378927912,0.7666666666666667,0.7164013646910764,753,375,381,1242,0.2748091603053435,0.05427554976633492,0.1870716504251375,0.7834702721953479
distributed,46,20,joint,temporal_reconstructed,distributed_46_20_joint_temporal_reconstructed,2751,0.7797260273972603,0.8767714109673445,0.8254060324825986,0.7601942161219701,726,402,200,1423,0.21882951653944022,0.0596938797205604,0.15649653542591652,0.8484342977499858
distributed,47,20,joint,temporal_reconstructed,distributed_47_20_joint_temporal_reconstructed,2751,0.7770382695507487,0.8632162661737524,0.8178633975481612,0.753416643725174,726,402,222,1401,0.2268266085059978,0.050037370349477965,0.16534435386359797,0.8251787251521785
distributed,48,20,joint,temporal_reconstructed,distributed_48_20_joint_temporal_reconstructed,2751,0.7827845176198729,0.8348736906962415,0.8079904591532499,0.750770178681454,752,376,268,1355,0.2340966921119593,0.033582989071950724,0.1704428880923042,0.8090399313066163
distributed,49,20,joint,temporal_reconstructed,distributed_49_20_joint_temporal_reconstructed,2751,0.781232334652346,0.85150955021565,0.8148584905660378,0.7542122219163356,741,387,241,1382,0.22828062522719011,0.05233636524623913,0.17143163171675782,0.8105832929126081
distributed,50,20,joint,temporal_reconstructed,distributed_50_20_joint_temporal_reconstructed,2751,0.7575757575757576,0.893407270486753,0.8199038733389878,0.7410298763781282,664,464,173,1450,0.23155216284987276,0.03042067849662262,0.16768972871479212,0.8136659194294779
distributed,51,20,joint,temporal_reconstructed,distributed_51_20_joint_temporal_reconstructed,2751,0.7735170760934691,0.7954405422057917,0.784325637910085,0.7301670796135342,750,378,332,1291,0.25808796801163214,0.054541136573703436,0.17304250932561008,0.8118087509777446
distributed,52,20,joint,temporal_reconstructed,distributed_52_20_joint_temporal_reconstructed,2751,0.7858757062146893,0.8570548367221196,0.8199233716475096,0.7605309644603506,749,379,232,1391,0.22210105416212286,0.0443774271920601,0.1677523553141282,0.8117642335575046
distributed,53,20,joint,temporal_reconstructed,distributed_53_20_joint_temporal_reconstructed,2751,0.7682451253481895,0.8496611213801601,0.8069046225863078,0.7404333975695128,712,416,244,1379,0.23991275899672845,0.057896544406007465,0.1771998210748085,0.7872911231717816
distributed,54,20,joint,temporal_reconstructed,distributed_54_20_joint_temporal_reconstructed,2751,0.7731000546746856,0.8712261244608749,0.8192352259559675,0.7516591615212176,713,415,209,1414,0.2268266085059978,0.07607989268369666,0.16368585943485256,0.8270446332201553
distributed,55,20,joint,temporal_reconstructed,distributed_55_20_joint_temporal_reconstructed,2751,0.7502762430939226,0.8367221195317314,0.791144771337023,0.7180064498367877,676,452,265,1358,0.2606324972737186,0.04498480944344419,0.18313936036728193,0.7712752301796427
distributed,56,20,joint,temporal_reconstructed,distributed_56_20_joint_temporal_reconstructed,2751,0.7614185921547555,0.8730745532963647,0.8134328358208955,0.7397287660098846,684,444,206,1417,0.23627771719374774,0.05540889158385384,0.169428350698565,0.8162842538334142
distributed,57,20,joint,temporal_reconstructed,distributed_57_20_joint_temporal_reconstructed,2751,0.7986494782074892,0.8016019716574245,0.8001230012300123,0.7554109149067265,800,328,322,1301,0.23627771719374774,0.055837069277122606,0.17543638614022775,0.8047116363620473
distributed,58,20,joint,temporal_reconstructed,distributed_58_20_joint_temporal_reconstructed,2751,0.7936687394007914,0.8650646950092421,0.8278301886792453,0.7707415673627771,763,365,219,1404,0.2122864412940749,0.0533064460509454,0.15044924578694005,0.8588470042780421
distributed,59,20,joint,temporal_reconstructed,distributed_59_20_joint_temporal_reconstructed,2751,0.796100278551532,0.8804682686383241,0.8361614979520188,0.7780000917659705,762,366,194,1429,0.2035623409669211,0.06536492629000296,0.1511012322676258,0.8577693003500216
distributed,60,20,joint,temporal_reconstructed,distributed_60_20_joint_temporal_reconstructed,2751,0.7706214689265537,0.8404189772027111,0.8040082522841143,0.7402449495942633,722,406,259,1364,0.24173027989821882,0.07842607440261123,0.18376550867785654,0.7835038650952837
distributed,61,20,joint,temporal_reconstructed,distributed_61_20_joint_temporal_reconstructed,2751,0.7755214050493963,0.8706099815157117,0.8203193033381713,0.754010664516721,719,409,210,1413,0.22500908760450744,0.06656744529391097,0.17156756312955435,0.8116817534292069
distributed,62,20,joint,temporal_reconstructed,distributed_62_20_joint_temporal_reconstructed,2751,0.7710382513661203,0.8693776956253851,0.8172603533159571,0.7489618974580826,709,419,212,1411,0.22937113776808432,0.0429876960109409,0.1653030267239891,0.8283738742281825
distributed,63,20,joint,temporal_reconstructed,distributed_63_20_joint_temporal_reconstructed,2751,0.7707877461706784,0.8681454097350585,0.8165749058243987,0.7483457545129193,709,419,214,1409,0.2300981461286805,0.034125000156121583,0.16232203601156261,0.8267147127069651
distributed,64,20,joint,temporal_reconstructed,distributed_64_20_joint_temporal_reconstructed,2751,0.7704194260485652,0.860135551447936,0.8128093158660844,0.7456706126034006,712,416,227,1396,0.2337331879316612,0.05411983749940778,0.17030835933465516,0.8067209287590182
distributed,65,20,joint,temporal_reconstructed,distributed_65_20_joint_temporal_reconstructed,2751,0.7703066164604626,0.8823166974738139,0.8225157955198162,0.7518852990915169,701,427,191,1432,0.22464558342420937,0.04015912602279747,0.15921931554014077,0.8385975865549744
distributed,66,20,joint,temporal_reconstructed,distributed_66_20_joint_temporal_reconstructed,2751,0.7797752808988764,0.8552064078866297,0.8157508081104907,0.7538443386950879,736,392,235,1388,0.22791712104689205,0.051972366340610844,0.16730080014432908,0.8176498188714533
distributed,67,20,joint,temporal_reconstructed,distributed_67_20_joint_temporal_reconstructed,2751,0.7800554016620499,0.8675292667898953,0.8214702450408401,0.7577894560899832,731,397,215,1408,0.22246455834242093,0.049562577007382626,0.16593344505947305,0.817343659189925
distributed,68,20,joint,temporal_reconstructed,distributed_68_20_joint_temporal_reconstructed,2751,0.7840088839533592,0.8699938385705484,0.8247663551401869,0.7625678412710898,739,389,211,1412,0.21810250817884405,0.038778370574376185,0.161482775584767,0.8280442268279999
distributed,69,20,joint,temporal_reconstructed,distributed_69_20_joint_temporal_reconstructed,2751,0.7815315315315315,0.8552064078866297,0.8167107972933215,0.755617388340478,740,388,235,1388,0.22646310432569974,0.06899140304665631,0.17187549465742266,0.8133398224983941
distributed,70,20,joint,temporal_reconstructed,distributed_70_20_joint_temporal_reconstructed,2751,0.7756373937677054,0.8434996919285275,0.80814639905549,0.7462179310706467,732,396,254,1369,0.23627771719374774,0.07903933784016291,0.1813757961146306,0.7920883531504131
distributed,71,20,joint,temporal_reconstructed,distributed_71_20_joint_temporal_reconstructed,2751,0.7887323943661971,0.8280961182994455,0.8079350766456267,0.7544735910646163,768,360,279,1344,0.23227917121046893,0.06310861565744101,0.1694604264071155,0.8256031427660011
distributed,42,50,joint,alphaearth,distributed_42_50_joint_alphaearth,2751,0.8379136287156478,0.9205175600739371,0.8772753963593658,0.8321559431575359,839,289,129,1494,0.1519447473645947,0.04916621810221499,0.11397497919294981,0.9183771734333145
distributed,43,50,joint,alphaearth,distributed_43_50_joint_alphaearth,2751,0.829050279329609,0.9143561306223044,0.8696161734544389,0.8215397674388117,822,306,139,1484,0.16175936023264267,0.04933667740048161,0.11423187230581285,0.9137503659714301
distributed,44,50,joint,alphaearth,distributed_44_50_joint_alphaearth,2751,0.8157752566180443,0.9303758471965496,0.869314910765688,0.8140354413287713,787,341,113,1510,0.16503089785532535,0.043592626904310414,0.11606797085710427,0.9125412946867503
distributed,45,50,joint,alphaearth,distributed_45_50_joint_alphaearth,2751,0.8212351029252438,0.9340727048675292,0.8740270971461517,0.8207597566890839,798,330,107,1516,0.1588513267902581,0.07052727470661285,0.11668605424227942,0.9144686531814388
distributed,46,50,joint,alphaearth,distributed_46_50_joint_alphaearth,2751,0.8559473998804543,0.8823166974738139,0.8689320388349514,0.8343321076021553,887,241,191,1432,0.15703380588876772,0.04757483694468972,0.1143771393206673,0.9142821169972426
distributed,47,50,joint,alphaearth,distributed_47_50_joint_alphaearth,2751,0.8457042665108124,0.8915588416512631,0.8680263947210558,0.8287581442298868,864,264,176,1447,0.1599418393311523,0.06622131102088326,0.11819930914052071,0.9157189645302675
distributed,48,50,joint,alphaearth,distributed_48_50_joint_alphaearth,2751,0.8572274881516587,0.8915588416512631,0.8740561763817578,0.8389531796908798,887,241,176,1447,0.1515812431842966,0.05325848948067549,0.1140897708826775,0.9135258670791766
distributed,49,50,joint,alphaearth,distributed_49_50_joint_alphaearth,2751,0.8860294117647058,0.8909426987060998,0.8884792626728111,0.8630245408424115,942,186,177,1446,0.13195201744820065,0.06697225257695981,0.10626448696652227,0.9243274865300664
distributed,50,50,joint,alphaearth,distributed_50_50_joint_alphaearth,2751,0.8149141630901288,0.9359211337030191,0.8712360195010037,0.815035034936616,783,345,104,1519,0.16321337695383498,0.07320202836228418,0.11408939985263486,0.9190667837775243
distributed,51,50,joint,alphaearth,distributed_51_50_joint_alphaearth,2751,0.8296337402885683,0.9211337030191005,0.872992700729927,0.8244852912258622,821,307,128,1495,0.15812431842966193,0.06168686045590999,0.11350084788237025,0.918278579637568
distributed,52,50,joint,alphaearth,distributed_52_50_joint_alphaearth,2751,0.8491228070175438,0.8946395563770795,0.8712871287128713,0.8329580760608801,870,258,171,1452,0.1559432933478735,0.036166215737215034,0.10900465132051214,0.9231072176120746
distributed,53,50,joint,alphaearth,distributed_53_50_joint_alphaearth,2751,0.8579009433962265,0.8964879852125693,0.8767701114793612,0.8414177514715329,887,241,168,1455,0.14867320974191203,0.07852078630086602,0.11825871802647217,0.9030309535358303
distributed,54,50,joint,alphaearth,distributed_54_50_joint_alphaearth,2751,0.8631578947368421,0.9094269870609981,0.8856885688568857,0.8509900892751798,894,234,147,1476,0.13849509269356597,0.07141302860613087,0.10935533046705138,0.9200912306690613
distributed,55,50,joint,alphaearth,distributed_55_50_joint_alphaearth,2751,0.8163934426229508,0.9205175600739371,0.8653344917463076,0.8113226098242026,792,336,129,1494,0.16902944383860413,0.046990739056469874,0.11990032782462366,0.9085369117692043
distributed,56,50,joint,alphaearth,distributed_56_50_joint_alphaearth,2751,0.8203167667941016,0.9254467036352434,0.8697162709901564,0.8168900184842884,799,329,121,1502,0.16357688113413305,0.07030333958429974,0.11648375930537042,0.9138983932215535
distributed,57,50,joint,alphaearth,distributed_57_50_joint_alphaearth,2751,0.8120508568269762,0.9051139864448552,0.8560606060606061,0.8018477733642715,788,340,154,1469,0.17957106506724826,0.06092090802644778,0.12579736946572537,0.8994015547777297
distributed,58,50,joint,alphaearth,distributed_58_50_joint_alphaearth,2751,0.8110021786492375,0.9174368453481208,0.8609424689216536,0.8049063659364717,781,347,134,1489,0.17484551072337332,0.05039006511933145,0.12107733095284252,0.9102108213928326
distributed,59,50,joint,alphaearth,distributed_59_50_joint_alphaearth,2751,0.8710066305003014,0.8903265557609366,0.8805606337599025,0.8503051218520995,914,214,178,1445,0.14249363867684478,0.04318042498473114,0.10725022286721074,0.9216720087570954
distributed,60,50,joint,alphaearth,distributed_60_50_joint_alphaearth,2751,0.8600230414746544,0.9199014171287738,0.8889550461446859,0.8522379426069401,885,243,130,1493,0.1355870592511814,0.060682398053876506,0.10742454145953503,0.9214939390761352
distributed,61,50,joint,alphaearth,distributed_61_50_joint_alphaearth,2751,0.8357461024498887,0.9248305606900801,0.8780345130155016,0.8316528689975223,833,295,122,1501,0.1515812431842966,0.06039640132939891,0.11035725449919824,0.9235141559934104
distributed,62,50,joint,alphaearth,distributed_62_50_joint_alphaearth,2751,0.7807807807807807,0.9611829944547134,0.8616404308202155,0.7864425610571439,690,438,63,1560,0.1821155943293348,0.07956314373414025,0.116280280667363,0.9282999152257223
distributed,63,50,joint,alphaearth,distributed_63_50_joint_alphaearth,2751,0.8297282307265669,0.9217498459642637,0.8733216579100992,0.8247933626984438,821,307,127,1496,0.15776081424936386,0.04916987198323589,0.11432108051297597,0.9153461652748827
distributed,64,50,joint,alphaearth,distributed_64_50_joint_alphaearth,2751,0.8396860986547086,0.9229821318545902,0.8793660111535074,0.834718016281905,842,286,125,1498,0.14940021810250817,0.08128934462361403,0.11184958828011018,0.9249605624817013
distributed,65,50,joint,alphaearth,distributed_65_50_joint_alphaearth,2751,0.8404735062006764,0.9186691312384473,0.877833382396232,0.8338913032078761,845,283,132,1491,0.15085423482370047,0.037116126939711884,0.10542729563959906,0.9264550368593315
distributed,66,50,joint,alphaearth,distributed_66_50_joint_alphaearth,2751,0.823593664664118,0.929143561306223,0.8731905037637522,0.8213980217878633,805,323,115,1508,0.15921483097055616,0.05797857369861766,0.11516677672632407,0.9146827737794034
distributed,67,50,joint,alphaearth,distributed_67_50_joint_alphaearth,2751,0.8835365853658537,0.8927911275415896,0.8881397486975177,0.8617324432034189,937,191,174,1449,0.1326790258087968,0.029817040604820433,0.1032569705836234,0.9235534842665059
distributed,68,50,joint,alphaearth,distributed_68_50_joint_alphaearth,2751,0.8135223555070883,0.9192852741836106,0.8631761643043101,0.8080468924109543,786,342,131,1492,0.17193747728098874,0.050718343683167605,0.12121052608503649,0.9087611375484502
distributed,69,50,joint,alphaearth,distributed_69_50_joint_alphaearth,2751,0.8392246294184721,0.906962415280345,0.8717796861119337,0.8284812076401725,846,282,151,1472,0.1573973100690658,0.061920627906002175,0.12433728910289872,0.8988547825364989
distributed,70,50,joint,alphaearth,distributed_70_50_joint_alphaearth,2751,0.8372502937720329,0.878003696857671,0.8571428571428571,0.8162181604855732,851,277,198,1425,0.17266448564158487,0.05377712500122673,0.12204104192452642,0.9031219001673636
distributed,71,50,joint,alphaearth,distributed_71_50_joint_alphaearth,2751,0.8168859649122807,0.9180529882932841,0.8645198723527705,0.8109768487565712,794,334,133,1490,0.1697564521992003,0.04968863674747352,0.12131874160026916,0.9085096004684434
distributed,42,50,joint,galileo,distributed_42_50_joint_galileo,2751,0.7606965174129353,0.9420825631546519,0.8417285989540325,0.7578320617191698,647,481,94,1529,0.20901490367139222,0.06011627402761066,0.15269549557136416,0.8480128843792469
distributed,43,50,joint,galileo,distributed_43_50_joint_galileo,2751,0.7793889176592439,0.9272951324707333,0.8469330332020258,0.7748177790013241,702,426,118,1505,0.19774627408215195,0.05695500412871263,0.14801806428542813,0.8488106474744694
distributed,44,50,joint,galileo,distributed_44_50_joint_galileo,2751,0.7758173326414115,0.9211337030191005,0.8422535211267606,0.7690774898074226,696,432,128,1495,0.2035623409669211,0.048657542259394615,0.15033530146621282,0.8446180896946814
distributed,45,50,joint,galileo,distributed_45_50_joint_galileo,2751,0.7629399585921325,0.9081947011706716,0.829254571026723,0.7510831661881727,670,458,149,1474,0.22064703744093056,0.04923289674663609,0.15511249901877094,0.8380068431195187
distributed,46,50,joint,galileo,distributed_46_50_joint_galileo,2751,0.7594553706505295,0.9279112754158965,0.8352745424292846,0.7525194674951823,651,477,117,1506,0.2159214830970556,0.06216039556697868,0.15571779625532695,0.8456277884838077
distributed,47,50,joint,galileo,distributed_47_50_joint_galileo,2751,0.7544194935499283,0.9728897104128158,0.8498385360602799,0.7586079757737838,614,514,44,1579,0.20283533260632497,0.07620710756529682,0.15223987783128035,0.8452749264779784
distributed,48,50,joint,galileo,distributed_48_50_joint_galileo,2751,0.7397910731244065,0.9599507085643869,0.8356127648163046,0.7370675528637538,580,548,65,1558,0.222828062522719,0.07478259614230515,0.1527509997475265,0.8649513531110848
distributed,49,50,joint,galileo,distributed_49_50_joint_galileo,2751,0.7683730359858084,0.9340727048675292,0.8431590656284761,0.764465430447949,671,457,107,1516,0.2050163576881134,0.05144648646343173,0.15342511689418328,0.8357695013611953
distributed,50,50,joint,galileo,distributed_50_50_joint_galileo,2751,0.7579051383399209,0.9451632778804683,0.8412393748286263,0.7553830573799505,638,490,89,1534,0.21046892039258452,0.06226121115160938,0.15460700175465963,0.8356072722346762
distributed,51,50,joint,galileo,distributed_51_50_joint_galileo,2751,0.7516875602700096,0.9605668515095502,0.8433865296186097,0.7520032839108035,613,515,64,1559,0.21046892039258452,0.07589467330398565,0.15666232375084743,0.833775776405658
distributed,52,50,joint,galileo,distributed_52_50_joint_galileo,2751,0.7509823182711198,0.9420825631546519,0.8357474719868817,0.7463072390241344,621,507,94,1529,0.21846601235914212,0.06559966066263541,0.1468226534509034,0.864999967226439
distributed,53,50,joint,galileo,distributed_53_50_joint_galileo,2751,0.7592501233349778,0.9482439926062847,0.8432876712328767,0.7578099395655538,640,488,84,1539,0.207924391130498,0.06957903937936169,0.1588924555359292,0.8279136788103634
distributed,54,50,joint,galileo,distributed_54_50_joint_galileo,2751,0.7684049079754601,0.9260628465804066,0.8398994132439229,0.7622335509497777,675,453,120,1503,0.20828789531079608,0.0588318301782635,0.156938031625743,0.8271639836044797
distributed,55,50,joint,galileo,distributed_55_50_joint_galileo,2751,0.7610531544957775,0.9439309919901417,0.8426842684268426,0.7587562761369149,647,481,91,1532,0.207924391130498,0.06613758095823083,0.15559328043703063,0.8369493495540611
distributed,56,50,joint,galileo,distributed_56_50_joint_galileo,2751,0.7591597459697118,0.9574861367837338,0.8468664850136239,0.7602146995975407,635,493,69,1554,0.20428934932751727,0.09340823471831343,0.16365229558534866,0.790938001162369
distributed,57,50,joint,galileo,distributed_57_50_joint_galileo,2751,0.754841997961264,0.9125077017868145,0.8262203626220362,0.7430446310352512,647,481,142,1481,0.22646310432569974,0.0625208097075299,0.1649981408433486,0.8192983289853741
distributed,58,50,joint,galileo,distributed_58_50_joint_galileo,2751,0.7769857433808554,0.940234134319162,0.8508502927237246,0.7759681309893682,690,438,97,1526,0.19447473645946928,0.04552224785181158,0.1471338420881019,0.8478918953168767
distributed,59,50,joint,galileo,distributed_59_50_joint_galileo,2751,0.764187866927593,0.9624152803450401,0.8519225524952277,0.7675551579030164,646,482,61,1562,0.19738276990185388,0.06353644138877816,0.14338195086685548,0.8701391346905958
distributed,60,50,joint,galileo,distributed_60_50_joint_galileo,2751,0.7792676637441981,0.9309919901417129,0.8483997754070747,0.7757796830141188,700,428,112,1511,0.19629225736095965,0.04750005333108086,0.14672511075469993,0.8492820405256004
distributed,61,50,joint,galileo,distributed_61_50_joint_galileo,2751,0.7716849451645065,0.9537892791127541,0.8531275833562965,0.773880455159214,670,458,75,1548,0.19374772809887314,0.0729397254718138,0.14823751905141574,0.8493079862613232
distributed,62,50,joint,galileo,distributed_62_50_joint_galileo,2751,0.7432368296155671,0.9648798521256932,0.8396782841823056,0.7426349615238395,587,541,57,1566,0.2173754998182479,0.0875394052389172,0.15436255951300706,0.847067094033901
distributed,63,50,joint,galileo,distributed_63_50_joint_galileo,2751,0.7657841140529531,0.9266789895255699,0.8385837747421243,0.7594387855429268,668,460,119,1504,0.21046892039258452,0.0503350503634355,0.15213046858240353,0.8420975297474688
distributed,64,50,joint,galileo,distributed_64_50_joint_galileo,2751,0.75365141187926,0.9537892791127541,0.8419907533315203,0.7526038594145331,622,506,75,1548,0.21119592875318066,0.06958639329300155,0.14970982694269913,0.855356620040814
distributed,65,50,joint,galileo,distributed_65_50_joint_galileo,2751,0.7682988389702171,0.937769562538509,0.8446170921198668,0.7654273344607438,669,459,101,1522,0.2035623409669211,0.06928064798344713,0.14099294872506626,0.8791458554554868
distributed,66,50,joint,galileo,distributed_66_50_joint_galileo,2751,0.7621167161226509,0.9494762784966112,0.8455418381344307,0.7615289193901496,647,481,82,1541,0.20465285350781534,0.06609114322527151,0.14916665864030318,0.8564482527322226
distributed,67,50,joint,galileo,distributed_67_50_joint_galileo,2751,0.7473834443387251,0.9679605668515096,0.843489932885906,0.7486079430002228,597,531,52,1571,0.2119229371137768,0.08264745275362434,0.15215779316761388,0.8570253405172977
distributed,68,50,joint,galileo,distributed_68_50_joint_galileo,2751,0.7738155883851248,0.9359211337030191,0.8471834913552705,0.7711520562132117,684,444,104,1519,0.19920029080334423,0.06724932867195194,0.14712556092466605,0.851835374033726
distributed,69,50,joint,galileo,distributed_69_50_joint_galileo,2751,0.7616892911010558,0.933456561922366,0.8388704318936877,0.7566218979824596,654,474,108,1515,0.21155943293347873,0.066874233213807,0.15222778866050418,0.8407732047735783
distributed,70,50,joint,galileo,distributed_70_50_joint_galileo,2751,0.7661290322580645,0.9365372766481824,0.8428056556695315,0.762594879458843,664,464,103,1520,0.20610687022900764,0.07454544503346217,0.14441269571724158,0.8667145706882009
distributed,71,50,joint,galileo,distributed_71_50_joint_galileo,2751,0.7754149377593361,0.9211337030191005,0.8420163334272036,0.7686342273960751,695,433,128,1495,0.2039258451472192,0.060546445659692354,0.1532639902100951,0.8370468508977771
distributed,42,50,joint,presto_primary,distributed_42_50_joint_presto_primary,2751,0.7852015461071231,0.8761552680221811,0.8281887012230634,0.7656485559969062,739,389,201,1422,0.21446746637586334,0.046863765203091254,0.15416111931233606,0.8492383424443833
distributed,43,50,joint,presto_primary,distributed_43_50_joint_presto_primary,2751,0.8100172711571675,0.866913123844732,0.8375,0.7871799661776852,798,330,216,1407,0.1984732824427481,0.03593422516957199,0.14728070320713185,0.8566607346521414
distributed,44,50,joint,presto_primary,distributed_44_50_joint_presto_primary,2751,0.8217366302472685,0.8804682686383241,0.8500892325996431,0.8028227868014315,818,310,194,1429,0.183206106870229,0.049870207840980924,0.12956262980475444,0.8912857286436553
distributed,45,50,joint,presto_primary,distributed_45_50_joint_presto_primary,2751,0.7947019867549668,0.8872458410351202,0.8384279475982532,0.7787293034962834,756,372,183,1440,0.20174482006543076,0.034007283314254205,0.14548684948275242,0.8594145331078512
distributed,46,50,joint,presto_primary,distributed_46_50_joint_presto_primary,2751,0.7985285795132994,0.8693776956253851,0.8324483775811209,0.7768874293729763,772,356,212,1411,0.2064703744093057,0.03229002812179986,0.1355751379615311,0.8831100907609146
distributed,47,50,joint,presto_primary,distributed_47_50_joint_presto_primary,2751,0.8264342774146696,0.7011706715958103,0.7586666666666667,0.7446456194858484,889,239,485,1138,0.26317702653580516,0.08291145510377435,0.16788207174624098,0.8335266973427197
distributed,48,50,joint,presto_primary,distributed_48_50_joint_presto_primary,2751,0.8179190751445087,0.8718422674060382,0.8440202803459589,0.796293474128551,813,315,208,1415,0.1901126862958924,0.053432936536404414,0.14548778216274588,0.8591127432344445
distributed,49,50,joint,presto_primary,distributed_49_50_joint_presto_primary,2751,0.8300578034682081,0.884781269254467,0.8565463763793618,0.8120714856910634,834,294,187,1436,0.17484551072337332,0.04345683162342997,0.13062938557263348,0.888968911000118
distributed,50,50,joint,presto_primary,distributed_50_50_joint_presto_primary,2751,0.779578606158833,0.88909426987061,0.8307426597582038,0.7636960711055178,720,408,180,1443,0.21374045801526717,0.057059947116918634,0.14526223710644634,0.8683008110363875
distributed,51,50,joint,presto_primary,distributed_51_50_joint_presto_primary,2751,0.77262044653349,0.8102279728897104,0.7909774436090226,0.7335714332533658,741,387,308,1315,0.25263540530716105,0.05637496773230024,0.16208036123319466,0.8334600577688634
distributed,52,50,joint,presto_primary,distributed_52_50_joint_presto_primary,2751,0.7824904839586732,0.8866296980899568,0.8313113807047949,0.7660098845059713,728,400,184,1439,0.2122864412940749,0.0339315245140642,0.14688385777075014,0.8553115563945587
distributed,53,50,joint,presto_primary,distributed_53_50_joint_presto_primary,2751,0.7802064359441409,0.791743684534812,0.7859327217125383,0.7354108493596045,766,362,338,1285,0.2544529262086514,0.04990002354746347,0.17040007347650943,0.82050330357494
distributed,54,50,joint,presto_primary,distributed_54_50_joint_presto_primary,2751,0.8051367950865438,0.8884781269254467,0.8447568834212068,0.7895404819024396,779,349,181,1442,0.1926572155579789,0.034645331154281096,0.1398933744476782,0.870895930834677
distributed,55,50,joint,presto_primary,distributed_55_50_joint_presto_primary,2751,0.772972972972973,0.7929759704251387,0.7828467153284672,0.7289347937232076,750,378,336,1287,0.2595419847328244,0.08092989618108729,0.1755818079067537,0.8201763873048334
distributed,56,50,joint,presto_primary,distributed_56_50_joint_presto_primary,2751,0.7707006369426752,0.8946395563770795,0.8280581693755347,0.755830416486412,696,432,171,1452,0.21919302071973829,0.038381564028108196,0.14573360296141613,0.8590461036605883
distributed,57,50,joint,presto_primary,distributed_57_50_joint_presto_primary,2751,0.7887905604719764,0.8237831176833025,0.8059071729957806,0.7532036155792399,770,358,286,1337,0.2340966921119593,0.05654676264393123,0.16239854088282338,0.8243790502659029
distributed,58,50,joint,presto_primary,distributed_58_50_joint_presto_primary,2751,0.7862339115836597,0.8656808379544054,0.8240469208211144,0.763514177842451,746,382,218,1405,0.21810250817884405,0.03387138647609214,0.1472209280203501,0.859658423023645
distributed,59,50,joint,presto_primary,distributed_59_50_joint_presto_primary,2751,0.8047006155567991,0.8860135551447936,0.8434017595307918,0.7883081960121131,779,349,185,1438,0.1941112322791712,0.04646335491337302,0.13985769546858526,0.876071149215838
distributed,60,50,joint,presto_primary,distributed_60_50_joint_presto_primary,2751,0.8087284482758621,0.9248305606900801,0.8628916355274504,0.8050571243166713,773,355,122,1501,0.173391494002181,0.05049711498263981,0.13291938656308128,0.8775205599472128
distributed,61,50,joint,presto_primary,distributed_61_50_joint_presto_primary,2751,0.8103448275862069,0.8687615526802218,0.8385370205173952,0.7881041805954301,798,330,213,1410,0.19738276990185388,0.06885691835875903,0.14855415364293273,0.8649808493159065
distributed,62,50,joint,presto_primary,distributed_62_50_joint_presto_primary,2751,0.7737079779227296,0.9500924214417745,0.8528761061946902,0.7751348632031567,677,451,81,1542,0.19338422391857507,0.08100316704809113,0.1385564065755723,0.877420054360413
distributed,63,50,joint,presto_primary,distributed_63_50_joint_presto_primary,2751,0.7965440356744704,0.8804682686383241,0.8364062042727539,0.7784433541773181,763,365,194,1429,0.20319883678662304,0.05117853178391993,0.14396237191846883,0.8680757659181185
distributed,64,50,joint,presto_primary,distributed_64_50_joint_presto_primary,2751,0.7794871794871795,0.8428835489833642,0.8099467140319716,0.7498992213001927,741,387,255,1368,0.23336968375136313,0.03927236267316981,0.15192429845504202,0.8464129883806802
distributed,65,50,joint,presto_primary,distributed_65_50_joint_presto_primary,2751,0.8104723961297666,0.8773875539125077,0.842603550295858,0.7910873939775305,795,333,199,1424,0.19338422391857507,0.030386383923876263,0.13380168960943586,0.8818059761495873
distributed,66,50,joint,presto_primary,distributed_66_50_joint_presto_primary,2751,0.7707006369426752,0.8946395563770795,0.8280581693755347,0.755830416486412,696,432,171,1452,0.21919302071973829,0.07292127762082525,0.14969092100043202,0.8677114331659697
distributed,67,50,joint,presto_primary,distributed_67_50_joint_presto_primary,2751,0.8078476630121177,0.862600123228589,0.834326579261025,0.783693678635571,795,333,223,1400,0.20210832424572883,0.03388179006830113,0.14175471902241035,0.8716915090258388
distributed,68,50,joint,presto_primary,distributed_68_50_joint_presto_primary,2751,0.7966970387243736,0.8619839802834257,0.8280556377626517,0.7727473092906489,771,357,224,1399,0.21119592875318066,0.04092981953170985,0.14993343493422273,0.8524121887057939
distributed,69,50,joint,presto_primary,distributed_69_50_joint_presto_primary,2751,0.7941507311586051,0.8699938385705484,0.8303440164657454,0.7727628767320827,762,366,211,1412,0.20974191203198836,0.050754878216400894,0.14827353462221676,0.8662855101532492
distributed,70,50,joint,presto_primary,distributed_70_50_joint_presto_primary,2751,0.8303249097472925,0.8502772643253235,0.8401826484018264,0.8001386321626618,846,282,243,1380,0.19083969465648856,0.041155634149290216,0.12743416769125288,0.8954911227348006
distributed,71,50,joint,presto_primary,distributed_71_50_joint_presto_primary,2751,0.7610223642172524,0.7338262476894639,0.7471769134253451,0.7011329820007604,754,374,432,1191,0.2929843693202472,0.07399177640317009,0.17963615584577586,0.7972403569259274
distributed,42,50,joint,temporal_reconstructed,distributed_42_50_joint_temporal_reconstructed,2751,0.7805017103762828,0.8434996919285275,0.8107787977494818,0.7510938175954693,743,385,254,1369,0.23227917121046893,0.028893060550367434,0.16287642152700266,0.8288021154241118
distributed,43,50,joint,temporal_reconstructed,distributed_43_50_joint_temporal_reconstructed,2751,0.8116539140670983,0.8496611213801601,0.8302227573750752,0.7829865890588744,808,320,244,1379,0.2050163576881134,0.05799574874156366,0.15011289869158456,0.8605785407462758
distributed,44,50,joint,temporal_reconstructed,distributed_44_50_joint_temporal_reconstructed,2751,0.820572764465225,0.8650646950092421,0.8422315536892622,0.7964507872209331,821,307,219,1404,0.19120319883678663,0.0810492028220511,0.1466854263993604,0.8685053726790857
distributed,45,50,joint,temporal_reconstructed,distributed_45_50_joint_temporal_reconstructed,2751,0.7815642458100559,0.8619839802834257,0.8198066217404043,0.7576763873048334,737,391,224,1399,0.22355507088331517,0.042411912940039403,0.15864351580030267,0.8384924380470454
distributed,46,50,joint,temporal_reconstructed,distributed_46_50_joint_temporal_reconstructed,2751,0.7879464285714286,0.8699938385705484,0.8269399707174231,0.7665572029732175,748,380,211,1412,0.2148309705561614,0.033842941194868185,0.15403314210877353,0.8503908793364884
distributed,47,50,joint,temporal_reconstructed,distributed_47_50_joint_temporal_reconstructed,2751,0.7828539199097575,0.8552064078866297,0.817432273262662,0.7569471755745205,743,385,235,1388,0.22537259178480554,0.06210220531196267,0.1621260484045716,0.837901421498582
distributed,48,50,joint,temporal_reconstructed,distributed_48_50_joint_temporal_reconstructed,2751,0.7787561915244909,0.8718422674060382,0.8226744186046512,0.757729644341317,726,402,208,1415,0.2217375499818248,0.03976974385720801,0.15681056585712094,0.8389223179210201
distributed,49,50,joint,temporal_reconstructed,distributed_49_50_joint_temporal_reconstructed,2751,0.823777911888956,0.8410351201478743,0.8323170731707317,0.7910849359604619,836,292,258,1365,0.1999272991639404,0.0756923430760266,0.13836345109899814,0.880957140921942
distributed,50,50,joint,temporal_reconstructed,distributed_50_50_joint_temporal_reconstructed,2751,0.7698833510074231,0.8946395563770795,0.8275862068965517,0.754943891663717,694,434,171,1452,0.21992002908033442,0.03409521860827967,0.1523250529142627,0.8470436063152467
distributed,51,50,joint,temporal_reconstructed,distributed_51_50_joint_temporal_reconstructed,2751,0.7820583379196477,0.8755391250770179,0.8261627906976744,0.762237647644892,732,396,202,1421,0.2173754998182479,0.04711302139766459,0.15006154399343294,0.858094304829075
distributed,52,50,joint,temporal_reconstructed,distributed_52_50_joint_temporal_reconstructed,2751,0.7825848849945235,0.8804682686383241,0.828645984343288,0.7642589570141975,731,397,194,1429,0.2148309705561614,0.03661982023360063,0.1485313632819939,0.8568500019664137
distributed,53,50,joint,temporal_reconstructed,distributed_53_50_joint_temporal_reconstructed,2751,0.7778514588859416,0.722735674676525,0.7492813797508783,0.7128749295368441,793,335,450,1173,0.28535078153398763,0.07114018045596962,0.1762210790503267,0.8093769527580045
distributed,54,50,joint,temporal_reconstructed,distributed_54_50_joint_temporal_reconstructed,2751,0.7980380842469705,0.8521256931608133,0.8241954707985697,0.7709210026087754,778,350,240,1383,0.21446746637586334,0.03269177798450143,0.15806774887222846,0.8348928086067742
distributed,55,50,joint,temporal_reconstructed,distributed_55_50_joint_temporal_reconstructed,2751,0.7763452914798207,0.8533579790511399,0.8130319929556795,0.7498172873979103,729,399,238,1385,0.23155216284987276,0.043152043990578315,0.16803488285873494,0.8158620211236525
distributed,56,50,joint,temporal_reconstructed,distributed_56_50_joint_temporal_reconstructed,2751,0.7926898914905768,0.8552064078866297,0.8227622999407231,0.766698948624166,765,363,235,1388,0.2173754998182479,0.0703122243718703,0.15448755033317516,0.8526954068946833
distributed,57,50,joint,temporal_reconstructed,distributed_57_50_joint_temporal_reconstructed,2751,0.7754098360655738,0.8743068391866913,0.8218940052128584,0.7549725685295159,717,411,204,1419,0.22355507088331517,0.04595744419124865,0.16018447175187317,0.8309938473101645
distributed,58,50,joint,temporal_reconstructed,distributed_58_50_joint_temporal_reconstructed,2751,0.7824874511991077,0.8644485520640789,0.8214285714285714,0.7593519356065075,738,390,220,1403,0.2217375499818248,0.03548255916572525,0.15599883778168436,0.841084826715259
distributed,59,50,joint,temporal_reconstructed,distributed_59_50_joint_temporal_reconstructed,2751,0.7978359908883826,0.8632162661737524,0.8292394199467298,0.7742499770585074,773,355,222,1401,0.20974191203198836,0.03798666006380168,0.15456313300786728,0.8459372255214272
distributed,60,50,joint,temporal_reconstructed,distributed_60_50_joint_temporal_reconstructed,2751,0.7948717948717948,0.8595194085027726,0.8259325044404974,0.77018523616628,768,360,228,1395,0.21374045801526717,0.04761430156259454,0.1462694770129434,0.8645648982053199
distributed,61,50,joint,temporal_reconstructed,distributed_61_50_joint_temporal_reconstructed,2751,0.7874102705687466,0.8786198398028343,0.8305183459522423,0.7686538915326229,743,385,197,1426,0.21155943293347873,0.04475626186360185,0.14787680908344716,0.8637832487775462
distributed,62,50,joint,temporal_reconstructed,distributed_62_50_joint_temporal_reconstructed,2751,0.7869492470719465,0.8693776956253851,0.8261124121779859,0.7653626066779409,746,382,212,1411,0.2159214830970556,0.04162773993671284,0.14927560143680246,0.8490963236804272
distributed,63,50,joint,temporal_reconstructed,distributed_63_50_joint_temporal_reconstructed,2751,0.788788221970555,0.8582871226124461,0.8220714074948362,0.7638066818735989,755,373,230,1393,0.21919302071973829,0.06650769059901626,0.14807225498204854,0.8650035176955377
distributed,64,50,joint,temporal_reconstructed,distributed_64_50_joint_temporal_reconstructed,2751,0.7649823736780259,0.8022181146025879,0.783157894736842,0.7238040927622869,728,400,321,1302,0.26208651399491095,0.06785797051619619,0.1671269651615846,0.8172387837950035
distributed,65,50,joint,temporal_reconstructed,distributed_65_50_joint_temporal_reconstructed,2751,0.7896174863387978,0.8903265557609366,0.8369533738777875,0.7745072495116739,743,385,178,1445,0.20465285350781534,0.04278618058587168,0.14370939011189282,0.8654776418767453
distributed,66,50,joint,temporal_reconstructed,distributed_66_50_joint_temporal_reconstructed,2751,0.787366046249295,0.860135551447936,0.8221436984687868,0.7629578466459538,751,377,227,1396,0.21955652490003635,0.05360235770948309,0.15432549422437228,0.8519366989595487
distributed,67,50,joint,temporal_reconstructed,distributed_67_50_joint_temporal_reconstructed,2751,0.801605504587156,0.8613678373382625,0.8304128304128304,0.7773151243428902,782,346,225,1398,0.20756088695019992,0.05970137064702273,0.15015625864471355,0.8580626237201924
distributed,68,50,joint,temporal_reconstructed,distributed_68_50_joint_temporal_reconstructed,2751,0.770958904109589,0.866913123844732,0.8161252900232019,0.7481728739791036,710,418,216,1407,0.23046165030897856,0.03726482104322716,0.16075516132699935,0.8338773744444882
distributed,69,50,joint,temporal_reconstructed,distributed_69_50_joint_temporal_reconstructed,2751,0.7809147374364765,0.8521256931608133,0.8149675898644667,0.7540770309775697,740,388,240,1383,0.22828062522719011,0.040267645783282104,0.16778267674908168,0.8158590168805688
distributed,70,50,joint,temporal_reconstructed,distributed_70_50_joint_temporal_reconstructed,2751,0.7875069715560513,0.8699938385705484,0.8266978922716628,0.76611394056187,747,381,211,1412,0.21519447473645947,0.04522128257325213,0.15253900535319553,0.8547219054111332
distributed,71,50,joint,temporal_reconstructed,distributed_71_50_joint_temporal_reconstructed,2751,0.7692307692307693,0.8317929759704251,0.7992895204262878,0.7363752113894679,723,405,273,1350,0.24645583424209377,0.049769583434969955,0.16936102768720757,0.8197224734861892
distributed,42,100,joint,alphaearth,distributed_42_100_joint_alphaearth,2751,0.8170005414185165,0.9297597042513863,0.8697406340057637,0.8150571570902322,790,338,114,1509,0.16430388949472918,0.06045741960868496,0.11241157618835075,0.9210572313769702
distributed,43,100,joint,alphaearth,distributed_43_100_joint_alphaearth,2751,0.8674486803519061,0.911275415896488,0.8888221153846154,0.855460402983705,902,226,144,1479,0.13449654671028716,0.05642317818141738,0.10580791017407212,0.9264752472218944
distributed,44,100,joint,alphaearth,distributed_44_100_joint_alphaearth,2751,0.8404017857142857,0.9279112754158965,0.88199121522694,0.8371825880625582,842,286,117,1506,0.1464921846601236,0.04253804362444008,0.10596339281483295,0.923714894054002
distributed,45,100,joint,alphaearth,distributed_45_100_joint_alphaearth,2751,0.8630295995356936,0.9162045594577942,0.8888224745965332,0.8534923506508829,892,236,136,1487,0.13522355507088332,0.07799507550223561,0.10947491760196548,0.9253855263215391
distributed,46,100,joint,alphaearth,distributed_46_100_joint_alphaearth,2751,0.8713375796178344,0.8428835489833642,0.8568744127779517,0.8319027673994834,926,202,255,1368,0.16612141039621955,0.028491600722664906,0.11455823484747132,0.9127537766066693
distributed,47,100,joint,alphaearth,distributed_47_100_joint_alphaearth,2751,0.87,0.8576709796672828,0.8637914986037853,0.8366369082733577,920,208,231,1392,0.15957833515085423,0.043385744317261436,0.11303946426092626,0.917844876181487
distributed,48,100,joint,alphaearth,distributed_48_100_joint_alphaearth,2751,0.8762437810945274,0.8681454097350585,0.8721757969668833,0.8458634850093731,929,199,214,1409,0.15012722646310434,0.03328166618858239,0.11132591815473442,0.9191503563578524
distributed,49,100,joint,alphaearth,distributed_49_100_joint_alphaearth,2751,0.8582089552238806,0.9211337030191005,0.888558692421991,0.8510810359067134,881,247,128,1495,0.13631406761177753,0.06817117590967549,0.1095138299535834,0.9216810214863466
distributed,50,100,joint,alphaearth,distributed_50_100_joint_alphaearth,2751,0.8751486325802615,0.906962415280345,0.8907715582450833,0.8603961012571938,918,210,151,1472,0.1312250090876045,0.03369306840211057,0.10082719207470109,0.9266713423613571
distributed,51,100,joint,alphaearth,distributed_51_100_joint_alphaearth,2751,0.8532863849765259,0.895871842267406,0.8740607153591824,0.8371203182968237,878,250,169,1454,0.15230825154489278,0.033831719341037944,0.11000779012147102,0.9204350799456396
distributed,52,100,joint,alphaearth,distributed_52_100_joint_alphaearth,2751,0.867822966507177,0.8940234134319162,0.8807283763277693,0.8490507138081567,907,221,172,1451,0.14285714285714285,0.03725447751225292,0.10729510593732254,0.9175889692933583
distributed,53,100,joint,alphaearth,distributed_53_100_joint_alphaearth,2751,0.8482303539292142,0.8712261244608749,0.8595744680851064,0.8234676721595154,875,253,209,1414,0.16793893129770993,0.058173645137458034,0.12501200126010223,0.8947274987655293
distributed,54,100,joint,alphaearth,distributed_54_100_joint_alphaearth,2751,0.8777641277641277,0.8804682686383241,0.8791141187326976,0.8520249144610059,929,199,194,1429,0.14285714285714285,0.041250261940854044,0.10641151264180071,0.9236255861005144
distributed,55,100,joint,alphaearth,distributed_55_100_joint_alphaearth,2751,0.8325917686318132,0.922365988909427,0.8751826951183864,0.8277610086391107,827,301,126,1497,0.15521628498727735,0.06435838590392623,0.11397240662610356,0.9200019227155736
distributed,56,100,joint,alphaearth,distributed_56_100_joint_alphaearth,2751,0.8434343434343434,0.9260628465804066,0.8828193832599119,0.8393612105242458,849,279,120,1503,0.1450381679389313,0.05544727089132562,0.1101097707058638,0.9226145217463502
distributed,57,100,joint,alphaearth,distributed_57_100_joint_alphaearth,2751,0.8582582582582583,0.8804682686383241,0.8692214111922141,0.8356242052411478,892,236,194,1429,0.1563067975281716,0.07278423994202146,0.11869957703133266,0.9124361461788213
distributed,58,100,joint,alphaearth,distributed_58_100_joint_alphaearth,2751,0.8722121760096444,0.8915588416512631,0.8817794028031688,0.8518077896199578,916,212,176,1447,0.14103962195565248,0.055185572503885755,0.1088970733109818,0.9205678128673369
distributed,59,100,joint,alphaearth,distributed_59_100_joint_alphaearth,2751,0.8743169398907104,0.8872458410351202,0.8807339449541285,0.8518676013686239,921,207,183,1440,0.14176663031624864,0.05217366566533065,0.10711565867706772,0.9264850792901682
distributed,60,100,joint,alphaearth,distributed_60_100_joint_alphaearth,2751,0.8225108225108225,0.9365372766481824,0.8758282915586286,0.8228785674021054,800,328,103,1520,0.15667030170846966,0.04916336834363437,0.11034535517198238,0.9220631065839899
distributed,61,100,joint,alphaearth,distributed_61_100_joint_alphaearth,2751,0.8522988505747127,0.9137399876771412,0.8819506393101397,0.8429515541222585,871,257,140,1483,0.14431115957833515,0.05317464991152326,0.10741389622945623,0.9149758240365664
distributed,62,100,joint,alphaearth,distributed_62_100_joint_alphaearth,2751,0.8433257918552036,0.9186691312384473,0.8793866116189915,0.8365508776759613,851,277,132,1491,0.14867320974191203,0.04667859342085561,0.10656818143448633,0.9236539898533055
distributed,63,100,joint,alphaearth,distributed_63_100_joint_alphaearth,2751,0.841952353282975,0.8927911275415896,0.8666267942583732,0.8258281878842699,856,272,174,1449,0.16212286441294074,0.056117870274930884,0.11317105956725393,0.9125822616378915
distributed,64,100,joint,alphaearth,distributed_64_100_joint_alphaearth,2751,0.8386914833615341,0.9162045594577942,0.875736160188457,0.8313292300835071,842,286,136,1487,0.15339876408578698,0.07212180494632499,0.11184417521210507,0.919348363288368
distributed,65,100,joint,alphaearth,distributed_65_100_joint_alphaearth,2751,0.8554216867469879,0.9186691312384473,0.8859180035650623,0.8476324379596492,876,252,132,1491,0.1395856052344602,0.04911156998566485,0.10515497016250536,0.9241783668279127
distributed,66,100,joint,alphaearth,distributed_66_100_joint_alphaearth,2751,0.8594211458948612,0.8964879852125693,0.8775633293124246,0.8427475387055754,890,238,168,1455,0.1475826972010178,0.03514542666418945,0.11223942451974993,0.9112120536787228
distributed,67,100,joint,alphaearth,distributed_67_100_joint_alphaearth,2751,0.8598837209302326,0.911275415896488,0.884833981453784,0.8488114668134923,887,241,144,1479,0.13994910941475827,0.0360230083677683,0.10108515800251511,0.9309491113995185
distributed,68,100,joint,alphaearth,distributed_68_100_joint_alphaearth,2751,0.8263772954924875,0.9149722735674677,0.868421052631579,0.8191882644433084,816,312,138,1485,0.16357688113413305,0.04094280963481718,0.11404985917925388,0.917818930445764
distributed,69,100,joint,alphaearth,distributed_69_100_joint_alphaearth,2751,0.869281045751634,0.9014171287738756,0.8850574712643678,0.8531908338904839,908,220,160,1463,0.1381315885132679,0.057609158954433415,0.11146069778678515,0.9186336265474583
distributed,70,100,joint,alphaearth,distributed_70_100_joint_alphaearth,2751,0.8374301675977653,0.9235982747997535,0.8784060943451509,0.832809775697749,837,291,124,1499,0.15085423482370047,0.06301886973253368,0.11442672763322616,0.9141365477641876
distributed,71,100,joint,alphaearth,distributed_71_100_joint_alphaearth,2751,0.8377464788732394,0.9162045594577942,0.8752207180694527,0.830442705260812,840,288,136,1487,0.15412577244638315,0.0457656490130841,0.107058677947263,0.9282163426453944
distributed,42,100,joint,galileo,distributed_42_100_joint_galileo,2751,0.7712121212121212,0.9408502772643254,0.8476269775187344,0.7696272662917372,675,453,96,1527,0.19956379498364232,0.057477461798059126,0.15065911965985213,0.8517668226688166
distributed,43,100,joint,galileo,distributed_43_100_joint_galileo,2751,0.781044095286366,0.9494762784966112,0.85706340378198,0.7832487775461779,696,432,82,1541,0.18684114867320975,0.04910695308487884,0.1428788655600334,0.8572902601346775
distributed,44,100,joint,galileo,distributed_44_100_joint_galileo,2751,0.7889763779527559,0.9260628465804066,0.8520408163265306,0.7848399339285012,726,402,120,1503,0.18974918211559433,0.05738987028288775,0.13651798201696655,0.87010554179066
distributed,45,100,joint,galileo,distributed_45_100_joint_galileo,2751,0.7644710578842315,0.9439309919901417,0.8447752963881996,0.7627456378390425,656,472,91,1532,0.20465285350781534,0.06818694383135127,0.14884198894431866,0.8498577627456378
distributed,46,100,joint,galileo,distributed_46_100_joint_galileo,2751,0.7511177347242921,0.9316081330868762,0.8316831683168316,0.7437295984583316,627,501,111,1512,0.22246455834242093,0.06780583656894985,0.1517657977198956,0.8539593738938923
distributed,47,100,joint,galileo,distributed_47_100_joint_galileo,2751,0.7753956100051046,0.9359211337030191,0.8481295365717476,0.7729251058586017,688,440,104,1519,0.19774627408215195,0.05848932137261319,0.146875456105146,0.853420521929882
distributed,48,100,joint,galileo,distributed_48_100_joint_galileo,2751,0.7827676240208877,0.9235982747997535,0.8473713962690785,0.7774019742793095,712,416,124,1499,0.19629225736095965,0.044312358801893076,0.14684361237708313,0.8532033970888339
distributed,49,100,joint,galileo,distributed_49_100_joint_galileo,2751,0.7682317682317682,0.9476278496611213,0.848551724137931,0.7681401659653124,664,464,85,1538,0.19956379498364232,0.05555480576183324,0.15015793271371713,0.8412350388694432
distributed,50,100,joint,galileo,distributed_50_100_joint_galileo,2751,0.7838847385272145,0.9051139864448552,0.8401486988847584,0.7730357166266829,723,405,154,1469,0.20319883678662304,0.05940537340622237,0.14927170992174868,0.8409941531967331
distributed,51,100,joint,galileo,distributed_51_100_joint_galileo,2751,0.7711908476339053,0.9137399876771412,0.8364354201917654,0.7618345328456628,688,440,140,1483,0.2108324245728826,0.04268553654234142,0.1486731765164536,0.8536130666002456
distributed,52,100,joint,galileo,distributed_52_100_joint_galileo,2751,0.7734890807516506,0.9383857054836722,0.8479955456570156,0.7714978172808431,682,446,100,1523,0.1984732824427481,0.05524549826760025,0.14565922349427338,0.8595098495475063
distributed,53,100,joint,galileo,distributed_53_100_joint_galileo,2751,0.772020725388601,0.9180529882932841,0.8387278356318604,0.7639910331537343,688,440,133,1490,0.20828789531079608,0.06935171688699313,0.15508674706033304,0.8299978041714189
distributed,54,100,joint,galileo,distributed_54_100_joint_galileo,2751,0.7697805002552323,0.929143561306223,0.8419877163595757,0.764660433135381,677,451,115,1508,0.20574336604870955,0.057524686675973456,0.147187028432567,0.8582297688808485
distributed,55,100,joint,galileo,distributed_55_100_joint_galileo,2751,0.7656967840735069,0.9242144177449169,0.8375209380234506,0.7586497620639479,669,459,123,1500,0.21155943293347873,0.04096266451623272,0.15116875625855328,0.840255382511154
distributed,56,100,joint,galileo,distributed_56_100_joint_galileo,2751,0.7657657657657657,0.9426987060998152,0.8450704225352113,0.7639025445392693,660,468,93,1530,0.2039258451472192,0.049783450431359205,0.1512143059116302,0.8358645446878427
distributed,57,100,joint,galileo,distributed_57_100_joint_galileo,2751,0.7625127681307456,0.9199014171287738,0.833845294610444,0.7538336872877911,663,465,130,1493,0.21628498727735368,0.04069778915257664,0.15583783813845561,0.8304924118281966
distributed,58,100,joint,galileo,distributed_58_100_joint_galileo,2751,0.7777207392197125,0.933456561922366,0.8485018202184262,0.7747956568477079,695,433,108,1515,0.19665576154125772,0.04654293352126763,0.14252442624213343,0.860921024457816
distributed,59,100,joint,galileo,distributed_59_100_joint_galileo,2751,0.7741935483870968,0.9316081330868762,0.8456375838926175,0.7703253431391828,687,441,111,1512,0.20065430752453653,0.030565875457500988,0.14258151766309582,0.8652493194023849
distributed,60,100,joint,galileo,distributed_60_100_joint_galileo,2751,0.7890710382513662,0.8897104128157732,0.8363741673906748,0.7737559156277447,742,386,179,1444,0.20537986186841148,0.02741859947407385,0.1458343393294342,0.8541991671145719
distributed,61,100,joint,galileo,distributed_61_100_joint_galileo,2751,0.7762626262626262,0.9470117067159581,0.8531779072994726,0.7771406051310288,685,443,86,1537,0.19229371137768084,0.06340081085494394,0.14077173374721574,0.8726752620792421
distributed,62,100,joint,galileo,distributed_62_100_joint_galileo,2751,0.7580487804878049,0.9574861367837338,0.8461747890008168,0.7588849123634982,632,496,69,1554,0.20537986186841148,0.060866863499013935,0.14757254483268822,0.8504482330680859
distributed,63,100,joint,galileo,distributed_63_100_joint_galileo,2751,0.7828227571115973,0.8817005545286506,0.8293248333816285,0.7648750999593608,731,397,192,1431,0.21410396219556524,0.032814835195215566,0.1477882454738977,0.8496002171794638
distributed,64,100,joint,galileo,distributed_64_100_joint_galileo,2751,0.7633316404266125,0.9260628465804066,0.8368596881959911,0.7564711396022601,662,466,120,1503,0.21301344965467103,0.04269624526111836,0.15416318175925836,0.8356902985889889
distributed,65,100,joint,galileo,distributed_65_100_joint_galileo,2751,0.775530839231547,0.9451632778804683,0.851985559566787,0.7757731283019362,684,444,89,1534,0.19374772809887314,0.05532718853153941,0.14016739452883345,0.8692676310833191
distributed,66,100,joint,galileo,distributed_66_100_joint_galileo,2751,0.7817904374364191,0.9470117067159581,0.856505990526609,0.7833462788898939,699,429,86,1537,0.18720465285350782,0.05270202091278624,0.13724060785533881,0.8709259732655139
distributed,67,100,joint,galileo,distributed_67_100_joint_galileo,2751,0.7805002552322614,0.9420825631546519,0.853713009491904,0.7804384446978934,698,430,94,1529,0.19047619047619047,0.05478513928926598,0.13671764639662837,0.877792034276775
distributed,68,100,joint,galileo,distributed_68_100_joint_galileo,2751,0.7790998448008277,0.9279112754158965,0.8470191226096738,0.7746825880625582,701,427,117,1506,0.19774627408215195,0.05562395143687487,0.1511378619518154,0.831249207972278
distributed,69,100,joint,galileo,distributed_69_100_joint_galileo,2751,0.772635814889336,0.9463955637707948,0.8507338687344226,0.7728431719563194,676,452,87,1536,0.19592875318066158,0.05370626185804169,0.13964060710920623,0.87677304964539
distributed,70,100,joint,galileo,distributed_70_100_joint_galileo,2751,0.7720440881763527,0.9494762784966112,0.8516164686377452,0.7730537420851851,673,455,82,1541,0.19520174482006544,0.04109438912745228,0.1412751952336202,0.8659763462286372
distributed,71,100,joint,galileo,distributed_71_100_joint_galileo,2751,0.7824506749740394,0.9285274183610598,0.8492533107917724,0.77853675882592,709,419,116,1507,0.19447473645946928,0.03936871546254412,0.14238372758534337,0.860213388655104
distributed,42,100,joint,presto_primary,distributed_42_100_joint_presto_primary,2751,0.7942764578833693,0.9063462723351817,0.8466187050359713,0.7842901574441866,747,381,152,1471,0.19374772809887314,0.037407700592647294,0.14368864564478823,0.8595303330230769
distributed,43,100,joint,presto_primary,distributed_43_100_joint_presto_primary,2751,0.8128523111612176,0.8884781269254467,0.8489843979982338,0.7970759428953474,796,332,181,1442,0.18647764449291168,0.05964763557585684,0.14162656113987784,0.8750027311300761
distributed,44,100,joint,presto_primary,distributed_44_100_joint_presto_primary,2751,0.831304347826087,0.8835489833641405,0.8566308243727598,0.8127851299799426,837,291,189,1434,0.17448200654307525,0.04247030596456925,0.12502663748660411,0.8972748237874875
distributed,45,100,joint,presto_primary,distributed_45_100_joint_presto_primary,2751,0.8075148319050758,0.7547751078250154,0.7802547770700637,0.7479549297990326,836,292,398,1225,0.25081788440567065,0.05939229478355357,0.15812053620585595,0.8414139278894264
distributed,46,100,joint,presto_primary,distributed_46_100_joint_presto_primary,2751,0.8364427860696517,0.8287122612446087,0.832559579077685,0.7977781164379072,865,263,278,1345,0.19665576154125772,0.04171635273241248,0.13702736196786588,0.876163734525417
distributed,47,100,joint,presto_primary,distributed_47_100_joint_presto_primary,2751,0.8262764632627646,0.8176216882316697,0.8219262929699598,0.7851406313498774,849,279,296,1327,0.20901490367139222,0.04273581388644767,0.14519785605166835,0.8660875032227334
distributed,48,100,joint,presto_primary,distributed_48_100_joint_presto_primary,2751,0.8165509259259259,0.8693776956253851,0.8421366756192181,0.7941746634155294,811,317,212,1411,0.19229371137768084,0.0426768411486195,0.13649518664699237,0.8819299694550412
distributed,49,100,joint,presto_primary,distributed_49_100_joint_presto_primary,2751,0.8158044343376919,0.8841651263093038,0.8486102897693673,0.7984655418780562,804,324,188,1435,0.18611414031261359,0.03049044690354072,0.1308584137637487,0.8902765760805444
distributed,50,100,joint,presto_primary,distributed_50_100_joint_presto_primary,2751,0.8379629629629629,0.8921749845964264,0.8642196359295733,0.8219740171209082,848,280,175,1448,0.16539440203562342,0.0464402622139659,0.12056231680103587,0.8996345201732192
distributed,51,100,joint,presto_primary,distributed_51_100_joint_presto_primary,2751,0.8150879183210437,0.8853974121996303,0.8487891317188423,0.7981951600005244,802,326,186,1437,0.18611414031261359,0.035374059662794236,0.13623460823186107,0.8771993790502659
distributed,52,100,joint,presto_primary,distributed_52_100_joint_presto_primary,2751,0.833826138379657,0.8687615526802218,0.8509354254677127,0.8098240387514584,847,281,213,1410,0.17957106506724826,0.02387511837825619,0.1284489366714865,0.8902257770611293
distributed,53,100,joint,presto_primary,distributed_53_100_joint_presto_primary,2751,0.8175937904269082,0.7788046826863833,0.7977279899021773,0.7644023413431916,846,282,359,1264,0.23300617957106506,0.05244367557984742,0.15980363337077033,0.8417962861000773
distributed,54,100,joint,presto_primary,distributed_54_100_joint_presto_primary,2751,0.8145896656534954,0.8256315465187923,0.8200734394124847,0.7776207377984032,823,305,283,1340,0.21374045801526717,0.039828283623359134,0.14505227378885974,0.8650944643270715
distributed,55,100,joint,presto_primary,distributed_55_100_joint_presto_primary,2751,0.8095238095238095,0.8693776956253851,0.8383838383838383,0.7875257272453167,796,332,212,1411,0.19774627408215195,0.05351357998177819,0.13881643867819962,0.8702541152667985
distributed,56,100,joint,presto_primary,distributed_56_100_joint_presto_primary,2751,0.7839142091152815,0.9008009858287123,0.838302752293578,0.7717657411413065,725,403,161,1462,0.2050163576881134,0.028198116858117805,0.14265448672493306,0.8668705182155452
distributed,57,100,joint,presto_primary,distributed_57_100_joint_presto_primary,2751,0.8207822533566842,0.8662969808995687,0.842925659472422,0.7970669301660964,821,307,217,1406,0.19047619047619047,0.04623806932849632,0.1417317008506462,0.8715052459546502
distributed,58,100,joint,presto_primary,distributed_58_100_joint_presto_primary,2751,0.8043602983362019,0.8638324091189156,0.8330362448009507,0.7807637222899542,787,341,221,1402,0.20428934932751727,0.025991292281415487,0.13689049769200223,0.8766288459773731
distributed,59,100,joint,presto_primary,distributed_59_100_joint_presto_primary,2751,0.8307246376811595,0.8829328404189772,0.8560334528076463,0.8120337960960134,836,292,190,1433,0.17520901490367138,0.026660538323388758,0.12582012408305698,0.8960985260637205
distributed,60,100,joint,presto_primary,distributed_60_100_joint_presto_primary,2751,0.8204387990762124,0.8755391250770179,0.8470938897168405,0.7999149526094309,817,311,202,1421,0.18647764449291168,0.044706417614598794,0.13588104883879987,0.876316950922685
distributed,61,100,joint,presto_primary,distributed_61_100_joint_presto_primary,2751,0.8280972139893301,0.8607516943930992,0.8441087613293051,0.8018297479057694,838,290,226,1397,0.1875681570338059,0.03740327029033148,0.13374824877336966,0.884021468867302
distributed,62,100,joint,presto_primary,distributed_62_100_joint_presto_primary,2751,0.8354577056778679,0.8884781269254467,0.8611525828605554,0.8183525386400283,844,284,181,1442,0.16902944383860413,0.045010034608782445,0.1248906485251544,0.894726952539514
distributed,63,100,joint,presto_primary,distributed_63_100_joint_presto_primary,2751,0.8197474167623421,0.8798521256931608,0.8487369985141159,0.8007416656834598,814,314,195,1428,0.18502362777171938,0.027377958205945935,0.13001167194118796,0.8893769418334841
distributed,64,100,joint,presto_primary,distributed_64_100_joint_presto_primary,2751,0.7816419612314709,0.844731977818854,0.8119632810186556,0.7525964853633278,745,383,252,1371,0.23082515448927662,0.0348672101229166,0.14646016395932313,0.8579927067902449
distributed,65,100,joint,presto_primary,distributed_65_100_joint_presto_primary,2751,0.8050279329608938,0.8878619839802834,0.8444184002343978,0.789232410429858,779,349,182,1441,0.193020719738277,0.049974980998467165,0.13131793997093208,0.8890888076104578
distributed,66,100,joint,presto_primary,distributed_66_100_joint_presto_primary,2751,0.8018171493469619,0.8699938385705484,0.83451536643026,0.7802983377249905,779,349,211,1412,0.2035623409669211,0.04693280103818741,0.13884410768525024,0.881343049601692
distributed,67,100,joint,presto_primary,distributed_67_100_joint_presto_primary,2751,0.8020890599230346,0.8989525569932224,0.8477629285299244,0.7899018104115048,768,360,164,1459,0.19047619047619047,0.03595061644422082,0.13090989513557122,0.8925417753656437
distributed,68,100,joint,presto_primary,distributed_68_100_joint_presto_primary,2751,0.8263971462544589,0.8564386937769563,0.8411497730711044,0.798786722775003,836,292,233,1390,0.19083969465648856,0.04285226620635939,0.1400806806458572,0.873272287113873
distributed,69,100,joint,presto_primary,distributed_69_100_joint_presto_primary,2751,0.828505214368482,0.8810844115834874,0.8539862645565841,0.8093365320328785,832,296,193,1430,0.1777535441657579,0.02706965952837764,0.131566450525896,0.8869383157885538
distributed,70,100,joint,presto_primary,distributed_70_100_joint_presto_primary,2751,0.8208705357142857,0.9063462723351817,0.861493411420205,0.8108859021250376,807,321,152,1471,0.17193747728098874,0.048259819228758744,0.13676596492879178,0.877592115555206
distributed,71,100,joint,presto_primary,distributed_71_100_joint_presto_primary,2751,0.8133035215204024,0.8964879852125693,0.8528722157092614,0.8001943472162137,794,334,168,1455,0.18247909850963287,0.03419866121999572,0.1319229145807817,0.8803284347784288
distributed,42,100,joint,temporal_reconstructed,distributed_42_100_joint_temporal_reconstructed,2751,0.792090395480226,0.8638324091189156,0.8264073091659299,0.7687956371835712,760,368,221,1402,0.21410396219556524,0.03933394090134884,0.15022870115437167,0.8512528239884987
distributed,43,100,joint,temporal_reconstructed,distributed_43_100_joint_temporal_reconstructed,2751,0.8023188405797101,0.8527418361059765,0.8267622461170848,0.7752184357834847,787,341,239,1384,0.2108324245728826,0.055482312103029986,0.1476368437942023,0.8649417941558185
distributed,44,100,joint,temporal_reconstructed,distributed_44_100_joint_temporal_reconstructed,2751,0.8332333533293341,0.8558225508317929,0.8443768996960487,0.8046843250612865,850,278,234,1389,0.18611414031261359,0.06989254947439316,0.13416561881276662,0.8884267816800165
distributed,45,100,joint,temporal_reconstructed,distributed_45_100_joint_temporal_reconstructed,2751,0.8119709794437727,0.8274799753542822,0.8196521208422337,0.7758853777480631,817,311,280,1343,0.2148309705561614,0.06605857156057306,0.15135581978478618,0.8572804280664036
distributed,46,100,joint,temporal_reconstructed,distributed_46_100_joint_temporal_reconstructed,2751,0.8102016607354685,0.8416512630930376,0.8256270776669689,0.7789816599153132,808,320,257,1366,0.20974191203198836,0.03618208705774583,0.14296298585186798,0.8706405701725637
distributed,47,100,joint,temporal_reconstructed,distributed_47_100_joint_temporal_reconstructed,2751,0.7962419260129184,0.8354898336414048,0.8153938665063138,0.7639328600831138,781,347,267,1356,0.2231915667030171,0.060663053216806574,0.14758136240180103,0.8644441822559571
distributed,48,100,joint,temporal_reconstructed,distributed_48_100_joint_temporal_reconstructed,2751,0.8041958041958042,0.8502772643253235,0.8265947888589398,0.7762024619498957,792,336,243,1380,0.21046892039258452,0.041368938014339704,0.1549499891894714,0.846347714371862
distributed,49,100,joint,temporal_reconstructed,distributed_49_100_joint_temporal_reconstructed,2751,0.8355995055624228,0.8330252618607517,0.8343103980253008,0.7986048295119361,862,266,271,1352,0.19520174482006544,0.08352410339584604,0.1514509017386763,0.8631059285186786
distributed,50,100,joint,temporal_reconstructed,distributed_50_100_joint_temporal_reconstructed,2751,0.8174882629107981,0.8582871226124461,0.8373910429816651,0.7912889513771451,817,311,230,1393,0.19665576154125772,0.07965494981532181,0.143135323247408,0.8764447678102456
distributed,51,100,joint,temporal_reconstructed,distributed_51_100_joint_temporal_reconstructed,2751,0.8098591549295775,0.8502772643253235,0.8295761947700632,0.781521610886066,804,324,243,1380,0.20610687022900764,0.05976320428084125,0.14104491436110494,0.877000825893735
distributed,52,100,joint,temporal_reconstructed,distributed_52_100_joint_temporal_reconstructed,2751,0.8123914302258252,0.8644485520640789,0.8376119402985075,0.7886072547554437,804,324,220,1403,0.19774627408215195,0.046226007676780326,0.1378788983805713,0.8772974266199971
distributed,53,100,joint,temporal_reconstructed,distributed_53_100_joint_temporal_reconstructed,2751,0.7885783718104495,0.7997535428219347,0.7941266442337106,0.7456214522620312,780,348,325,1298,0.24463831334060343,0.074931997112117,0.16179357369862699,0.8387726519928509
distributed,54,100,joint,temporal_reconstructed,distributed_54_100_joint_temporal_reconstructed,2751,0.7986151182919792,0.8527418361059765,0.8247914183551848,0.7716723364927045,779,349,239,1384,0.21374045801526717,0.0524310866800869,0.15129685350606772,0.8554055072691757
distributed,55,100,joint,temporal_reconstructed,distributed_55_100_joint_temporal_reconstructed,2751,0.8020304568527918,0.8761552680221811,0.8374558303886925,0.7824925276281118,777,351,201,1422,0.20065430752453653,0.04258878961416316,0.1429609425102959,0.8657032332210292
distributed,56,100,joint,temporal_reconstructed,distributed_56_100_joint_temporal_reconstructed,2751,0.8127584170112226,0.8478126925446704,0.8299155609167672,0.783392161875172,811,317,247,1376,0.2050163576881134,0.06295874571093744,0.15088844136871044,0.8588016675187793
distributed,57,100,joint,temporal_reconstructed,distributed_57_100_joint_temporal_reconstructed,2751,0.7948571428571428,0.8570548367221196,0.8247850578120368,0.7693962126873009,769,359,232,1391,0.2148309705561614,0.06188970774263354,0.15467525587034736,0.8515543407488977
distributed,58,100,joint,temporal_reconstructed,distributed_58_100_joint_temporal_reconstructed,2751,0.805314846909301,0.8589032655576093,0.8312462731067383,0.7800722001546911,791,337,229,1394,0.20574336604870955,0.041437795954380206,0.1421629914402171,0.8717761740581971
distributed,59,100,joint,temporal_reconstructed,distributed_59_100_joint_temporal_reconstructed,2751,0.8271028037383178,0.8724584103512015,0.8491754122938531,0.8050235314167355,832,296,207,1416,0.18284260268993094,0.08219050738474329,0.1394278398108605,0.8831562468592005
distributed,60,100,joint,temporal_reconstructed,distributed_60_100_joint_temporal_reconstructed,2751,0.7894736842105263,0.8687615526802218,0.8272220592549134,0.7677141096734442,752,376,213,1410,0.21410396219556524,0.03310667480011963,0.14988365835553236,0.8525719598152444
distributed,61,100,joint,temporal_reconstructed,distributed_61_100_joint_temporal_reconstructed,2751,0.8320565704183854,0.8699938385705484,0.8506024096385543,0.8086671320512316,843,285,211,1412,0.18029807342784443,0.06212376147346587,0.13647518312819984,0.8781320599712468
distributed,62,100,joint,temporal_reconstructed,distributed_62_100_joint_temporal_reconstructed,2751,0.8084004602991944,0.8656808379544054,0.8360606962213627,0.7852340359984793,795,333,218,1405,0.20029080334423846,0.06787591143574798,0.1382352022240725,0.8798985549044542
distributed,63,100,joint,temporal_reconstructed,distributed_63_100_joint_temporal_reconstructed,2751,0.8044596912521441,0.866913123844732,0.8345195729537367,0.7818608172415149,786,342,216,1407,0.20283533260632497,0.056817121443973696,0.14058137586659974,0.8745182286545798
distributed,64,100,joint,temporal_reconstructed,distributed_64_100_joint_temporal_reconstructed,2751,0.7841606246514222,0.8662969808995687,0.8231850117096019,0.7616059372582951,741,387,217,1406,0.21955652490003635,0.0359308818860035,0.15585150055297298,0.8416971460783157
distributed,65,100,joint,temporal_reconstructed,distributed_65_100_joint_temporal_reconstructed,2751,0.8066935949221004,0.8613678373382625,0.833134684147795,0.7821910108677128,793,335,225,1398,0.2035623409669211,0.039977032575547265,0.14310714266199476,0.8660801291715282
distributed,66,100,joint,temporal_reconstructed,distributed_66_100_joint_temporal_reconstructed,2751,0.7993099482461185,0.8564386937769563,0.826888756692445,0.7735207653281944,779,349,233,1390,0.21155943293347873,0.05306718590249712,0.14487783115689143,0.8704043274209828
distributed,67,100,joint,temporal_reconstructed,distributed_67_100_joint_temporal_reconstructed,2751,0.7980549199084668,0.8595194085027726,0.8276475823197864,0.7732880730457126,775,353,228,1395,0.21119592875318066,0.04561050645101899,0.14355513670269343,0.8705804853108898
distributed,68,100,joint,temporal_reconstructed,distributed_68_100_joint_temporal_reconstructed,2751,0.8262967430639324,0.8441158348736907,0.8351112465711673,0.7943983429687602,840,288,253,1370,0.19665576154125772,0.0604454333092291,0.14973086676333072,0.8596802720642537
distributed,69,100,joint,temporal_reconstructed,distributed_69_100_joint_temporal_reconstructed,2751,0.8137485311398355,0.8533579790511399,0.8330827067669173,0.7861648051284068,811,317,238,1385,0.20174482006543076,0.05534313801948229,0.1516554870657615,0.8539995215060108
distributed,70,100,joint,temporal_reconstructed,distributed_70_100_joint_temporal_reconstructed,2751,0.7855183763027976,0.8823166974738139,0.8311085316308764,0.7678427459000275,737,391,191,1432,0.21155943293347873,0.04134370378567949,0.1517285814726439,0.854607197947938
distributed,71,100,joint,temporal_reconstructed,distributed_71_100_joint_temporal_reconstructed,2751,0.7901234567901234,0.8675292667898953,0.8270190895741557,0.767984491550976,754,374,215,1408,0.21410396219556524,0.04797569995176464,0.14353124434311937,0.8658403359508484
distributed,42,200,joint,alphaearth,distributed_42_200_joint_alphaearth,2751,0.8500563697857948,0.929143561306223,0.8878422137179864,0.8466639792346717,862,266,115,1508,0.13849509269356597,0.043389642080390936,0.10438467424816002,0.9259792740000786
distributed,43,200,joint,alphaearth,distributed_43_200_joint_alphaearth,2751,0.8507377979568672,0.9235982747997535,0.885672082717873,0.8452211232154796,865,263,124,1499,0.1406761177753544,0.05896092679585044,0.10707456292386423,0.9219470335557566
distributed,44,200,joint,alphaearth,distributed_44_200_joint_alphaearth,2751,0.8376021798365123,0.9470117067159581,0.8889531521110469,0.8414136547764188,830,298,86,1537,0.1395856052344602,0.08898949097740451,0.10807229081066323,0.926601698544417
distributed,45,200,joint,alphaearth,distributed_45_200_joint_alphaearth,2751,0.8657407407407407,0.9217498459642637,0.8928678006565205,0.8580380435495077,896,232,127,1496,0.13049800072700837,0.04856963573403049,0.10412520860441614,0.9256813077087785
distributed,46,200,joint,alphaearth,distributed_46_200_joint_alphaearth,2751,0.8527572484366117,0.9242144177449169,0.8870490833826138,0.8473022443334514,869,259,123,1500,0.13885859687386404,0.04067774695719073,0.10502293085370956,0.9262329959841462
distributed,47,200,joint,alphaearth,distributed_47_200_joint_alphaearth,2751,0.8582219639744335,0.9100431300061614,0.8833732057416268,0.8468655366342863,884,244,146,1477,0.14176663031624864,0.05974425424125532,0.10630201781891477,0.9259060797140398
distributed,48,200,joint,alphaearth,distributed_48_200_joint_alphaearth,2751,0.8572244431753284,0.9248305606900801,0.8897451096621221,0.8515996775081607,878,250,122,1501,0.13522355507088332,0.03846195485485741,0.10368564620550927,0.9288808265929043
distributed,49,200,joint,alphaearth,distributed_49_200_joint_alphaearth,2751,0.8375831485587583,0.9309919901417129,0.8818208345491684,0.8356201085460337,835,293,112,1511,0.14721919302071973,0.06105485886947174,0.10561915451170692,0.930016976704553
distributed,50,200,joint,alphaearth,distributed_50_200_joint_alphaearth,2751,0.8624277456647399,0.9192852741836106,0.8899492991351029,0.8541461831910961,890,238,131,1492,0.1341330425299891,0.056759590958336895,0.10285334503774149,0.9311069707179157
distributed,51,200,joint,alphaearth,distributed_51_200_joint_alphaearth,2751,0.8486766398158804,0.9088108441158349,0.8777149657839929,0.8378274078735203,865,263,148,1475,0.14940021810250817,0.053966263718308434,0.10726550692814864,0.9255152550001531
distributed,52,200,joint,alphaearth,distributed_52_200_joint_alphaearth,2751,0.8648180242634316,0.922365988909427,0.8926654740608229,0.8574595901993943,894,234,126,1497,0.13086150490730644,0.05578673554719967,0.103993022297221,0.9262062309094008
distributed,53,200,joint,alphaearth,distributed_53_200_joint_alphaearth,2751,0.8617698091382302,0.9180529882932841,0.8890214797136038,0.8530867778345853,889,239,133,1490,0.13522355507088332,0.059914444371278304,0.11283897716733225,0.9073674418706275
distributed,54,200,joint,alphaearth,distributed_54_200_joint_alphaearth,2751,0.8685612788632326,0.9038817005545287,0.8858695652173914,0.8535365949581154,906,222,156,1467,0.13740458015267176,0.048304781567504215,0.10187287967434416,0.9321303251574223
distributed,55,200,joint,alphaearth,distributed_55_200_joint_alphaearth,2751,0.8672619047619048,0.8977202711028959,0.8822282773236452,0.8500126178209515,905,223,166,1457,0.14140312613595057,0.03764744055606469,0.10488580807184979,0.9273421079080417
distributed,56,200,joint,alphaearth,distributed_56_200_joint_alphaearth,2751,0.8523836875358989,0.9143561306223044,0.882282996432818,0.8432596255948401,871,257,139,1484,0.14394765539803708,0.05495964186667569,0.10481092687517628,0.9302043322277719
distributed,57,200,joint,alphaearth,distributed_57_200_joint_alphaearth,2751,0.8550640279394645,0.9051139864448552,0.8793774319066148,0.8421846527968957,879,249,154,1469,0.1464921846601236,0.07800591477399911,0.11720842210581375,0.9133095615771512
distributed,58,200,joint,alphaearth,distributed_58_200_joint_alphaearth,2751,0.8556876061120543,0.9316081330868762,0.8920353982300885,0.852772151649821,873,255,111,1512,0.13304252998909488,0.03923157616042022,0.10098814817275532,0.9307879747250298
distributed,59,200,joint,alphaearth,distributed_59_200_joint_alphaearth,2751,0.8505214368482039,0.904497843499692,0.8766796058524933,0.8378872196221865,870,258,155,1468,0.15012722646310434,0.04974076537044549,0.11154094912937325,0.9185522388711912
distributed,60,200,joint,alphaearth,distributed_60_200_joint_alphaearth,2751,0.8569023569023569,0.9408502772643254,0.8969162995594714,0.8573932237385457,873,255,96,1527,0.12758996728462377,0.054964725235990296,0.100245579670297,0.9352924275595058
distributed,61,200,joint,alphaearth,distributed_61_200_joint_alphaearth,2751,0.8629821531375935,0.9235982747997535,0.8922619047619048,0.8563026834991676,890,238,124,1499,0.13158851326790258,0.055108469634960036,0.10275719995476587,0.9263370520400449
distributed,62,200,joint,alphaearth,distributed_62_200_joint_alphaearth,2751,0.8482642777155656,0.933456561922366,0.8888237019653857,0.8466041674860056,857,271,108,1515,0.13776808433296983,0.0446066068979555,0.10308446729211913,0.9264097001000686
distributed,63,200,joint,alphaearth,distributed_63_200_joint_alphaearth,2751,0.854449027695934,0.893407270486753,0.8734939759036144,0.8372178196405395,881,247,173,1450,0.15267175572519084,0.05494765833342716,0.11448748181136428,0.9145585073609417
distributed,64,200,joint,alphaearth,distributed_64_200_joint_alphaearth,2751,0.8691476590636255,0.8921749845964264,0.8805107935542719,0.8494562866244544,910,218,175,1448,0.14285714285714285,0.049474626394703625,0.10776255718481287,0.9222242432584785
distributed,65,200,joint,alphaearth,distributed_65_200_joint_alphaearth,2751,0.8758248350329934,0.8995686999383857,0.8875379939209727,0.8580290308202567,921,207,163,1460,0.13449654671028716,0.038441428470690514,0.10174427662453167,0.9270689949004339
distributed,66,200,joint,alphaearth,distributed_66_200_joint_alphaearth,2751,0.8568168853394181,0.9254467036352434,0.8898104265402843,0.8514644865693948,877,251,121,1502,0.13522355507088332,0.04834374765345321,0.1022774847069968,0.9266770777345166
distributed,67,200,joint,alphaearth,distributed_67_200_joint_alphaearth,2751,0.8650839606253619,0.9205175600739371,0.8919402985074627,0.8569786381929969,895,233,129,1494,0.13158851326790258,0.04604140275559762,0.0993158617255023,0.9356004990320875
distributed,68,200,joint,alphaearth,distributed_68_200_joint_alphaearth,2751,0.8275862068965517,0.9316081330868762,0.8765217391304347,0.82617640696897,813,315,111,1512,0.15485278080697928,0.04772190028424123,0.1070639927704633,0.9292552645263347
distributed,69,200,joint,alphaearth,distributed_69_200_joint_alphaearth,2751,0.8584527220630372,0.9229821318545902,0.8895486935866983,0.8520052503244582,881,247,125,1498,0.13522355507088332,0.0695836838955705,0.10638833559758219,0.9241835559750571
distributed,70,200,joint,alphaearth,distributed_70_200_joint_alphaearth,2751,0.8688524590163934,0.9143561306223044,0.8910237166016212,0.8578872851693082,904,224,139,1484,0.13195201744820065,0.04819840503882672,0.1017497528246205,0.9292951390254454
distributed,71,200,joint,alphaearth,distributed_71_200_joint_alphaearth,2751,0.8326039387308534,0.937769562538509,0.8820631700956244,0.833246483396914,822,306,101,1522,0.1479462013813159,0.056869728098281364,0.10869873441537951,0.927011094942821
distributed,42,200,joint,galileo,distributed_42_200_joint_galileo,2751,0.7828571428571428,0.9285274183610598,0.8494926719278467,0.7789800212372675,710,418,116,1507,0.1941112322791712,0.054417150014114714,0.14968246424969636,0.832657378639504
distributed,43,200,joint,galileo,distributed_43_200_joint_galileo,2751,0.7903476907109497,0.9383857054836722,0.8580281690140845,0.7901148385574389,724,404,100,1523,0.183206106870229,0.050152396989092775,0.13531265467319004,0.8748339472913744
distributed,44,200,joint,galileo,distributed_44_200_joint_galileo,2751,0.7806484295845998,0.9494762784966112,0.8568251320544898,0.7828055151348304,695,433,82,1541,0.18720465285350782,0.06113902320063719,0.13602503697055776,0.8718171410093383
distributed,45,200,joint,galileo,distributed_45_200_joint_galileo,2751,0.7894459102902375,0.9217498459642637,0.8504832291074474,0.7840132208544723,729,399,127,1496,0.19120319883678663,0.049786267867329245,0.14411397060129574,0.8570239749522599
distributed,46,200,joint,galileo,distributed_46_200_joint_galileo,2751,0.7645885286783043,0.944547134935305,0.8450937155457552,0.7630537093116241,656,472,90,1533,0.20428934932751727,0.0440021836914785,0.14451930572013158,0.858057434573048
distributed,47,200,joint,galileo,distributed_47_200_joint_galileo,2751,0.7879109225874867,0.9155884165126309,0.8469649472784269,0.7804892437173083,728,400,137,1486,0.19520174482006544,0.06063496536515443,0.14689788153274425,0.8468068173376506
distributed,48,200,joint,galileo,distributed_48_200_joint_galileo,2751,0.7737671581087952,0.937769562538509,0.8479108635097493,0.7716330082196091,683,445,101,1522,0.1984732824427481,0.05087946730646993,0.15057622188688677,0.8365366757995657
distributed,49,200,joint,galileo,distributed_49_200_joint_galileo,2751,0.7909426013691416,0.9254467036352434,0.8529244747302669,0.7867481745126572,731,397,121,1502,0.18829516539440203,0.04877033007449226,0.13809917315812587,0.8659758000026219
distributed,50,200,joint,galileo,distributed_50_200_joint_galileo,2751,0.7785200411099692,0.933456561922366,0.8489773045671056,0.7756821816704029,697,431,108,1515,0.19592875318066158,0.07208219392116152,0.14602040958042328,0.8507467455854014
distributed,51,200,joint,galileo,distributed_51_200_joint_galileo,2751,0.7854144805876181,0.922365988909427,0.8483989798809861,0.7798886682135788,719,409,126,1497,0.19447473645946928,0.055980746974930884,0.14778685810243178,0.8481147555310846
distributed,52,200,joint,galileo,distributed_52_200_joint_galileo,2751,0.787674779906784,0.9371534195933456,0.8559369724254361,0.7868391211441905,718,410,102,1521,0.18611414031261359,0.050947481379506075,0.14137934861865176,0.8703865750754884
distributed,53,200,joint,galileo,distributed_53_200_joint_galileo,2751,0.7750759878419453,0.9426987060998152,0.8507089241034195,0.7745408424116098,684,444,93,1530,0.19520174482006544,0.06932486486916693,0.14816057569215882,0.8446413043003281
distributed,54,200,joint,galileo,distributed_54_200_joint_galileo,2751,0.7923408845738943,0.9051139864448552,0.8449813057233247,0.7819009648536333,743,385,154,1469,0.19592875318066158,0.05307246445814245,0.1454000774971452,0.8588360797577378
distributed,55,200,joint,galileo,distributed_55_200_joint_galileo,2751,0.7789309807991697,0.9248305606900801,0.8456338028169014,0.7735854931109976,702,426,122,1501,0.19920029080334423,0.03914271851712784,0.1396908587554601,0.8685097424872074
distributed,56,200,joint,galileo,distributed_56_200_joint_galileo,2751,0.7782278481012658,0.9470117067159581,0.8543635352973874,0.7793569171877663,690,438,86,1537,0.19047619047619047,0.06052899906312299,0.1330279557772156,0.8857655685338858
distributed,57,200,joint,galileo,distributed_57_200_joint_galileo,2751,0.7778355879292403,0.9211337030191005,0.843441466854725,0.7712938018641602,701,427,128,1495,0.20174482006543076,0.05310472176557236,0.1506352928293375,0.8412563416840366
distributed,58,200,joint,galileo,distributed_58_200_joint_galileo,2751,0.7855283706402915,0.9297597042513863,0.8515801354401806,0.7822557386505158,716,412,114,1509,0.19120319883678663,0.038862846474714906,0.13306110938609136,0.8828855918686611
distributed,59,200,joint,galileo,distributed_59_200_joint_galileo,2751,0.7706559839759639,0.9482439926062847,0.8502762430939227,0.7711078119059792,670,458,84,1539,0.1970192657215558,0.054492748947674446,0.14743687237012207,0.8471501203882139
distributed,60,200,joint,galileo,distributed_60_200_joint_galileo,2751,0.7856772184743124,0.9328404189772027,0.8529577464788732,0.7833528336020765,715,413,109,1514,0.18974918211559433,0.05269065116897727,0.13816752596062604,0.8747733162036855
distributed,61,200,joint,galileo,distributed_61_200_joint_galileo,2751,0.7877697841726619,0.944547134935305,0.8590641636312693,0.7892061915811277,715,413,90,1533,0.18284260268993094,0.05892327062183478,0.14101664981355064,0.8600645420659578
distributed,62,200,joint,galileo,distributed_62_200_joint_galileo,2751,0.7776664997496244,0.9568699938385705,0.8580110497237569,0.7816264862809874,684,444,70,1553,0.18684114867320975,0.0463824596583593,0.1384906977293793,0.8707410757593634
distributed,63,200,joint,galileo,distributed_63_200_joint_galileo,2751,0.7921378567582121,0.9063462723351817,0.8454022988505747,0.782073845387449,742,386,152,1471,0.1955652490003635,0.0452283121377996,0.14217810406017056,0.8597641177575892
distributed,64,200,joint,galileo,distributed_64_200_joint_galileo,2751,0.7745490981963928,0.9525569932224276,0.8543796628903012,0.7768104115048309,678,450,77,1546,0.1915667030170847,0.058475887330758265,0.1378383928067483,0.8769907207124535
distributed,65,200,joint,galileo,distributed_65_200_joint_galileo,2751,0.796916533758639,0.9235982747997535,0.855593607305936,0.7924728962651251,746,382,124,1499,0.18393311523082514,0.04601319735907161,0.13320411597096954,0.8832045878615469
distributed,66,200,joint,galileo,distributed_66_200_joint_galileo,2751,0.7842430484037075,0.9383857054836722,0.8544179523141655,0.7834659023872261,709,419,100,1523,0.18865866957470012,0.04406078604406483,0.13593377088211517,0.8756939801523315
distributed,67,200,joint,galileo,distributed_67_200_joint_galileo,2751,0.7854600915099136,0.9519408502772643,0.8607242339832869,0.7889136875499796,706,422,78,1545,0.1817520901490367,0.0546866432939679,0.1349066136725577,0.875583642497258
distributed,68,200,joint,galileo,distributed_68_200_joint_galileo,2751,0.7718670076726343,0.9297597042513863,0.8434879821129122,0.7671848166647002,682,446,114,1509,0.2035623409669211,0.03682117662552054,0.14509321248561288,0.8534434634225212
distributed,69,200,joint,galileo,distributed_69_200_joint_galileo,2751,0.7776073619631901,0.9371534195933456,0.8499580888516345,0.7757575608605026,693,435,102,1521,0.19520174482006544,0.05208068205405539,0.14096567101177324,0.8666861669354098
distributed,70,200,joint,galileo,distributed_70_200_joint_galileo,2751,0.7900207900207901,0.9365372766481824,0.8570623061742317,0.789190624139694,724,404,103,1520,0.18429661941112324,0.04953472732889311,0.13298150678739787,0.8800296491481058
distributed,71,200,joint,galileo,distributed_71_200_joint_galileo,2751,0.7815558990211231,0.9346888478126926,0.8512906846240179,0.7794011614949987,704,424,106,1517,0.1926572155579789,0.038065622625419064,0.14032717808355044,0.8681964818674812
distributed,42,200,joint,presto_primary,distributed_42_200_joint_presto_primary,2751,0.8165814877910278,0.8860135551447936,0.8498817966903073,0.7998330187071485,805,323,185,1438,0.1846601235914213,0.04388080595105318,0.12509189547202065,0.8960376218630239
distributed,43,200,joint,presto_primary,distributed_43_200_joint_presto_primary,2751,0.8112244897959183,0.8817005545286506,0.8449955713020372,0.7932438942856019,795,333,192,1431,0.19083969465648856,0.03792888272450247,0.1350806811755015,0.8790983337921632
distributed,44,200,joint,presto_primary,distributed_44_200_joint_presto_primary,2751,0.818131256952169,0.9063462723351817,0.8599824612686349,0.8082263276569526,801,327,152,1471,0.17411850236277718,0.03511437479749001,0.12146394105960817,0.9022757960697945
distributed,45,200,joint,presto_primary,distributed_45_200_joint_presto_primary,2751,0.8311390955924441,0.8946395563770795,0.8617210682492582,0.816557366841022,833,295,171,1452,0.16939294801890223,0.038482863388202636,0.12582399562596278,0.895541102415193
distributed,46,200,joint,presto_primary,distributed_46_200_joint_presto_primary,2751,0.8272162619988707,0.9026494146642021,0.8632881555686506,0.8156864094597607,822,306,158,1465,0.16866593965830606,0.03896799848172081,0.1247072666268185,0.8929877689070672
distributed,47,200,joint,presto_primary,distributed_47_200_joint_presto_primary,2751,0.8373493975903614,0.8564386937769563,0.8467864757843436,0.8085384958246483,858,270,233,1390,0.18284260268993094,0.03629431338324366,0.13234927555963055,0.8862066460411722
distributed,48,200,joint,presto_primary,distributed_48_200_joint_presto_primary,2751,0.847148736037625,0.8878619839802834,0.8670276774969916,0.828682765039787,868,260,182,1441,0.16066884769174847,0.028288385103997525,0.12269436263431208,0.8953149648448936
distributed,49,200,joint,presto_primary,distributed_49_200_joint_presto_primary,2751,0.8289102202145681,0.904497843499692,0.8650559811431938,0.8179404111115481,825,303,155,1468,0.16648491457651762,0.040874184189117826,0.1192574106251733,0.9066876635946914
distributed,50,200,joint,presto_primary,distributed_50_200_joint_presto_primary,2751,0.8194600674915635,0.8977202711028959,0.8568068215230814,0.8065729015088947,807,321,166,1457,0.17702653580516176,0.04727823476051394,0.12856784367495971,0.8929864033420293
distributed,51,200,joint,presto_primary,distributed_51_200_joint_presto_primary,2751,0.8371824480369515,0.893407270486753,0.8643815201192251,0.8217036352433764,846,282,173,1450,0.16539440203562342,0.050619244927360155,0.1279873673921353,0.8916287585812107
distributed,52,200,joint,presto_primary,distributed_52_200_joint_presto_primary,2751,0.8289396602226128,0.8718422674060382,0.8498498498498499,0.806488509589544,836,292,208,1415,0.1817520901490367,0.028268732956664596,0.12874103183162516,0.8905707187897379
distributed,53,200,joint,presto_primary,distributed_53_200_joint_presto_primary,2751,0.8328411104548139,0.8687615526802218,0.850422195416164,0.8089375139287633,845,283,213,1410,0.18029807342784443,0.05336716118204666,0.13570003707772396,0.8819198642737597
distributed,54,200,joint,presto_primary,distributed_54_200_joint_presto_primary,2751,0.8279761904761904,0.8570548367221196,0.8422646079321828,0.8004245814816271,839,289,232,1391,0.18938567793529626,0.045384333788913954,0.13399472956536324,0.8849828266540816
distributed,55,200,joint,presto_primary,distributed_55_200_joint_presto_primary,2751,0.8256932654216186,0.8989525569932224,0.8607669616519174,0.8129514558015758,820,308,164,1459,0.17157397310069067,0.03553298972928201,0.1255772910332341,0.8957371975546554
distributed,56,200,joint,presto_primary,distributed_56_200_joint_presto_primary,2751,0.8436213991769548,0.8841651263093038,0.8634175691937425,0.8241747617362122,862,266,188,1435,0.16503089785532535,0.03216979305378979,0.12379874449737088,0.8992890322185952
distributed,57,200,joint,presto_primary,distributed_57_200_joint_presto_primary,2751,0.8228803716608595,0.8730745532963647,0.8472346786248132,0.8013422411871894,823,305,206,1417,0.18575063613231552,0.04956287369650692,0.1382305624694507,0.8734634662191985
distributed,58,200,joint,presto_primary,distributed_58_200_joint_presto_primary,2751,0.8132361189007291,0.893407270486753,0.8514386376981797,0.7990972522646531,795,333,173,1450,0.18393311523082514,0.026473774761124856,0.12531652713288838,0.8967362449364847
distributed,59,200,joint,presto_primary,distributed_59_200_joint_presto_primary,2751,0.8334293948126801,0.8909426987060998,0.8612269207861822,0.8173685124736172,839,289,177,1446,0.16939294801890223,0.031004688063393966,0.12020156188948429,0.9028657201662275
distributed,60,200,joint,presto_primary,distributed_60_200_joint_presto_primary,2751,0.8170466883821933,0.9272951324707333,0.8686868686868687,0.8142681336112532,791,337,118,1505,0.16539440203562342,0.03915812963579555,0.12034743614625926,0.9020704150880735
distributed,61,200,joint,presto_primary,distributed_61_200_joint_presto_primary,2751,0.8306208559373116,0.8490449784349969,0.8397318708104814,0.799965751628846,847,281,245,1378,0.19120319883678663,0.04104694604580741,0.12877205464218788,0.8881094243651761
distributed,62,200,joint,presto_primary,distributed_62_200_joint_presto_primary,2751,0.8223574986164914,0.9155884165126309,0.8664723032069971,0.8155069742137623,807,321,137,1486,0.16648491457651762,0.03369009831868787,0.12237464147140309,0.8987518189326307
distributed,63,200,joint,presto_primary,distributed_63_200_joint_presto_primary,2751,0.8330373001776199,0.866913123844732,0.8496376811594203,0.808456561922366,846,282,216,1407,0.18102508178844057,0.03576872760705911,0.1273698640231569,0.893662084922851
distributed,64,200,joint,presto_primary,distributed_64_200_joint_presto_primary,2751,0.8384384384384385,0.860135551447936,0.8491484184914841,0.8108301870714857,859,269,227,1396,0.18029807342784443,0.0426539100733939,0.13462900528022764,0.8830008455578715
distributed,65,200,joint,presto_primary,distributed_65_200_joint_presto_primary,2751,0.8213660245183888,0.866913123844732,0.8435251798561151,0.7978182640500255,822,306,216,1407,0.18974918211559433,0.027899099829852253,0.1287763210249507,0.8928015058358787
distributed,66,200,joint,presto_primary,distributed_66_200_joint_presto_primary,2751,0.8259860788863109,0.8773875539125077,0.8509112638183448,0.8057150535519986,828,300,199,1424,0.18138858596873864,0.02990812547510111,0.1255482724711888,0.8955681406029461
distributed,67,200,joint,presto_primary,distributed_67_200_joint_presto_primary,2751,0.8287010777084515,0.9001848428835489,0.8629651506202008,0.8162271732148241,826,302,162,1461,0.16866593965830606,0.0531694627383468,0.12365130724595336,0.9019234802899805
distributed,68,200,joint,presto_primary,distributed_68_200_joint_presto_primary,2751,0.8130841121495327,0.911275415896488,0.8593840790238234,0.804928488090088,788,340,144,1479,0.17593602326426755,0.045278180339794215,0.12427180354836558,0.9014763942965264
distributed,69,200,joint,presto_primary,distributed_69_200_joint_presto_primary,2751,0.8129496402877698,0.9051139864448552,0.8565597667638484,0.8027342981869666,790,338,154,1469,0.17884405670665213,0.03213652825357658,0.13080109138808674,0.8849847384451348
distributed,70,200,joint,presto_primary,distributed_70_200_joint_presto_primary,2751,0.828328611898017,0.9008009858287123,0.8630460448642266,0.8160919822760583,825,303,161,1462,0.16866593965830606,0.047692288819060916,0.12743165444135168,0.8920927775811364
distributed,71,200,joint,presto_primary,distributed_71_200_joint_presto_primary,2751,0.8216489063376332,0.9026494146642021,0.8602466236054023,0.8103672605235904,810,318,158,1465,0.17302798982188294,0.04200498312557562,0.12318445730262949,0.9012901312253377
distributed,42,200,joint,temporal_reconstructed,distributed_42_200_joint_temporal_reconstructed,2751,0.8065442020665902,0.8656808379544054,0.8350668647845468,0.7834609863530893,791,337,218,1405,0.20174482006543076,0.06688362509900134,0.1388515134384285,0.8788741080129172
distributed,43,200,joint,temporal_reconstructed,distributed_43_200_joint_temporal_reconstructed,2751,0.8021541950113379,0.8718422674060382,0.8355476823147328,0.7812225521427354,779,349,208,1415,0.2024718284260269,0.06745560214117098,0.142430992944152,0.8733441158348736
distributed,44,200,joint,temporal_reconstructed,distributed_44_200_joint_temporal_reconstructed,2751,0.829673590504451,0.8613678373382625,0.845223700120919,0.8034676066123936,841,287,225,1398,0.18611414031261359,0.064695405046641,0.13834610161714384,0.8791272837709696
distributed,45,200,joint,temporal_reconstructed,distributed_45_200_joint_temporal_reconstructed,2751,0.8082579185520362,0.8804682686383241,0.8428192273665586,0.7899681768723535,789,339,194,1429,0.19374772809887314,0.0668247182425663,0.13835289700794265,0.8775615268983539
distributed,46,200,joint,temporal_reconstructed,distributed_46_200_joint_temporal_reconstructed,2751,0.8097671777399205,0.8786198398028343,0.8427895981087471,0.7908170120999987,793,335,197,1426,0.19338422391857507,0.07008050192601264,0.1365069640313949,0.8837005610833629
distributed,47,200,joint,temporal_reconstructed,distributed_47_200_joint_temporal_reconstructed,2751,0.8262195121951219,0.8348736906962415,0.830524057615691,0.7911070581140782,843,285,268,1355,0.2010178117048346,0.06499950274895752,0.14236132769384216,0.8747817827069213
distributed,48,200,joint,temporal_reconstructed,distributed_48_200_joint_temporal_reconstructed,2751,0.8220786846741045,0.862600123228589,0.8418520745640409,0.7969915509759966,825,303,223,1400,0.19120319883678663,0.05271600296454896,0.14156238071527547,0.870619540470978
distributed,49,200,joint,temporal_reconstructed,distributed_49_200_joint_temporal_reconstructed,2751,0.8128555176336746,0.8804682686383241,0.8453120378586217,0.7944008009858288,799,329,194,1429,0.1901126862958924,0.0817741359775166,0.1338091423362155,0.8889954029618561
distributed,50,200,joint,temporal_reconstructed,distributed_50_200_joint_temporal_reconstructed,2751,0.8111047510017172,0.8730745532963647,0.8409495548961424,0.7902606809035015,798,330,206,1417,0.19483824063976735,0.08100770458858429,0.1410021064581,0.8805021346512674
distributed,51,200,joint,temporal_reconstructed,distributed_51_200_joint_temporal_reconstructed,2751,0.8037757437070938,0.8656808379544054,0.8335805398991397,0.7808014118850042,785,343,218,1405,0.2039258451472192,0.06098207331395267,0.14132344117053633,0.8741410595910735
distributed,52,200,joint,temporal_reconstructed,distributed_52_200_joint_temporal_reconstructed,2751,0.8413962033067973,0.8465804066543438,0.8439803439803439,0.8084852387881648,869,259,249,1374,0.1846601235914213,0.0628172039163497,0.13257969689160257,0.8881580384805303
distributed,53,200,joint,temporal_reconstructed,distributed_53_200_joint_temporal_reconstructed,2751,0.8345410628019324,0.85150955021565,0.8429399207075328,0.8043008743986051,854,274,241,1382,0.18720465285350782,0.08661387885779015,0.14520630730089623,0.8725512687737882
distributed,54,200,joint,temporal_reconstructed,distributed_54_200_joint_temporal_reconstructed,2751,0.8245823389021479,0.85150955021565,0.8378296453470748,0.7954356261716549,834,294,241,1382,0.19447473645946928,0.07495056955582542,0.1422434699366295,0.8779460700130657
distributed,55,200,joint,temporal_reconstructed,distributed_55_200_joint_temporal_reconstructed,2751,0.8153935185185185,0.8681454097350585,0.8409430020889287,0.7926719956476711,809,319,214,1409,0.19374772809887314,0.04747103997958232,0.13381673143783313,0.8841192433240257
distributed,56,200,joint,temporal_reconstructed,distributed_56_200_joint_temporal_reconstructed,2751,0.8255269320843092,0.8687615526802218,0.8465926148303813,0.8022885777585507,830,298,213,1410,0.18575063613231552,0.07145178271786776,0.13338982481603281,0.8880853904205067
distributed,57,200,joint,temporal_reconstructed,distributed_57_200_joint_temporal_reconstructed,2751,0.8216216216216217,0.8428835489833642,0.8321167883211679,0.7897928383214693,831,297,255,1368,0.20065430752453653,0.07128219739588332,0.1467138166157744,0.8663245653133371
distributed,58,200,joint,temporal_reconstructed,distributed_58_200_joint_temporal_reconstructed,2751,0.8220491312162972,0.8453481207640172,0.8335358444714459,0.7910251242117958,831,297,251,1372,0.19920029080334423,0.06391187199111592,0.14081593006039828,0.8757819225407812
distributed,59,200,joint,temporal_reconstructed,distributed_59_200_joint_temporal_reconstructed,2751,0.8190201729106629,0.8755391250770179,0.8463371054198928,0.7985851653753884,814,314,202,1421,0.1875681570338059,0.06367428870791284,0.1386716647623638,0.87881784673335
distributed,60,200,joint,temporal_reconstructed,distributed_60_200_joint_temporal_reconstructed,2751,0.8105141536683997,0.8644485520640789,0.836612999403697,0.7868342051100536,800,328,220,1403,0.19920029080334423,0.06026964487389404,0.13670404670515515,0.8820403071101148
distributed,61,200,joint,temporal_reconstructed,distributed_61_200_joint_temporal_reconstructed,2751,0.8278688524590164,0.8712261244608749,0.848994296007205,0.8052939132942672,834,294,209,1414,0.18284260268993094,0.0713823133928229,0.13202222244539003,0.8900837582971731
distributed,62,200,joint,temporal_reconstructed,distributed_62_200_joint_temporal_reconstructed,2751,0.810413129598189,0.8823166974738139,0.8448377581120944,0.7926654409354885,793,335,191,1432,0.19120319883678663,0.05671800050589583,0.13252971353644233,0.8876142704823832
distributed,63,200,joint,temporal_reconstructed,distributed_63_200_joint_temporal_reconstructed,2751,0.8193127962085308,0.8521256931608133,0.8353971609785563,0.7908678111194137,823,305,240,1383,0.19810977826245002,0.06110248752687862,0.13539601792607647,0.8861421913713768
distributed,64,200,joint,temporal_reconstructed,distributed_64_200_joint_temporal_reconstructed,2751,0.8033256880733946,0.8632162661737524,0.8321948321948321,0.7795691259946775,785,343,222,1401,0.20537986186841148,0.04880210384281627,0.14665843106843238,0.862753339625857
distributed,65,200,joint,temporal_reconstructed,distributed_65_200_joint_temporal_reconstructed,2751,0.8292242934455802,0.8496611213801601,0.8393183201460742,0.798944035867385,844,284,244,1379,0.19193020719738277,0.05693963703205797,0.13840441153500282,0.8800023378473452
distributed,66,200,joint,temporal_reconstructed,distributed_66_200_joint_temporal_reconstructed,2751,0.8155283129013426,0.8607516943930992,0.8375299760191847,0.7903049252107339,812,316,226,1397,0.1970192657215558,0.047797444356604664,0.13399869044334994,0.8849891082532568
distributed,67,200,joint,temporal_reconstructed,distributed_67_200_joint_temporal_reconstructed,2751,0.8330351818723912,0.8607516943930992,0.8466666666666667,0.8062623720192446,848,280,226,1397,0.18393311523082514,0.07039911326607073,0.13708784568356333,0.8840449565859564
distributed,68,200,joint,temporal_reconstructed,distributed_68_200_joint_temporal_reconstructed,2751,0.8035509736540665,0.8644485520640789,0.8328880973582665,0.7801852689398409,785,343,220,1403,0.20465285350781534,0.06928640611478666,0.13751292487429567,0.8832949882670652
distributed,69,200,joint,temporal_reconstructed,distributed_69_200_joint_temporal_reconstructed,2751,0.802624073017684,0.866913123844732,0.8335308056872038,0.7800877675961249,782,346,216,1407,0.20428934932751727,0.0686832295025679,0.14720226199196249,0.864937970573712
distributed,70,200,joint,temporal_reconstructed,distributed_70_200_joint_temporal_reconstructed,2751,0.8142108328479907,0.8613678373382625,0.837125748502994,0.7892832094492731,809,319,225,1398,0.19774627408215195,0.0669237401127623,0.13658785516751992,0.8831174648121203
distributed,71,200,joint,temporal_reconstructed,distributed_71_200_joint_temporal_reconstructed,2751,0.8165298944900352,0.8582871226124461,0.8368879543406428,0.79040242655445,815,313,230,1393,0.19738276990185388,0.06691517630894225,0.1382052214807655,0.8801722141380772
distributed,42,500,joint,alphaearth,distributed_42_500_joint_alphaearth,2751,0.8699941961694718,0.9235982747997535,0.8959952181709504,0.8625083572580328,904,224,124,1499,0.12649945474372956,0.03488059296547122,0.09587794155610356,0.9352681205018286
distributed,43,500,joint,alphaearth,distributed_43_500_joint_alphaearth,2751,0.8708189158016147,0.9303758471965496,0.8996127494787012,0.8658971434564309,904,224,113,1510,0.12250090876045075,0.05817088031655463,0.09685175508617012,0.9365050493132846
distributed,44,500,joint,alphaearth,distributed_44_500_joint_alphaearth,2751,0.8674698795180723,0.9316081330868762,0.8983957219251337,0.8634104495221615,897,231,111,1512,0.12431842966194111,0.0641471788036674,0.09942474818250503,0.933876609728067
distributed,45,500,joint,alphaearth,distributed_45_500_joint_alphaearth,2751,0.8640552995391705,0.9242144177449169,0.8931229532598988,0.8574972797944442,892,236,123,1500,0.13049800072700837,0.03986015042149179,0.10182097176412576,0.92876256866061
distributed,46,500,joint,alphaearth,distributed_46_500_joint_alphaearth,2751,0.8697183098591549,0.9131238447319778,0.890892696122633,0.85815766704684,906,222,141,1482,0.13195201744820065,0.05937671466792694,0.1020748177956021,0.9301811176221253
distributed,47,500,joint,alphaearth,distributed_47_500_joint_alphaearth,2751,0.8670150987224158,0.9199014171287738,0.8926756352765322,0.8584436163658054,899,229,130,1493,0.13049800072700837,0.05243458581417509,0.10002749669735354,0.9327164256717486
distributed,48,500,joint,alphaearth,distributed_48_500_joint_alphaearth,2751,0.8683294663573086,0.922365988909427,0.8945324170899313,0.860562427078827,901,227,126,1497,0.12831697564521993,0.047135619274568726,0.09939157775040135,0.9341601010299637
distributed,49,500,joint,alphaearth,distributed_49_500_joint_alphaearth,2751,0.8706496519721578,0.9248305606900801,0.8969226172691963,0.8635677626145436,905,223,122,1501,0.12540894220283533,0.06390499606684631,0.10163643456280537,0.929684598174294
distributed,50,500,joint,alphaearth,distributed_50_500_joint_alphaearth,2751,0.8706896551724138,0.933456561922366,0.9009812667261374,0.8669942384079915,903,225,108,1515,0.12104689203925845,0.06514402668564792,0.09571265848417626,0.9408617480106448
distributed,51,500,joint,alphaearth,distributed_51_500_joint_alphaearth,2751,0.8576290414066932,0.9316081330868762,0.8930891907855877,0.8545452012952112,877,251,111,1512,0.13158851326790258,0.04202604562528228,0.09911057121715153,0.9332541851837284
distributed,52,500,joint,alphaearth,distributed_52_500_joint_alphaearth,2751,0.8685747663551402,0.9162045594577942,0.8917541229385307,0.8583682371757055,903,225,136,1487,0.1312250090876045,0.0474348554699337,0.10224267021688489,0.9255513059171571
distributed,53,500,joint,alphaearth,distributed_53_500_joint_alphaearth,2751,0.8693115519253208,0.9180529882932841,0.8930176805513935,0.8597357140047981,904,224,133,1490,0.1297709923664122,0.07309536848640809,0.10286105411262009,0.9314770388432243
distributed,54,500,joint,alphaearth,distributed_54_500_joint_alphaearth,2751,0.8770883054892601,0.9057301293900185,0.8911791451955138,0.8615530079574206,922,206,153,1470,0.13049800072700837,0.043956633286876816,0.09953404860713094,0.9344927526732301
distributed,55,500,joint,alphaearth,distributed_55_500_joint_alphaearth,2751,0.8795749704840614,0.9180529882932841,0.8984021706361169,0.8686009622317484,924,204,133,1490,0.12250090876045075,0.05127377442353815,0.09612272033049134,0.9358591370502921
distributed,56,500,joint,alphaearth,distributed_56_500_joint_alphaearth,2751,0.8664363845710996,0.9272951324707333,0.8958333333333334,0.8608106868027425,896,232,118,1505,0.1272264631043257,0.0620898788127069,0.09918093961317463,0.9342769933972199
distributed,57,500,joint,alphaearth,distributed_57_500_joint_alphaearth,2751,0.8714697406340057,0.9316081330868762,0.9005360333531864,0.8669565488129416,905,223,111,1512,0.12141039621955653,0.07134166639128474,0.10100107853499478,0.9308060001835319
distributed,58,500,joint,alphaearth,distributed_58_500_joint_alphaearth,2751,0.8661327231121282,0.9328404189772027,0.8982497775140907,0.8626968052332822,894,234,109,1514,0.12468193384223919,0.06577514731186121,0.10264341034510058,0.92913591414201
distributed,59,500,joint,alphaearth,distributed_59_500_joint_alphaearth,2751,0.8755868544600939,0.9192852741836106,0.8969041178238654,0.8656710058861316,916,212,131,1492,0.12468193384223919,0.052554455033099134,0.09720531463631113,0.9361781330431781
distributed,60,500,joint,alphaearth,distributed_60_500_joint_alphaearth,2751,0.8641765704584041,0.9408502772643254,0.9008849557522124,0.8640421599087584,888,240,96,1527,0.12213740458015267,0.06839702402152419,0.09491404133463559,0.9425534099797677
distributed,61,500,joint,alphaearth,distributed_61_500_joint_alphaearth,2751,0.8744915746658919,0.9272951324707333,0.9001196172248804,0.8679028853843027,912,216,118,1505,0.12141039621955653,0.04768773710167747,0.09566610330639226,0.936681753429207
distributed,62,500,joint,alphaearth,distributed_62_500_joint_alphaearth,2751,0.8751472320376914,0.9155884165126309,0.8949111713339356,0.8638225770506417,916,212,137,1486,0.12686295892402763,0.03218740478727758,0.09835595462966258,0.9330190348841783
distributed,63,500,joint,alphaearth,distributed_63_500_joint_alphaearth,2751,0.8703170028818443,0.9303758471965496,0.8993448481238833,0.8654538810450834,903,225,113,1510,0.12286441294074882,0.05764924141450856,0.09937976770431022,0.9317326726183452
distributed,64,500,joint,alphaearth,distributed_64_500_joint_alphaearth,2751,0.8795468097793679,0.9088108441158349,0.8939393939393939,0.8648664149657188,926,202,148,1475,0.1272264631043257,0.05113393909495327,0.10017763488328153,0.9310504363253409
distributed,65,500,joint,alphaearth,distributed_65_500_joint_alphaearth,2751,0.8752913752913752,0.9254467036352434,0.8996705600479186,0.8678651957892529,914,214,121,1502,0.1217739003998546,0.03774100882288818,0.09515921028478443,0.933528936869382
distributed,66,500,joint,alphaearth,distributed_66_500_joint_alphaearth,2751,0.8747099767981439,0.929143561306223,0.9011054675829101,0.8688270998020476,912,216,115,1508,0.12031988367866231,0.056618273096371956,0.09923698618083752,0.9307642138933679
distributed,67,500,joint,alphaearth,distributed_67_500_joint_alphaearth,2751,0.8657565415244596,0.937769562538509,0.9003253475303165,0.8642748521912402,892,236,101,1522,0.12250090876045075,0.055693499141245426,0.09472226019487917,0.9422513469933536
distributed,68,500,joint,alphaearth,distributed_68_500_joint_alphaearth,2751,0.8760958503798948,0.9235982747997535,0.8992201559688062,0.867827506194203,916,212,124,1499,0.12213740458015267,0.03977428007726078,0.09532937283435522,0.9364269389931088
distributed,69,500,joint,alphaearth,distributed_69_500_joint_alphaearth,2751,0.8723897911832946,0.9266789895255699,0.898715267403645,0.8658217642663311,908,220,119,1504,0.12322791712104689,0.0451954446491887,0.09714876560191232,0.9344138230140313
distributed,70,500,joint,alphaearth,distributed_70_500_joint_alphaearth,2751,0.8727272727272727,0.9168207024029574,0.8942307692307693,0.8622224079390673,911,217,135,1488,0.12795347146492184,0.05133027480146712,0.09918397256700157,0.9304353858322082
distributed,71,500,joint,alphaearth,distributed_71_500_joint_alphaearth,2751,0.8776102088167054,0.9322242760320394,0.9040932178069914,0.8725837692216935,917,211,110,1513,0.11668484187568157,0.06411492104231109,0.09640964752559539,0.9370357078870668
distributed,42,500,joint,galileo,distributed_42_500_joint_galileo,2751,0.7948984903695991,0.9408502772643254,0.8617381489841986,0.7957797485612407,734,394,96,1527,0.178117048346056,0.047709343526137385,0.12859122203742127,0.8892840834108975
distributed,43,500,joint,galileo,distributed_43_500_joint_galileo,2751,0.8011512297226583,0.9433148490449784,0.8664402942840973,0.8032177082104325,748,380,92,1531,0.17157397310069067,0.06492231138477961,0.1278254672758866,0.894332031130513
distributed,44,500,joint,galileo,distributed_44_500_joint_galileo,2751,0.7922879177377892,0.9494762784966112,0.8637892376681614,0.7956601250639084,724,404,82,1541,0.1766630316248637,0.06491338035458355,0.13094712218151666,0.8871092845313162
distributed,45,500,joint,galileo,distributed_45_500_joint_galileo,2751,0.802771855010661,0.9279112754158965,0.8608173763932552,0.7999485455093667,758,370,117,1506,0.17702653580516176,0.06983486620545871,0.14058764846879016,0.863747197860542
distributed,46,500,joint,galileo,distributed_46_500_joint_galileo,2751,0.797434526990914,0.9192852741836106,0.8540354894104178,0.7916461831910961,749,379,131,1492,0.18538713195201745,0.03817513785270969,0.1330364066848715,0.881711479048955
distributed,47,500,joint,galileo,distributed_47_500_joint_galileo,2751,0.7931570762052877,0.9426987060998152,0.8614864864864865,0.794487650922248,729,399,93,1530,0.17884405670665213,0.05739210128495843,0.13438607110134604,0.8781462618476423
distributed,48,500,joint,galileo,distributed_48_500_joint_galileo,2751,0.7875324675324675,0.9340727048675292,0.85456595264938,0.7857420261926299,719,409,107,1516,0.1875681570338059,0.05782915526454239,0.13780686976207304,0.868813717264675
distributed,49,500,joint,galileo,distributed_49_500_joint_galileo,2751,0.7870900572618428,0.9316081330868762,0.8532731376975169,0.7845097403023034,719,409,111,1512,0.1890221737549982,0.056482925400864324,0.1387606293985325,0.865974980663599
distributed,50,500,joint,galileo,distributed_50_500_joint_galileo,2751,0.7761569416498993,0.9507085643869377,0.8546109111049571,0.7781025091438235,683,445,80,1543,0.19083969465648856,0.061222398204404754,0.1377455306834058,0.8755727179769537
distributed,51,500,joint,galileo,distributed_51_500_joint_galileo,2751,0.779539641943734,0.9390018484288355,0.8518725544997205,0.7784548249236376,697,431,99,1524,0.1926572155579789,0.04387280667015308,0.13921956243550973,0.8666266282997513
distributed,52,500,joint,galileo,distributed_52_500_joint_galileo,2751,0.8003229278794403,0.9162045594577942,0.8543521976443551,0.793651925118968,757,371,136,1487,0.18429661941112324,0.048962669309634055,0.13659717871899288,0.8731261716548027
distributed,53,500,joint,galileo,distributed_53_500_joint_galileo,2751,0.7952127659574468,0.9211337030191005,0.8535540964887239,0.7899108231407559,743,385,128,1495,0.18647764449291168,0.06667406561154288,0.14524469139976492,0.853422706833943
distributed,54,500,joint,galileo,distributed_54_500_joint_galileo,2751,0.7966631908237748,0.9414664202094886,0.8630330415136966,0.7978608696792124,738,390,95,1528,0.17629952744456562,0.06587033815505279,0.1337002595845308,0.8845166227500949
distributed,55,500,joint,galileo,distributed_55_500_joint_galileo,2751,0.798941798941799,0.9303758471965496,0.8596641047537718,0.7967482072862181,748,380,113,1510,0.1792075608869502,0.05005375503839699,0.13105746664676257,0.8833365014442216
distributed,56,500,joint,galileo,distributed_56_500_joint_galileo,2751,0.7860103626943005,0.9346888478126926,0.8539262594990149,0.7842770480198215,715,413,106,1517,0.18865866957470012,0.04418045915001569,0.13569746716684505,0.8734276884152017
distributed,57,500,joint,galileo,distributed_57_500_joint_galileo,2751,0.7951370926021728,0.9470117067159581,0.8644544431946006,0.797973938464362,732,396,86,1537,0.17520901490367138,0.058635818817207405,0.1365658851055976,0.8684379137662064
distributed,58,500,joint,galileo,distributed_58_500_joint_galileo,2751,0.7906137184115524,0.944547134935305,0.8607523862998315,0.7923090284605603,722,406,90,1533,0.18029807342784443,0.05887640521291919,0.1374550547830042,0.8670018855722046
distributed,59,500,joint,galileo,distributed_59_500_joint_galileo,2751,0.7892283790781979,0.9390018484288355,0.8576252110298256,0.7890931227959781,721,407,99,1524,0.18393311523082514,0.062893748593585,0.13949746847198896,0.8669644690901621
distributed,60,500,joint,galileo,distributed_60_500_joint_galileo,2751,0.788109756097561,0.955637707948244,0.8638262322472848,0.7929784284422071,711,417,72,1551,0.1777535441657579,0.07253168632194444,0.13068528350246605,0.8904598349086491
distributed,61,500,joint,galileo,distributed_61_500_joint_galileo,2751,0.8029661016949152,0.9340727048675292,0.8635716320136713,0.802142735412488,756,372,107,1516,0.17411850236277718,0.051534465668962186,0.1325154455159178,0.8765329833117027
distributed,62,500,joint,galileo,distributed_62_500_joint_galileo,2751,0.7844739530132788,0.9463955637707948,0.857860932700363,0.7861410442967449,706,422,87,1536,0.18502362777171938,0.04109289035479516,0.13336097132418367,0.8813192887700301
distributed,63,500,joint,galileo,distributed_63_500_joint_galileo,2751,0.808,0.933456561922366,0.8662092624356775,0.8071538128760767,768,360,108,1515,0.17011995637949837,0.061079954571593986,0.13249222520855902,0.8802658918996867
distributed,64,500,joint,galileo,distributed_64_500_joint_galileo,2751,0.7868681605002605,0.9303758471965496,0.8526256352343309,0.7838935973571401,719,409,113,1510,0.18974918211559433,0.040101157189943094,0.13598449326423567,0.8749882561406728
distributed,65,500,joint,galileo,distributed_65_500_joint_galileo,2751,0.8019118428040362,0.9303758471965496,0.8613804905875642,0.7998510441656508,755,373,113,1510,0.1766630316248637,0.05210115225055246,0.12837468654563425,0.8890806142202295
distributed,66,500,joint,galileo,distributed_66_500_joint_galileo,2751,0.7971698113207547,0.9371534195933456,0.8615123194562447,0.7970341566051835,741,387,102,1521,0.1777535441657579,0.05862167485031898,0.13077326563946182,0.8880624489278677
distributed,67,500,joint,galileo,distributed_67_500_joint_galileo,2751,0.7884914463452566,0.9371534195933456,0.856418918918919,0.7877256459668855,720,408,102,1521,0.18538713195201745,0.06236353512798441,0.13499516020180627,0.8768664542939918
distributed,68,500,joint,galileo,distributed_68_500_joint_galileo,2751,0.7896090534979424,0.9457794208256316,0.8606672273619288,0.7915953841716811,719,409,88,1535,0.1806615776081425,0.046183435941523916,0.13099190968149768,0.8857336143119955
distributed,69,500,joint,galileo,distributed_69_500_joint_galileo,2751,0.7884714359238292,0.9439309919901417,0.8592260235558048,0.7897846449312411,717,411,91,1532,0.18247909850963287,0.04454111299258516,0.13228934141154783,0.8843431959902639
distributed,70,500,joint,galileo,distributed_70_500_joint_galileo,2751,0.7942238267148014,0.9488601355514479,0.8646827624929815,0.7975683656480643,729,399,83,1540,0.17520901490367138,0.06051460123206761,0.13127993171163654,0.8833670901010736
distributed,71,500,joint,galileo,distributed_71_500_joint_galileo,2751,0.8005277044854882,0.9346888478126926,0.86242183058556,0.7997912324169846,750,378,106,1517,0.17593602326426755,0.04617309530541086,0.13093829252525716,0.8818936454250295
distributed,42,500,joint,presto_primary,distributed_42_500_joint_presto_primary,2751,0.8358800226372383,0.9100431300061614,0.8713864306784661,0.8264754657123006,838,290,146,1477,0.15848782260996003,0.036658416704127346,0.11150017567721536,0.9158347644454932
distributed,43,500,joint,presto_primary,distributed_43_500_joint_presto_primary,2751,0.8461971830985916,0.9254467036352434,0.8840494408475574,0.8417127135197493,855,273,121,1502,0.14322064703744092,0.07067259166241356,0.11274930547081362,0.9199645062335313
distributed,44,500,joint,presto_primary,distributed_44_500_joint_presto_primary,2751,0.8502024291497976,0.9057301293900185,0.8770883054892601,0.8380601001560022,869,259,153,1470,0.14976372228280624,0.047508355088507724,0.11148056674048039,0.9175630235576356
distributed,45,500,joint,presto_primary,distributed_45_500_joint_presto_primary,2751,0.851039260969977,0.9081947011706716,0.8786885245901639,0.8397356484576762,870,258,149,1474,0.1479462013813159,0.049155040783630366,0.11702107195998106,0.9087510323671688
distributed,46,500,joint,presto_primary,distributed_46_500_joint_presto_primary,2751,0.846820809248555,0.9026494146642021,0.8738443185207277,0.8338601683250089,863,265,158,1465,0.15376226826608505,0.0496600093734772,0.1137506262818003,0.9146524582355589
distributed,47,500,joint,presto_primary,distributed_47_500_joint_presto_primary,2751,0.8603954463750749,0.884781269254467,0.8724179829890644,0.8391104927832619,895,233,187,1436,0.15267175572519084,0.045664369675183884,0.11595959836408076,0.9109285623768261
distributed,48,500,joint,presto_primary,distributed_48_500_joint_presto_primary,2751,0.8435530085959886,0.906962415280345,0.8741092636579573,0.8324705693423002,855,273,151,1472,0.15412577244638315,0.02926853766412115,0.11384136942639712,0.9102283006253196
distributed,49,500,joint,presto_primary,distributed_49_500_joint_presto_primary,2751,0.8530612244897959,0.9014171287738756,0.8765727980826843,0.8390064367273633,876,252,160,1463,0.14976372228280624,0.05009175018607956,0.1153048172971802,0.9081365281000511
distributed,50,500,joint,presto_primary,distributed_50_500_joint_presto_primary,2751,0.851063829787234,0.9118915588416513,0.8804283164782868,0.8411408148818186,869,259,143,1480,0.14612868047982552,0.054951281784978656,0.11487844477249219,0.9132969983788012
distributed,51,500,joint,presto_primary,distributed_51_500_joint_presto_primary,2751,0.8365168539325842,0.9174368453481208,0.8751101968851014,0.8297290609719328,837,291,134,1489,0.15448927662668122,0.04133634199046776,0.11725731883362463,0.9066499739996416
distributed,52,500,joint,presto_primary,distributed_52_500_joint_presto_primary,2751,0.8376993166287016,0.9063462723351817,0.8706717963894643,0.8268433489335483,843,285,152,1471,0.1588513267902581,0.030435185010339504,0.11553437979229896,0.906933192188531
distributed,53,500,joint,presto_primary,distributed_53_500_joint_presto_primary,2751,0.8489795918367347,0.8971041281577325,0.8723786698621929,0.8337470995398593,869,259,167,1456,0.15485278080697928,0.05544496710191004,0.11936185413293637,0.9035042583780146
distributed,54,500,joint,presto_primary,distributed_54_500_joint_presto_primary,2751,0.8448172558418214,0.8687615526802218,0.8566221142162819,0.8195758118011038,869,259,213,1410,0.17157397310069067,0.03782167554095941,0.11968605260187848,0.9066557093728015
distributed,55,500,joint,presto_primary,distributed_55_500_joint_presto_primary,2751,0.8388732394366197,0.9174368453481208,0.8763978811065333,0.8319453730286703,842,286,134,1489,0.15267175572519084,0.04711294178915041,0.11292087769695226,0.91502908107305
distributed,56,500,joint,presto_primary,distributed_56_500_joint_presto_primary,2751,0.8477508650519031,0.9057301293900185,0.8757819481680071,0.8358437880992646,864,264,153,1470,0.1515812431842966,0.04665577692767809,0.11649499362337438,0.9085494749675541
distributed,57,500,joint,presto_primary,distributed_57_500_joint_presto_primary,2751,0.8283957518166574,0.9131238447319778,0.8686987104337632,0.8204803620823009,821,307,141,1482,0.1628498727735369,0.04415840349319081,0.11899116648166674,0.9011314525679178
distributed,58,500,joint,presto_primary,distributed_58_500_joint_presto_primary,2751,0.8450536352800954,0.8736906962415281,0.8591335958800363,0.8215971211704094,868,260,205,1418,0.16902944383860413,0.057504319256682014,0.11941381977025024,0.9062009762151344
distributed,59,500,joint,presto_primary,distributed_59_500_joint_presto_primary,2751,0.8557300756253636,0.9063462723351817,0.8803111909036505,0.8432440581534064,880,248,152,1471,0.14540167211922936,0.044868495500083996,0.1099707904106129,0.9187016316863527
distributed,60,500,joint,presto_primary,distributed_60_500_joint_presto_primary,2751,0.8427216954824317,0.9309919901417129,0.8846604215456675,0.8404959950708564,846,282,112,1511,0.14322064703744092,0.05358707721657559,0.10571855762679515,0.927069541126449
distributed,61,500,joint,presto_primary,distributed_61_500_joint_presto_primary,2751,0.8587338804220399,0.9026494146642021,0.8801441874436767,0.8444984661973494,887,241,158,1465,0.1450381679389313,0.05349871580215089,0.11365364018120934,0.9142952264216079
distributed,62,500,joint,presto_primary,distributed_62_500_joint_presto_primary,2751,0.8567268491555038,0.9063462723351817,0.8808383233532934,0.8441305829761014,882,246,152,1471,0.14467466375863322,0.028540081712382655,0.10928615141314367,0.9175256070755933
distributed,63,500,joint,presto_primary,distributed_63_500_joint_presto_primary,2751,0.8609000584453536,0.9075785582255084,0.883623275344931,0.848292825212045,890,238,150,1473,0.14103962195565248,0.06368796409508877,0.1126097133686333,0.9169029094182475
distributed,64,500,joint,presto_primary,distributed_64_500_joint_presto_primary,2751,0.843859649122807,0.88909426987061,0.8658865886588659,0.8261960711055178,861,267,180,1443,0.1624863685932388,0.04212180615942887,0.11880644290045322,0.9069069733398007
distributed,65,500,joint,presto_primary,distributed_65_500_joint_presto_primary,2751,0.8448176027793862,0.8989525569932224,0.871044776119403,0.8306819522554765,860,268,164,1459,0.15703380588876772,0.03201817136240983,0.11284708026422204,0.9160964067067815
distributed,66,500,joint,presto_primary,distributed_66_500_joint_presto_primary,2751,0.857405140758874,0.8632162661737524,0.8603008903899294,0.8283279912429046,895,233,222,1401,0.16539440203562342,0.04001838576693176,0.11895152913109126,0.9071631533409368
distributed,67,500,joint,presto_primary,distributed_67_500_joint_presto_primary,2751,0.8350974930362117,0.9235982747997535,0.877121123464014,0.8305934636410115,832,296,124,1499,0.15267175572519084,0.0636499375626057,0.11225480317890087,0.9202531866825728
distributed,68,500,joint,presto_primary,distributed_68_500_joint_presto_primary,2751,0.8420158550396376,0.9162045594577942,0.8775449985246385,0.8344320669629397,849,279,136,1487,0.15085423482370047,0.057113496006262275,0.10853162655113427,0.9235291772088288
distributed,69,500,joint,presto_primary,distributed_69_500_joint_presto_primary,2751,0.8525159051474841,0.9081947011706716,0.8794749403341289,0.8410654356917188,873,255,149,1474,0.14685568884042166,0.0396061152890487,0.11114576525204103,0.9158415922706833
distributed,70,500,joint,presto_primary,distributed_70_500_joint_presto_primary,2751,0.8528886241810602,0.8823166974738139,0.8673531193216233,0.8316725331340701,881,247,191,1432,0.15921483097055616,0.04713544311754056,0.11896416296643121,0.9024030667313399
distributed,71,500,joint,presto_primary,distributed_71_500_joint_presto_primary,2751,0.8451025056947609,0.9143561306223044,0.8783663805859722,0.8366106894246274,856,272,139,1484,0.14940021810250817,0.03851736925782734,0.11318550956346927,0.9109220076646435
distributed,42,500,joint,temporal_reconstructed,distributed_42_500_joint_temporal_reconstructed,2751,0.8477865372953305,0.8613678373382625,0.8545232273838631,0.8194250534209043,877,251,225,1398,0.17302798982188294,0.057792329965630565,0.12587621599591053,0.8971852427209922
distributed,43,500,joint,temporal_reconstructed,distributed_43_500_joint_temporal_reconstructed,2751,0.8502738892270237,0.8607516943930992,0.8554807103490508,0.8213332940050602,882,246,226,1397,0.17157397310069067,0.079025698206905,0.12691784394396705,0.9039975004697545
distributed,44,500,joint,temporal_reconstructed,distributed_44_500_joint_temporal_reconstructed,2751,0.8392749244712991,0.8558225508317929,0.8474679682733374,0.8100034739974568,862,266,234,1389,0.1817520901490367,0.061472601506225646,0.12943912176492753,0.8934075435997606
distributed,45,500,joint,temporal_reconstructed,distributed_45_500_joint_temporal_reconstructed,2751,0.8379988088147707,0.866913123844732,0.8522107813446396,0.8128891860358411,856,272,216,1407,0.17739003998545982,0.0632018599996608,0.12787974481575268,0.8964718715451204
distributed,46,500,joint,temporal_reconstructed,distributed_46_500_joint_temporal_reconstructed,2751,0.8280701754385965,0.8724584103512015,0.8496849684968497,0.8059100562394306,834,294,207,1416,0.1821155943293348,0.06934358453587824,0.12871457775484138,0.8960824123962716
distributed,47,500,joint,temporal_reconstructed,distributed_47_500_joint_temporal_reconstructed,2751,0.854434250764526,0.8607516943930992,0.8575813382443217,0.8248793932958404,890,238,226,1397,0.16866593965830606,0.08065659590486922,0.1302650595788108,0.8945767403853296
distributed,48,500,joint,temporal_reconstructed,distributed_48_500_joint_temporal_reconstructed,2751,0.8311688311688312,0.8675292667898953,0.8489599035272837,0.8069915837495576,842,286,215,1408,0.1821155943293348,0.06778292811971476,0.13018477600361822,0.8919909064292987
distributed,49,500,joint,temporal_reconstructed,distributed_49_500_joint_temporal_reconstructed,2751,0.8333333333333334,0.8749229821318546,0.8536218815749925,0.8115749662432323,844,284,203,1420,0.17702653580516176,0.0732597027116293,0.13309683272806394,0.8902675633512932
distributed,50,500,joint,temporal_reconstructed,distributed_50_500_joint_temporal_reconstructed,2751,0.8544226044226044,0.8570548367221196,0.8557366964011074,0.8234742268716981,891,237,232,1391,0.17048346055979643,0.08410053495785956,0.13058729499979527,0.8980930703582807
distributed,51,500,joint,temporal_reconstructed,distributed_51_500_joint_temporal_reconstructed,2751,0.8234604105571848,0.8650646950092421,0.84375,0.7991103616890183,827,301,219,1404,0.1890221737549982,0.0602604591814879,0.1296635302479535,0.8936377778651737
distributed,52,500,joint,temporal_reconstructed,distributed_52_500_joint_temporal_reconstructed,2751,0.8449848024316109,0.8564386937769563,0.8506731946144431,0.8151874319948611,873,255,233,1390,0.17739003998545982,0.0612861470724975,0.12761459322001972,0.897032845662747
distributed,53,500,joint,temporal_reconstructed,distributed_53_500_joint_temporal_reconstructed,2751,0.8442969221484611,0.8619839802834257,0.8530487804878049,0.8166302880140532,870,258,224,1399,0.17520901490367138,0.09688503730070437,0.13574850318664397,0.8880703692050882
distributed,54,500,joint,temporal_reconstructed,distributed_54_500_joint_temporal_reconstructed,2751,0.8453105968331304,0.8552064078866297,0.8502297090352221,0.8150145514610454,874,254,235,1388,0.1777535441657579,0.07978736561579163,0.12999711668392533,0.893074345730479
distributed,55,500,joint,temporal_reconstructed,distributed_55_500_joint_temporal_reconstructed,2751,0.8439759036144578,0.8632162661737524,0.8534876637222053,0.8168031685478692,869,259,222,1401,0.17484551072337332,0.0602038163480366,0.12609025306131724,0.8957595928212791
distributed,56,500,joint,temporal_reconstructed,distributed_56_500_joint_temporal_reconstructed,2751,0.8414414414414414,0.8632162661737524,0.8521897810218978,0.8145868564911315,864,264,222,1401,0.1766630316248637,0.06881157951396047,0.12750809065590574,0.8996733022202994
distributed,57,500,joint,temporal_reconstructed,distributed_57_500_joint_temporal_reconstructed,2751,0.8262883613202084,0.8792359827479975,0.8519402985074627,0.8066392679697434,828,300,196,1427,0.18029807342784443,0.07393855175143799,0.12941681249425405,0.8965142040612996
distributed,58,500,joint,temporal_reconstructed,distributed_58_500_joint_temporal_reconstructed,2751,0.8539119804400978,0.8607516943930992,0.8573181957655722,0.8244361308844929,889,239,226,1397,0.16902944383860413,0.08575023451177576,0.12944442604064715,0.8997623370607797
distributed,59,500,joint,temporal_reconstructed,distributed_59_500_joint_temporal_reconstructed,2751,0.8462455303933254,0.8749229821318546,0.8603453498939715,0.8230997889382677,870,258,203,1420,0.16757542711741186,0.07734034621893585,0.12652262785233417,0.9020840707384538
distributed,60,500,joint,temporal_reconstructed,distributed_60_500_joint_temporal_reconstructed,2751,0.8542805100182149,0.866913123844732,0.8605504587155963,0.8270735831989617,888,240,216,1407,0.16575790621592149,0.07526896376305679,0.1226120635769693,0.9079887739629353
distributed,61,500,joint,temporal_reconstructed,distributed_61_500_joint_temporal_reconstructed,2751,0.8449101796407186,0.8693776956253851,0.8569693288794412,0.8198838832736854,869,259,212,1411,0.17121046892039257,0.07145485960853104,0.12368535373354198,0.9043667492560402
distributed,62,500,joint,temporal_reconstructed,distributed_62_500_joint_temporal_reconstructed,2751,0.8410317936412718,0.8638324091189156,0.8522796352583587,0.8144516655523656,863,265,221,1402,0.1766630316248637,0.05573457751774729,0.1257800730395141,0.8965942261725289
distributed,63,500,joint,temporal_reconstructed,distributed_63_500_joint_temporal_reconstructed,2751,0.8347205707491082,0.8650646950092421,0.8496217851739788,0.809305397150011,850,278,219,1404,0.1806615776081425,0.062200194813062874,0.13126498076401497,0.8946152493194024
distributed,64,500,joint,temporal_reconstructed,distributed_64_500_joint_temporal_reconstructed,2751,0.8318531675547661,0.8656808379544054,0.8484299516908212,0.8069538941545077,844,284,218,1405,0.18247909850963287,0.06744762777241872,0.1311390254097198,0.8900518040752831
distributed,65,500,joint,temporal_reconstructed,distributed_65_500_joint_temporal_reconstructed,2751,0.8393501805054152,0.8595194085027726,0.8493150684931506,0.8114086404215991,861,267,228,1395,0.17993456924754633,0.058031491674984864,0.12889782099133237,0.8960900595604848
distributed,66,500,joint,temporal_reconstructed,distributed_66_500_joint_temporal_reconstructed,2751,0.844311377245509,0.8687615526802218,0.8563619799574855,0.8191325493897563,868,260,213,1410,0.17193747728098874,0.07542518449279625,0.12926538991452302,0.894883719405881
distributed,67,500,joint,temporal_reconstructed,distributed_67_500_joint_temporal_reconstructed,2751,0.8409090909090909,0.8662969808995687,0.8534142640364188,0.8152406890313446,862,266,217,1406,0.17557251908396945,0.06698237616685451,0.1276359184054221,0.9001340438641341
distributed,68,500,joint,temporal_reconstructed,distributed_68_500_joint_temporal_reconstructed,2751,0.8200589970501475,0.8564386937769563,0.8378541289933695,0.7930243114274852,823,305,233,1390,0.1955652490003635,0.0752798063811332,0.13076434536110837,0.8906144168709553
distributed,69,500,joint,temporal_reconstructed,distributed_69_500_joint_temporal_reconstructed,2751,0.8472222222222222,0.8644485520640789,0.8557487038731321,0.8200788859611174,875,253,220,1403,0.17193747728098874,0.07105442465366128,0.12742135842340266,0.8982064122564377
distributed,70,500,joint,temporal_reconstructed,distributed_70_500_joint_temporal_reconstructed,2751,0.8488372093023255,0.8545902649414664,0.8517040221062327,0.8178093168678964,881,247,236,1387,0.17557251908396945,0.07431169810304666,0.1317106223972056,0.8945808370804438
distributed,71,500,joint,temporal_reconstructed,distributed_71_500_joint_temporal_reconstructed,2751,0.8493647912885662,0.8650646950092421,0.8571428571428571,0.8221600070790891,879,249,219,1404,0.17011995637949837,0.05928422564954735,0.12768627031753907,0.8963522480477881
distributed,42,20,target_only,alphaearth,distributed_42_20_target_only_alphaearth,2751,0.7235188509874326,0.9932224276032039,0.8371851467151389,0.7235615684115311,512,616,11,1612,0.22791712104689205,0.09475509433110255,0.1676486232989172,0.8200698732318664
distributed,43,20,target_only,alphaearth,distributed_43_20_target_only_alphaearth,2751,0.779118572927597,0.9149722735674677,0.8415981864550864,0.7708726616064289,707,421,138,1485,0.20319883678662304,0.14620699595382095,0.14976714294697452,0.8935837014896676
distributed,44,20,target_only,alphaearth,distributed_44_20_target_only_alphaearth,2751,0.8793774319066148,0.8354898336414048,0.8568720379146919,0.8352981083100641,942,186,267,1356,0.16466739367502725,0.17296830656361703,0.15671068195212182,0.8906581149521724
distributed,45,20,target_only,alphaearth,distributed_45_20_target_only_alphaearth,2751,0.8439587128111719,0.8564386937769563,0.8501529051987767,0.8143009071721661,871,257,233,1390,0.178117048346056,0.18506319439515254,0.17149764431811704,0.8691996259444248
distributed,46,20,target_only,alphaearth,distributed_46_20_target_only_alphaearth,2751,0.9048951048951049,0.7972889710412816,0.8476907959384212,0.8383607975773784,992,136,329,1294,0.16902944383860413,0.07791049828043817,0.13862714363581524,0.8808661942904088
distributed,47,20,target_only,alphaearth,distributed_47_20_target_only_alphaearth,2751,0.8687206965840589,0.7991373998767715,0.8324775353016688,0.8126892673142723,932,196,326,1297,0.18974918211559433,0.10901611226538734,0.14727021290298006,0.8779692846187124
distributed,48,20,target_only,alphaearth,distributed_48_20_target_only_alphaearth,2751,0.8597074468085106,0.7966728280961183,0.8269907259354013,0.804808045253733,917,211,330,1293,0.19665576154125772,0.09054143663830619,0.13973463190245516,0.8800493132846536
distributed,49,20,target_only,alphaearth,distributed_49_20_target_only_alphaearth,2751,0.8499050031665611,0.8268638324091189,0.8382261086820737,0.8083787247151977,891,237,281,1342,0.18829516539440203,0.10272770030162218,0.13673790503725783,0.8945991356519536
distributed,50,20,target_only,alphaearth,distributed_50_20_target_only_alphaearth,2751,0.7795643153526971,0.9260628465804066,0.8465221064488876,0.7746448984675083,703,425,120,1503,0.19810977826245002,0.11584121271652488,0.14236798579275653,0.8943506028150304
distributed,51,20,target_only,alphaearth,distributed_51_20_target_only_alphaearth,2751,0.9050632911392406,0.7929759704251387,0.8453201970443349,0.8366475596806544,993,135,336,1287,0.17121046892039257,0.12551474715043848,0.14783054916354313,0.8577774937402498
distributed,52,20,target_only,alphaearth,distributed_52_20_target_only_alphaearth,2751,0.7962962962962963,0.9272951324707333,0.8568175348704811,0.7929915378665723,743,385,118,1505,0.18284260268993094,0.13856182678895682,0.1489690622423964,0.8938163937721495
distributed,53,20,target_only,alphaearth,distributed_53_20_target_only_alphaearth,2751,0.7352941176470589,0.9704251386321626,0.8366533864541833,0.7338827820820387,561,567,48,1575,0.22355507088331517,0.1335140414665109,0.159912621333863,0.8650630563311965
distributed,54,20,target_only,alphaearth,distributed_54_20_target_only_alphaearth,2751,0.8214285714285714,0.836105976586568,0.8287022900763359,0.7872905769457663,833,295,266,1357,0.2039258451472192,0.09241951858563721,0.1425948829371826,0.8881487526382716
distributed,55,20,target_only,alphaearth,distributed_55_20_target_only_alphaearth,2751,0.8304891922639362,0.8995686999383857,0.8636498077491866,0.8176921513876325,830,298,163,1460,0.16757542711741186,0.1268354396073569,0.14196518648671663,0.8885103542603445
distributed,56,20,target_only,alphaearth,distributed_56_20_target_only_alphaearth,2751,0.8552403011001737,0.9100431300061614,0.8817910447761194,0.8442059621662013,878,250,146,1477,0.14394765539803708,0.15290678299355523,0.13711241962122775,0.9027668532574735
distributed,57,20,target_only,alphaearth,distributed_57_20_target_only_alphaearth,2751,0.8146002317497103,0.8662969808995687,0.8396536279486414,0.7913045188185788,808,320,217,1406,0.19520174482006544,0.13203752346861528,0.15973421493859746,0.8621554952522035
distributed,58,20,target_only,alphaearth,distributed_58_20_target_only_alphaearth,2751,0.8326738270209157,0.9075785582255084,0.8685141509433962,0.8225836053538889,832,296,150,1473,0.16212286441294074,0.1212767687094,0.12698104919148553,0.917761849827174
distributed,59,20,target_only,alphaearth,distributed_59_20_target_only_alphaearth,2751,0.8381336405529954,0.8964879852125693,0.8663292646621018,0.8236872550176322,847,281,168,1455,0.16321337695383498,0.08094720892525042,0.1215053139563692,0.9124880376502669
distributed,60,20,target_only,alphaearth,distributed_60_20_target_only_alphaearth,2751,0.7114754098360656,0.6685150955021565,0.6893265565438373,0.6392220867581704,688,440,538,1085,0.3555070883315158,0.0943088351271169,0.21664178688136107,0.716756138487959
distributed,61,20,target_only,alphaearth,distributed_61_20_target_only_alphaearth,2751,0.827446438911407,0.8804682686383241,0.8531343283582089,0.8081419357376017,830,298,194,1429,0.17884405670665213,0.12000007208042288,0.13629004834188663,0.895808480049641
distributed,62,20,target_only,alphaearth,distributed_62_20_target_only_alphaearth,2751,0.7795560144553433,0.9303758471965496,0.848314606741573,0.7759148739528847,701,427,113,1510,0.19629225736095965,0.12905395230206376,0.14189872420561578,0.8900780229240135
distributed,63,20,target_only,alphaearth,distributed_63_20_target_only_alphaearth,2751,0.8362884160756501,0.8718422674060382,0.8536953242835595,0.8131374457597567,851,277,208,1415,0.17629952744456562,0.10977938821964962,0.13055837714139384,0.905174617532544
distributed,64,20,target_only,alphaearth,distributed_64_20_target_only_alphaearth,2751,0.8289085545722714,0.8656808379544054,0.8468957203134418,0.8042943196864225,838,290,218,1405,0.1846601235914213,0.12417566299104747,0.14930556136958106,0.8822538814820642
distributed,65,20,target_only,alphaearth,distributed_65_20_target_only_alphaearth,2751,0.7945945945945946,0.9057301293900185,0.8465303771955082,0.7844253483829525,748,380,153,1470,0.19374772809887314,0.14063965952115834,0.15247589681579743,0.8918969555546815
distributed,66,20,target_only,alphaearth,distributed_66_20_target_only_alphaearth,2751,0.8031674208144797,0.8749229821318546,0.8375110586847537,0.7832061719169912,780,348,203,1420,0.20029080334423846,0.08380386480675642,0.12948846851768786,0.9014428013965905
distributed,67,20,target_only,alphaearth,distributed_67_20_target_only_alphaearth,2751,0.8350877192982457,0.8798521256931608,0.8568856885688569,0.8149260628465804,846,282,195,1428,0.173391494002181,0.15939593369323674,0.15434431494774947,0.8863046936109035
distributed,68,20,target_only,alphaearth,distributed_68_20_target_only_alphaearth,2751,0.8234575442883323,0.8305606900800986,0.8269938650306748,0.7871775081606167,839,289,275,1348,0.2050163576881134,0.07404699605779115,0.13802053015128599,0.8882295940885236
distributed,69,20,target_only,alphaearth,distributed_69_20_target_only_alphaearth,2751,0.8665843113032736,0.8644485520640789,0.865515114127082,0.8364795951809756,912,216,220,1403,0.15848782260996003,0.1568050360839313,0.14418513614393694,0.9013717920146127
distributed,70,20,target_only,alphaearth,distributed_70_20_target_only_alphaearth,2751,0.7215125191619827,0.8699938385705484,0.788826815642458,0.693418905100877,583,545,211,1412,0.2748091603053435,0.11633755074495286,0.1856727179989326,0.7943721241200299
distributed,71,20,target_only,alphaearth,distributed_71_20_target_only_alphaearth,2751,0.8253486961795027,0.8385705483672212,0.8319070904645477,0.7916256997155255,840,288,262,1361,0.1999272991639404,0.12778537474786336,0.1459403263308908,0.8982135131946356
distributed,42,20,target_only,galileo,distributed_42_20_target_only_galileo,2751,0.7103902209685002,0.9309919901417129,0.8058666666666666,0.6924463496807856,512,616,112,1511,0.26463104325699743,0.09853272573998056,0.19502399133566434,0.6761972181801497
distributed,43,20,target_only,galileo,distributed_43_20_target_only_galileo,2751,0.8020434227330779,0.773875539125077,0.7877077453747257,0.749526422044808,818,310,367,1256,0.2460923300617957,0.1898695270960733,0.18453489642450374,0.8257134804210747
distributed,44,20,target_only,galileo,distributed_44_20_target_only_galileo,2751,0.6912402428447528,0.4910659272951325,0.5742074927953891,0.58773154520785,772,356,826,797,0.4296619411123228,0.19598178714281386,0.22300084475499196,0.6901336287323623
distributed,45,20,target_only,galileo,distributed_45_20_target_only_galileo,2751,0.7017391304347826,0.49722735674676527,0.582041110710422,0.596574671281184,785,343,816,807,0.4213013449654671,0.12049204845939135,0.2438558703305854,0.6303502838190375
distributed,46,20,target_only,galileo,distributed_46_20_target_only_galileo,2751,0.8763878608438194,0.729513247073321,0.7962340282447882,0.7907318008416251,961,167,439,1184,0.2202835332606325,0.13015402201046883,0.16601086331248233,0.859474617969525
distributed,47,20,target_only,galileo,distributed_47_20_target_only_galileo,2751,0.7424,0.5717806531115218,0.6460146188652977,0.6431598301018602,806,322,695,928,0.3696837513631407,0.17277967755926668,0.21268331642180088,0.754209217673252
distributed,48,20,target_only,galileo,distributed_48_20_target_only_galileo,2751,0.8174952800503461,0.800369685767098,0.8088418430884184,0.7716387435927688,838,290,324,1299,0.2231915667030171,0.12428882701158818,0.17081480702748753,0.8562955825609697
distributed,49,20,target_only,galileo,distributed_49_20_target_only_galileo,2751,0.7626699629171817,0.7603203943314849,0.7614933662449861,0.7099474312082956,744,384,389,1234,0.28098873137041075,0.12207954850378477,0.18774889985262813,0.7939728329029072
distributed,50,20,target_only,galileo,distributed_50_20_target_only_galileo,2751,0.7087378640776699,0.8995686999383857,0.7928319304914472,0.6838269031606823,528,600,163,1460,0.27735368956743,0.08788684481490061,0.19406975687630296,0.7897007992379055
distributed,51,20,target_only,galileo,distributed_51_20_target_only_galileo,2751,0.6092636579572447,0.6321626617375231,0.6205019655276686,0.5244146642020949,470,658,597,1026,0.45619774627408216,0.12122052098914954,0.2412071357842181,0.5731041587463894
distributed,52,20,target_only,galileo,distributed_52_20_target_only_galileo,2751,0.6343467543138867,0.47566235366605053,0.543661971830986,0.5405794037833799,683,445,851,772,0.47110141766630315,0.19546520833610498,0.24468982443842585,0.6028865860000087
distributed,53,20,target_only,galileo,distributed_53_20_target_only_galileo,2751,0.7247267759562842,0.6537276648182379,0.687398769031422,0.6482290806360693,725,403,562,1061,0.35078153398764084,0.17187910884253166,0.21961992605864245,0.6801961388375436
distributed,54,20,target_only,galileo,distributed_54_20_target_only_galileo,2751,0.7726769911504425,0.8607516943930992,0.8143398426114835,0.7481949961327198,717,411,226,1397,0.23155216284987276,0.13998294864872315,0.1686215138267286,0.8523021241637281
distributed,55,20,target_only,galileo,distributed_55_20_target_only_galileo,2751,0.6950986632718014,0.6728280961182994,0.6837820914214151,0.6240913530236887,649,479,531,1092,0.36713922210105415,0.13058170530189886,0.2173679005296978,0.6728029697215995
distributed,56,20,target_only,galileo,distributed_56_20_target_only_galileo,2751,0.6988322065150584,0.7005545286506469,0.6996923076923077,0.6330786827650398,638,490,486,1137,0.35478007997091965,0.14441402564451936,0.21738312150910888,0.6841672019681615
distributed,57,20,target_only,galileo,distributed_57_20_target_only_galileo,2751,0.7537557152188112,0.7110289587184226,0.7317691819911224,0.6884045502811971,751,377,469,1154,0.3075245365321701,0.11009412131473172,0.21420619149133238,0.7453382340731418
distributed,58,20,target_only,galileo,distributed_58_20_target_only_galileo,2751,0.7701149425287356,0.866913123844732,0.8156521739130435,0.7472863491564086,708,420,216,1407,0.2311886586695747,0.07468370140991787,0.16369691889104163,0.8367232119837619
distributed,59,20,target_only,galileo,distributed_59_20_target_only_galileo,2751,0.8395989974937343,0.8256315465187923,0.8325566946256602,0.7993405959544316,872,256,283,1340,0.19592875318066158,0.11794441820445903,0.15515401440377508,0.87227706331415
distributed,60,20,target_only,galileo,distributed_60_20_target_only_galileo,2751,0.5733603786342123,0.5224892174984597,0.5467440361057382,0.4815460271889461,497,631,775,848,0.5110868774990912,0.09179554448598028,0.2561741992209202,0.4881277775592874
distributed,61,20,target_only,galileo,distributed_61_20_target_only_galileo,2751,0.8013620885357549,0.8699938385705484,0.8342688330871492,0.779855075313643,778,350,211,1412,0.2039258451472192,0.14061512471263451,0.1654433338899329,0.8620484349532213
distributed,62,20,target_only,galileo,distributed_62_20_target_only_galileo,2751,0.6829015544041451,0.8120764017252002,0.7419082465522094,0.6347616051179192,516,612,305,1318,0.3333333333333333,0.08313299248691455,0.1990900935014723,0.7066547807885756
distributed,63,20,target_only,galileo,distributed_63_20_target_only_galileo,2751,0.7060637204522097,0.8465804066543438,0.7699635752311572,0.6697441040363917,556,572,249,1374,0.29843693202471827,0.13508232459988997,0.20940377868315968,0.6513668759804756
distributed,64,20,target_only,galileo,distributed_64_20_target_only_galileo,2751,0.6774468085106383,0.4904497843499692,0.5689778413152251,0.5772284382742754,749,379,827,796,0.43838604143947657,0.18522135412365776,0.24167991786579734,0.6636061623034133
distributed,65,20,target_only,galileo,distributed_65_20_target_only_galileo,2751,0.7566616390145802,0.9272951324707333,0.8333333333333334,0.7491085591431681,644,484,118,1505,0.21882951653944022,0.12689852846603994,0.15743480020114317,0.871180787701612
distributed,66,20,target_only,galileo,distributed_66_20_target_only_galileo,2751,0.7734250926416093,0.9001848428835489,0.8320045558086561,0.7603761093850369,700,428,162,1461,0.21446746637586334,0.09993429351300326,0.15110694412094222,0.8703177505975712
distributed,67,20,target_only,galileo,distributed_67_20_target_only_galileo,2751,0.7603399433427762,0.8268638324091189,0.7922077922077922,0.7259319162045594,705,423,281,1342,0.2559069429298437,0.11631883131671725,0.19572752570595683,0.7670493526129267
distributed,68,20,target_only,galileo,distributed_68_20_target_only_galileo,2751,0.7513007284079084,0.8897104128157732,0.8146685472496474,0.7329757737837732,650,478,179,1444,0.23882224645583425,0.09854804457106246,0.17198292928147876,0.8328941676171
distributed,69,20,target_only,galileo,distributed_69_20_target_only_galileo,2751,0.8456140350877193,0.7424522489217499,0.7906824146981627,0.773708393964421,908,220,418,1205,0.23191566703017086,0.1570139637288052,0.17732072640139873,0.8595576443238377
distributed,70,20,target_only,galileo,distributed_70_20_target_only_galileo,2751,0.6486772486772486,0.7553912507701787,0.6979789353828636,0.5833693842503376,464,664,397,1226,0.3856779352962559,0.10928262416244544,0.22572099687069533,0.6861543722115162
distributed,71,20,target_only,galileo,distributed_71_20_target_only_galileo,2751,0.782312925170068,0.8502772643253235,0.8148804251550045,0.754925866205215,744,384,243,1380,0.22791712104689205,0.0779423278950526,0.1610691665630616,0.8486850154909698
distributed,42,20,target_only,presto_primary,distributed_42_20_target_only_presto_primary,2751,0.7087378640776699,0.8995686999383857,0.7928319304914472,0.6838269031606823,528,600,163,1460,0.27735368956743,0.16697215274059057,0.2152350384388584,0.6380840248554687
distributed,43,20,target_only,presto_primary,distributed_43_20_target_only_presto_primary,2751,0.7882736156351792,0.8946395563770795,0.8380952380952381,0.7744474377630078,738,390,171,1452,0.2039258451472192,0.11236531676554258,0.15695486355431604,0.8633003849800955
distributed,44,20,target_only,presto_primary,distributed_44_20_target_only_presto_primary,2751,0.8379446640316206,0.7837338262476895,0.8099331423113658,0.7828243599323554,882,246,351,1272,0.21701199563794984,0.15230210173593883,0.18208204338381495,0.8514882474010568
distributed,45,20,target_only,presto_primary,distributed_45_20_target_only_presto_primary,2751,0.7514356029532404,0.5643869377695625,0.6446164672765659,0.6478849582464834,825,303,707,916,0.36713922210105415,0.13126974624113805,0.23667767295167458,0.6600846431833178
distributed,46,20,target_only,presto_primary,distributed_46_20_target_only_presto_primary,2751,0.8980842911877395,0.7221195317313617,0.8005464480874317,0.802105865156461,995,133,451,1172,0.2122864412940749,0.07827464842028538,0.15580941930180017,0.8445604628500762
distributed,47,20,target_only,presto_primary,distributed_47_20_target_only_presto_primary,2751,0.8300970873786407,0.7375231053604436,0.7810766721044046,0.76016226190008,883,245,426,1197,0.24391130498000727,0.14388768997394039,0.184482596086097,0.7759970809681747
distributed,48,20,target_only,presto_primary,distributed_48_20_target_only_presto_primary,2751,0.8500435919790759,0.600739371534196,0.703971119133574,0.7241285510153249,956,172,648,975,0.2980734278444202,0.12209783745509377,0.18667945273102432,0.8214627495706663
distributed,49,20,target_only,presto_primary,distributed_49_20_target_only_presto_primary,2751,0.8099027409372237,0.5643869377695625,0.6652142338416849,0.686892050445065,913,215,707,916,0.3351508542348237,0.12890254606894688,0.20904104254578393,0.7418792578317887
distributed,50,20,target_only,presto_primary,distributed_50_20_target_only_presto_primary,2751,0.7441975308641975,0.9285274183610598,0.8262061403508771,0.7346537801025157,610,518,116,1507,0.23046165030897856,0.09362045864016993,0.1602964455372455,0.848462701502777
distributed,51,20,target_only,presto_primary,distributed_51_20_target_only_presto_primary,2751,0.8380281690140845,0.6598890942698706,0.7383660806618407,0.7381892279859992,921,207,552,1071,0.27589967284623773,0.1206305265862215,0.1784336588540415,0.8374109105369182
distributed,52,20,target_only,presto_primary,distributed_52_20_target_only_presto_primary,2751,0.7417254476397178,0.8422674060382008,0.7888055395268321,0.7101407952176819,652,476,256,1367,0.26608505997818976,0.11498905954372005,0.1933688976050319,0.745648763562792
distributed,53,20,target_only,presto_primary,distributed_53_20_target_only_presto_primary,2751,0.7348197343453511,0.9544054220579175,0.8303403913160011,0.7294190230856963,569,559,74,1549,0.2300981461286805,0.06739528198547595,0.17302692616084717,0.7716556765992406
distributed,54,20,target_only,presto_primary,distributed_54_20_target_only_presto_primary,2751,0.7864293659621802,0.8712261244608749,0.8266588716749489,0.7654002962729907,744,384,209,1414,0.21555797891675754,0.06401236947577363,0.16530235150658204,0.8155498529559567
distributed,55,20,target_only,presto_primary,distributed_55_20_target_only_presto_primary,2751,0.7492897727272727,0.6500308071472581,0.6961398878258,0.6685437723679553,775,353,568,1055,0.33478735005452565,0.09194371799277172,0.20680337675508598,0.7392377088222056
distributed,56,20,target_only,presto_primary,distributed_56_20_target_only_presto_primary,2751,0.7565749235474006,0.7621688231669748,0.7593615715162676,0.7046659718671753,730,398,386,1237,0.28498727735368956,0.09306797096044796,0.18752241230893463,0.7822262424456942
distributed,57,20,target_only,presto_primary,distributed_57_20_target_only_presto_primary,2751,0.7622377622377622,0.6044362292051756,0.6742268041237114,0.6665798167302474,822,306,642,981,0.3446019629225736,0.1487967076746994,0.23236738243413113,0.6756302355763558
distributed,58,20,target_only,presto_primary,distributed_58_20_target_only_presto_primary,2751,0.8107163657542225,0.8576709796672828,0.8335329341317366,0.7847752061456981,803,325,231,1392,0.20210832424572883,0.11437174560421792,0.14521795850601985,0.8866925140817067
distributed,59,20,target_only,presto_primary,distributed_59_20_target_only_presto_primary,2751,0.8684039087947882,0.8213185459026494,0.844205193160228,0.8211202658591261,926,202,290,1333,0.17884405670665213,0.11837456230815317,0.1376722521108582,0.9013278208203879
distributed,60,20,target_only,presto_primary,distributed_60_20_target_only_presto_primary,2751,0.6419239904988123,0.6660505237215034,0.6537647414575144,0.5657380278181985,525,603,542,1081,0.4162122864412941,0.1465984594823031,0.2121440300320259,0.701990556844649
distributed,61,20,target_only,presto_primary,distributed_61_20_target_only_presto_primary,2751,0.7171717171717171,0.8749229821318546,0.7882320288648349,0.6892345407113174,568,560,203,1420,0.27735368956743,0.07597892536255071,0.18603371000659516,0.7973853799329671
distributed,62,20,target_only,presto_primary,distributed_62_20_target_only_presto_primary,2751,0.7115188583078491,0.860135551447936,0.7788005578800558,0.6791812509012729,562,566,227,1396,0.28825881497637224,0.07118836919800138,0.17601092384743158,0.8048225202431362
distributed,63,20,target_only,presto_primary,distributed_63_20_target_only_presto_primary,2751,0.759318423855165,0.8786198398028343,0.8146243930305627,0.7389553099723392,676,452,197,1426,0.23591421301344964,0.11037709111297124,0.15962307944682613,0.860353495628007
distributed,64,20,target_only,presto_primary,distributed_64_20_target_only_presto_primary,2751,0.8032200357781754,0.5532963647566236,0.6552353155782561,0.6791304518818579,908,220,725,898,0.3435114503816794,0.12525112597190022,0.19978365588069633,0.771246553313844
distributed,65,20,target_only,presto_primary,distributed_65_20_target_only_presto_primary,2751,0.7878103837471784,0.860135551447936,0.8223858615611193,0.7634011090573013,752,376,227,1396,0.21919302071973829,0.06277737114724745,0.1635008652615971,0.8391757667920802
distributed,66,20,target_only,presto_primary,distributed_66_20_target_only_presto_primary,2751,0.8012618296529969,0.7825015403573629,0.7917705735660848,0.7516231106042133,813,315,353,1270,0.24282079243911306,0.07942326527274664,0.1603075192756982,0.8433309080898259
distributed,67,20,target_only,presto_primary,distributed_67_20_target_only_presto_primary,2751,0.7179176755447942,0.7307455329636475,0.7242748091603053,0.6588124827938805,662,466,437,1186,0.3282442748091603,0.12518906965786933,0.19675449110994378,0.7675070900136776
distributed,68,20,target_only,presto_primary,distributed_68_20_target_only_presto_primary,2751,0.8096141682479443,0.7886629698089956,0.7990012484394506,0.7609094990888949,827,301,343,1280,0.2340966921119593,0.09474905844491328,0.16364615583115,0.8426459406667455
distributed,69,20,target_only,presto_primary,distributed_69_20_target_only_presto_primary,2751,0.8613138686131386,0.7997535428219347,0.8293929712460064,0.8072349274393361,919,209,325,1298,0.1941112322791712,0.1550956834237137,0.16613424583728345,0.8723852160651626
distributed,70,20,target_only,presto_primary,distributed_70_20_target_only_presto_primary,2751,0.675343811394892,0.8471965495995071,0.7515714676141022,0.6306018208990443,467,661,248,1375,0.33042529989094876,0.07962789330311877,0.18493976097854098,0.7894735692155758
distributed,71,20,target_only,presto_primary,distributed_71_20_target_only_presto_primary,2751,0.8244457759137208,0.8478126925446704,0.8359659781287971,0.7940304597475125,835,293,247,1376,0.19629225736095965,0.15300405653124083,0.16358711460065387,0.8753807195326053
distributed,42,20,target_only,temporal_reconstructed,distributed_42_20_target_only_temporal_reconstructed,2751,0.7227124941941477,0.9587184226740604,0.8241525423728814,0.7147315517625621,531,597,67,1556,0.24136677571792076,0.07873203899883693,0.18334430644791416,0.7166867677840266
distributed,43,20,target_only,temporal_reconstructed,distributed_43_20_target_only_temporal_reconstructed,2751,0.8124267291910903,0.8539741219963032,0.8326824872334034,0.785143089366946,808,320,237,1386,0.2024718284260269,0.16123079734564857,0.17183561714233894,0.8704963665045466
distributed,44,20,target_only,temporal_reconstructed,distributed_44_20_target_only_temporal_reconstructed,2751,0.8013333333333333,0.74060382008626,0.7697726544988793,0.7382097114615698,830,298,421,1202,0.2613595056343148,0.14159409871773546,0.1950220638555163,0.8203681126361742
distributed,45,20,target_only,temporal_reconstructed,distributed_45_20_target_only_temporal_reconstructed,2751,0.7170909090909091,0.607516943930992,0.6577718478985991,0.6313293939513116,739,389,637,986,0.37295528898582336,0.09340332382159457,0.2219141533168528,0.7122918332656013
distributed,46,20,target_only,temporal_reconstructed,distributed_46_20_target_only_temporal_reconstructed,2751,0.905165767154973,0.7233518176216882,0.8041095890410959,0.8071546322150994,1005,123,449,1174,0.207924391130498,0.15126367623309248,0.16973329231690248,0.8797450653941785
distributed,47,20,target_only,temporal_reconstructed,distributed_47_20_target_only_temporal_reconstructed,2751,0.8084112149532711,0.7461491065927295,0.7760333226529958,0.7458582412396271,841,287,412,1211,0.25408942202835333,0.16094461855768288,0.19014035271713334,0.8351484423818949
distributed,48,20,target_only,temporal_reconstructed,distributed_48_20_target_only_temporal_reconstructed,2751,0.8236074270557029,0.7652495378927912,0.7933567550303418,0.7647169675279559,862,266,381,1242,0.2351872046528535,0.12408723472211997,0.1771686909867893,0.8366259837530535
distributed,49,20,target_only,temporal_reconstructed,distributed_49_20_target_only_temporal_reconstructed,2751,0.8393267023718439,0.6759088108441158,0.7488054607508532,0.7448692990390792,918,210,526,1097,0.26753907669938204,0.12916155315404687,0.1871957538921943,0.819757431951163
distributed,50,20,target_only,temporal_reconstructed,distributed_50_20_target_only_temporal_reconstructed,2751,0.7874285714285715,0.8490449784349969,0.8170767862437,0.7596288721962219,756,372,245,1378,0.2242820792439113,0.09324824145990385,0.1708725644604917,0.8207024029574862
distributed,51,20,target_only,temporal_reconstructed,distributed_51_20_target_only_temporal_reconstructed,2751,0.8380622837370242,0.7461491065927295,0.7894393741851369,0.7693511490410456,894,234,412,1211,0.23482370047255544,0.11028104148325617,0.1718076824585574,0.8319164230498638
distributed,52,20,target_only,temporal_reconstructed,distributed_52_20_target_only_temporal_reconstructed,2751,0.8242463117382938,0.791743684534812,0.8076681332495286,0.7744179415581862,854,274,338,1285,0.22246455834242093,0.12606095221260477,0.16862515980018994,0.8472812146318655
distributed,53,20,target_only,temporal_reconstructed,distributed_53_20_target_only_temporal_reconstructed,2751,0.768107476635514,0.8102279728897104,0.7886056971514243,0.7291388091398907,731,397,308,1315,0.25627044711014174,0.13813245402218688,0.1843881513965408,0.7876557290369379
distributed,54,20,target_only,temporal_reconstructed,distributed_54_20_target_only_temporal_reconstructed,2751,0.7988505747126436,0.7707948243992606,0.7845719661335842,0.7457697526251622,813,315,372,1251,0.24972737186477645,0.09401516027199891,0.1762525129779425,0.8097948156596444
distributed,55,20,target_only,temporal_reconstructed,distributed_55_20_target_only_temporal_reconstructed,2751,0.7309910854745674,0.8589032655576093,0.7898016997167139,0.702058015757528,615,513,229,1394,0.2697201017811705,0.08879457240250298,0.18403697136908267,0.7745075226246815
distributed,56,20,target_only,temporal_reconstructed,distributed_56_20_target_only_temporal_reconstructed,2751,0.7930839002267573,0.8619839802834257,0.8260997933274284,0.7692012099998689,763,365,224,1399,0.21410396219556524,0.12833128329488594,0.1669835536128895,0.8611416997679632
distributed,57,20,target_only,temporal_reconstructed,distributed_57_20_target_only_temporal_reconstructed,2751,0.7300802964793082,0.7282809611829945,0.729179518815546,0.670434806832632,691,437,441,1182,0.31915667030170847,0.07713612228111537,0.20592353232995628,0.7340474692256264
distributed,58,20,target_only,temporal_reconstructed,distributed_58_20_target_only_temporal_reconstructed,2751,0.8209242618741976,0.7880468268638324,0.8041496384784659,0.7703532006659588,849,279,344,1279,0.22646310432569974,0.12793651400700032,0.1616406425657379,0.8708978426257303
distributed,59,20,target_only,temporal_reconstructed,distributed_59_20_target_only_temporal_reconstructed,2751,0.8813688212927757,0.714109673444239,0.7889720898570456,0.7879059005519067,972,156,464,1159,0.22537259178480554,0.13437295741423178,0.16069640940352528,0.875078656546191
distributed,60,20,target_only,temporal_reconstructed,distributed_60_20_target_only_temporal_reconstructed,2751,0.6641386782231853,0.7553912507701787,0.7068319400403574,0.6028729303496283,508,620,397,1226,0.3696837513631407,0.07781629873304613,0.21364743056053587,0.7005523437465861
distributed,61,20,target_only,temporal_reconstructed,distributed_61_20_target_only_temporal_reconstructed,2751,0.8073691014867486,0.7695625385089341,0.78801261829653,0.7526890706729068,830,298,374,1249,0.24427480916030533,0.1397002347557146,0.19293017128253645,0.7991532404312127
distributed,62,20,target_only,temporal_reconstructed,distributed_62_20_target_only_temporal_reconstructed,2751,0.8076923076923077,0.7634011090573013,0.7849223946784922,0.7509381431811329,833,295,384,1239,0.24681933842239187,0.11159728642666165,0.17992049879951771,0.8303984609535795
distributed,63,20,target_only,temporal_reconstructed,distributed_63_20_target_only_temporal_reconstructed,2751,0.7689434364994664,0.8878619839802834,0.8241349728338576,0.7519983678766665,695,433,182,1441,0.22355507088331517,0.0945110770263767,0.1601354146590787,0.8558891904056491
distributed,64,20,target_only,temporal_reconstructed,distributed_64_20_target_only_temporal_reconstructed,2751,0.812457221081451,0.7313616759088108,0.7697795071335928,0.7442269372451855,854,274,436,1187,0.25808796801163214,0.15361594245014912,0.17919785389602136,0.8347415040005594
distributed,65,20,target_only,temporal_reconstructed,distributed_65_20_target_only_temporal_reconstructed,2751,0.7861271676300579,0.8379544054220579,0.8112138383537131,0.7549701105124473,758,370,263,1360,0.2300981461286805,0.11481924579448609,0.1773055815752446,0.8271320293825899
distributed,66,20,target_only,temporal_reconstructed,distributed_66_20_target_only_temporal_reconstructed,2751,0.8265179677819083,0.8219346888478127,0.8242199567500772,0.7868538692466014,848,280,289,1334,0.20683387858960378,0.10449734165045721,0.1492825348834906,0.8771690635064214
distributed,67,20,target_only,temporal_reconstructed,distributed_67_20_target_only_temporal_reconstructed,2751,0.829219479653102,0.7658656808379544,0.7962844330557335,0.7694576631140126,872,256,380,1243,0.2311886586695747,0.14607323746122416,0.17354663594150227,0.8541871501422371
distributed,68,20,target_only,temporal_reconstructed,distributed_68_20_target_only_temporal_reconstructed,2751,0.8529199711607787,0.7288971041281578,0.786046511627907,0.7740230201491853,924,204,440,1183,0.2340966921119593,0.13154233081559477,0.17816760433865508,0.817948877614784
distributed,69,20,target_only,temporal_reconstructed,distributed_69_20_target_only_temporal_reconstructed,2751,0.8242097147262915,0.6586568083795441,0.7321917808219178,0.728264574402538,900,228,554,1069,0.2842602689930934,0.1670782292768706,0.20530408140503584,0.7951395716714079
distributed,70,20,target_only,temporal_reconstructed,distributed_70_20_target_only_temporal_reconstructed,2751,0.6676370693837943,0.8478126925446704,0.747014115092291,0.6202715944992856,443,685,247,1376,0.33878589603780446,0.1290351000639868,0.19694607673341732,0.7856920465122376
distributed,71,20,target_only,temporal_reconstructed,distributed_71_20_target_only_temporal_reconstructed,2751,0.9203463203463204,0.6549599507085644,0.7652987760979122,0.7866998335103106,1036,92,560,1063,0.23700472555434388,0.1703469877752207,0.18907735110585563,0.8642469946644642
distributed,42,50,target_only,alphaearth,distributed_42_50_target_only_alphaearth,2751,0.8692537313432835,0.8971041281577325,0.8829593693147362,0.8514775959937599,909,219,167,1456,0.14031261359505634,0.08067386281145607,0.11477535330268535,0.9169982258579026
distributed,43,50,target_only,alphaearth,distributed_43_50_target_only_alphaearth,2751,0.83125,0.9014171287738756,0.8649127992905705,0.8190596282167251,831,297,160,1463,0.16612141039621955,0.07043819956032314,0.1201007669794629,0.9112410036575294
distributed,44,50,target_only,alphaearth,distributed_44_50_target_only_alphaearth,2751,0.8535469107551488,0.9192852741836106,0.8851972708395135,0.8461674597868407,872,256,131,1492,0.1406761177753544,0.10924622769190186,0.1167276136966364,0.9230618808528117
distributed,45,50,target_only,alphaearth,distributed_45_50_target_only_alphaearth,2751,0.8485019785189373,0.9248305606900801,0.8850235849056604,0.8436209541039053,860,268,122,1501,0.14176663031624864,0.13446933075641332,0.12587974007357072,0.9162493499910419
distributed,46,50,target_only,alphaearth,distributed_46_50_target_only_alphaearth,2751,0.8609725685785536,0.8508934072704868,0.8559033157731639,0.826599185904747,905,223,242,1381,0.16902944383860413,0.08931243883476508,0.1209752224252147,0.9098961952080684
distributed,47,50,target_only,alphaearth,distributed_47_50_target_only_alphaearth,2751,0.8513761467889909,0.8576709796672828,0.85451197053407,0.8211227238761946,885,243,231,1392,0.1723009814612868,0.11658805838743765,0.13645252069674332,0.9043350681471577
distributed,48,50,target_only,alphaearth,distributed_48_50_target_only_alphaearth,2751,0.8546441495778045,0.8730745532963647,0.8637610484608351,0.8297110355134306,887,241,206,1417,0.1624863685932388,0.09057354155147145,0.12387983139103201,0.9066172004387287
distributed,49,50,target_only,alphaearth,distributed_49_50_target_only_alphaearth,2751,0.9103493737640079,0.8508934072704868,0.8796178343949045,0.865163015691981,992,136,242,1381,0.13740458015267176,0.12011670182978827,0.11812358390975286,0.92001830949603
distributed,50,50,target_only,alphaearth,distributed_50_50_target_only_alphaearth,2751,0.8195652173913044,0.929143561306223,0.8709211666185388,0.8174086600857355,796,332,115,1508,0.1624863685932388,0.07812643207060374,0.1155713647147935,0.9183146305545724
distributed,51,50,target_only,alphaearth,distributed_51_50_target_only_alphaearth,2751,0.8509781357882624,0.911275415896488,0.8800952097590004,0.8408327434092369,869,259,144,1479,0.1464921846601236,0.08364600799030106,0.11692744517439937,0.9121968991841568
distributed,52,50,target_only,alphaearth,distributed_52_50_target_only_alphaearth,2751,0.8811145510835914,0.8767714109673445,0.8789376158122297,0.8532793225049489,936,192,200,1423,0.14249363867684478,0.08664301643653323,0.11177474554536335,0.9229892327927881
distributed,53,50,target_only,alphaearth,distributed_53_50_target_only_alphaearth,2751,0.8726355611601513,0.8527418361059765,0.862574010595201,0.8368319109607897,926,202,239,1384,0.16030534351145037,0.11710876593510963,0.1301037766435304,0.9003607276604484
distributed,54,50,target_only,alphaearth,distributed_54_50_target_only_alphaearth,2751,0.8864059590316573,0.8798521256931608,0.8831168831168831,0.8588090415699847,945,183,195,1428,0.13740458015267176,0.1071800416176098,0.11674562483227613,0.9156381230800157
distributed,55,50,target_only,alphaearth,distributed_55_50_target_only_alphaearth,2751,0.8210290827740492,0.904497843499692,0.8607446496628555,0.8104049501186403,808,320,155,1468,0.17266448564158487,0.07274301753323732,0.12673698274269324,0.900316483353216
distributed,56,50,target_only,alphaearth,distributed_56_50_target_only_alphaearth,2751,0.8331466965285554,0.9168207024029574,0.8729832795541215,0.8263181526199184,830,298,135,1488,0.1573973100690658,0.10833993799870022,0.12395581086933001,0.9123258085237478
distributed,57,50,target_only,alphaearth,distributed_57_50_target_only_alphaearth,2751,0.8142857142857143,0.878003696857671,0.8449451526830715,0.7949415647408922,803,325,198,1425,0.1901126862958924,0.07733850318794085,0.13939503465306805,0.8839766783340544
distributed,58,50,target_only,alphaearth,distributed_58_50_target_only_alphaearth,2751,0.8249307479224377,0.9174368453481208,0.8687281213535589,0.8186475006882448,812,316,134,1489,0.16357688113413305,0.11409858092697177,0.12472478284059779,0.9134920010662331
distributed,59,50,target_only,alphaearth,distributed_59_50_target_only_alphaearth,2751,0.8730350665054414,0.8897104128157732,0.8812938663411657,0.8517701000249078,918,210,179,1444,0.14140312613595057,0.08125136633500983,0.11392817065909186,0.9171293201015543
distributed,60,50,target_only,alphaearth,distributed_60_50_target_only_alphaearth,2751,0.8808510638297873,0.8927911275415896,0.8867809057527539,0.8595161311466814,932,196,174,1449,0.13449654671028716,0.10109341120376378,0.11270034969660253,0.9244274458908511
distributed,61,50,target_only,alphaearth,distributed_61_50_target_only_alphaearth,2751,0.8493071593533488,0.9063462723351817,0.8769001490312965,0.8374816468058888,867,261,152,1471,0.15012722646310434,0.0563247194918004,0.11269237010280721,0.9164989752799954
distributed,62,50,target_only,alphaearth,distributed_62_50_target_only_alphaearth,2751,0.7844611528822055,0.9642637091805298,0.865118850193477,0.7915290177108323,698,430,58,1565,0.17739003998545982,0.11843451361529506,0.12015896676999288,0.9248387540803084
distributed,63,50,target_only,alphaearth,distributed_63_50_target_only_alphaearth,2751,0.8378684807256236,0.9106592729513248,0.8727487452022439,0.8285565868302723,842,286,145,1478,0.15667030170846966,0.07105439649420571,0.11793963721913296,0.905396931520737
distributed,64,50,target_only,alphaearth,distributed_64_50_target_only_alphaearth,2751,0.8730255164034022,0.8853974121996303,0.8791679412664424,0.8500568621281839,919,209,186,1437,0.14358415121773901,0.11565118168827905,0.11829566344949624,0.9255357384757235
distributed,65,50,target_only,alphaearth,distributed_65_50_target_only_alphaearth,2751,0.8458429561200924,0.9026494146642021,0.8733233979135618,0.8329736435023138,861,267,158,1465,0.15448927662668122,0.05871146510297477,0.1072845108839871,0.9239172707926396
distributed,66,50,target_only,alphaearth,distributed_66_50_target_only_alphaearth,2751,0.8429613011777902,0.9260628465804066,0.8825601879036994,0.8389179481128983,848,280,120,1503,0.14540167211922936,0.10495355892645024,0.12123463398189328,0.9125814422988685
distributed,67,50,target_only,alphaearth,distributed_67_50_target_only_alphaearth,2751,0.8963763509218055,0.8687615526802218,0.8823529411764706,0.8621290032904656,965,163,213,1410,0.1366775717920756,0.07594635231394553,0.10905395163948696,0.9196845654007333
distributed,68,50,target_only,alphaearth,distributed_68_50_target_only_alphaearth,2751,0.8200789622109419,0.895871842267406,0.856301531213192,0.8065352119138449,809,319,169,1454,0.17739003998545982,0.10436076609684074,0.12912297034857245,0.9076637694838817
distributed,69,50,target_only,alphaearth,distributed_69_50_target_only_alphaearth,2751,0.8460155781905333,0.8699938385705484,0.8578371810449574,0.8210784795689621,871,257,211,1412,0.17011995637949837,0.09284175729671622,0.13402088014177205,0.8923874665163453
distributed,70,50,target_only,alphaearth,distributed_70_50_target_only_alphaearth,2751,0.8615384615384616,0.8280961182994455,0.8444863336475024,0.8183033782986588,912,216,279,1344,0.17993456924754633,0.08854122678905105,0.13193726150150872,0.8927026389271246
distributed,71,50,target_only,alphaearth,distributed_71_50_target_only_alphaearth,2751,0.8442092886537331,0.884781269254467,0.8640192539109507,0.8249260956201413,863,265,187,1436,0.16430388949472918,0.08856005259565879,0.12453827807196566,0.9088119365678654
distributed,42,50,target_only,galileo,distributed_42_50_target_only_galileo,2751,0.8308065494238933,0.8441158348736907,0.8374083129584352,0.7983877046708878,849,279,253,1370,0.19338422391857507,0.1060009549384481,0.15182656382669651,0.8665274882779896
distributed,43,50,target_only,galileo,distributed_43_50_target_only_galileo,2751,0.7991452991452992,0.9217498459642637,0.8560801144492132,0.7942082563154651,752,376,127,1496,0.18284260268993094,0.09280309793929614,0.14346869335641987,0.8725015622064035
distributed,44,50,target_only,galileo,distributed_44_50_target_only_galileo,2751,0.8047058823529412,0.8428835489833642,0.8233523924164912,0.7742786539243062,796,332,255,1368,0.2133769538349691,0.129565146349248,0.16360452684408194,0.848181395104941
distributed,45,50,target_only,galileo,distributed_45_50_target_only_galileo,2751,0.7710360618202633,0.8299445471349353,0.799406528189911,0.7376673090284606,728,400,276,1347,0.24572882588149764,0.10189277385052126,0.17084020788899226,0.8241048448062647
distributed,46,50,target_only,galileo,distributed_46_50_target_only_galileo,2751,0.8412397216951296,0.8194701170671596,0.8302122347066168,0.7984761932853528,877,251,293,1330,0.19774627408215195,0.15331313922200454,0.1678858796296434,0.8624176837395069
distributed,47,50,target_only,galileo,distributed_47_50_target_only_galileo,2751,0.7861050328227571,0.8853974121996303,0.8328020863517821,0.7693831032629357,737,391,186,1437,0.20974191203198836,0.1517589094098887,0.1818533108911409,0.7913269140852025
distributed,48,50,target_only,galileo,distributed_48_50_target_only_galileo,2751,0.8204667863554758,0.844731977818854,0.8324225865209471,0.7893872655051717,828,300,252,1371,0.20065430752453653,0.0989699019355246,0.14815884942778815,0.8756822362930045
distributed,49,50,target_only,galileo,distributed_49_50_target_only_galileo,2751,0.7948220064724919,0.7566235366605052,0.7752525252525253,0.7377975839330895,811,317,395,1228,0.2588149763722283,0.14673591085615026,0.18205409589193267,0.8114662672662043
distributed,50,50,target_only,galileo,distributed_50_50_target_only_galileo,2751,0.7816571130797291,0.9242144177449169,0.846979107848673,0.7763802585178485,709,419,123,1500,0.1970192657215558,0.12337176631255932,0.15636690401876016,0.8636204734250119
distributed,51,50,target_only,galileo,distributed_51_50_target_only_galileo,2751,0.773471615720524,0.8730745532963647,0.820260492040521,0.7525833759389625,713,415,206,1417,0.2257360959651036,0.14240206466298716,0.17517231653405105,0.8242714437409053
distributed,52,50,target_only,galileo,distributed_52_50_target_only_galileo,2751,0.7789281364190013,0.7880468268638324,0.7834609494640122,0.7331191581127673,765,363,344,1279,0.25699745547073793,0.0814138018856424,0.17074996257256833,0.8157290150889476
distributed,53,50,target_only,galileo,distributed_53_50_target_only_galileo,2751,0.7730024213075061,0.7868145409735059,0.7798473282442748,0.7271838662314338,753,375,346,1277,0.26208651399491095,0.13150170123222749,0.17947124905704853,0.8013583548546384
distributed,54,50,target_only,galileo,distributed_54_50_target_only_galileo,2751,0.7819025522041764,0.8305606900800986,0.8054974604123095,0.7486136783733826,752,376,275,1348,0.2366412213740458,0.09299231765926884,0.16834798309686244,0.8142416416495151
distributed,55,50,target_only,galileo,distributed_55_50_target_only_galileo,2751,0.78375470683163,0.8977202711028959,0.8368753589890867,0.7706686461897458,726,402,166,1457,0.2064703744093057,0.08296390795312596,0.1592560768296292,0.8174714760774855
distributed,56,50,target_only,galileo,distributed_56_50_target_only_galileo,2751,0.7504898758981058,0.7079482439926063,0.7285986049461002,0.6846478808615514,746,382,474,1149,0.31115957833515084,0.14814793474385377,0.19777606938821576,0.741239627167971
distributed,57,50,target_only,galileo,distributed_57_50_target_only_galileo,2751,0.7553133514986377,0.8539741219963032,0.8016194331983806,0.7279622383031161,679,449,237,1386,0.24936386768447838,0.05890681610393321,0.16690203353783792,0.8118688358394184
distributed,58,50,target_only,galileo,distributed_58_50_target_only_galileo,2751,0.7800616649537513,0.9353049907578558,0.8506584477444662,0.7779361833221903,700,428,105,1518,0.19374772809887314,0.11564753563733199,0.15833268402477324,0.8444861761120067
distributed,59,50,target_only,galileo,distributed_59_50_target_only_galileo,2751,0.8151027207107163,0.904497843499692,0.8574766355140186,0.8046425387711226,795,333,155,1468,0.17739003998545982,0.11287643846087908,0.14504867454648346,0.872832028945609
distributed,60,50,target_only,galileo,distributed_60_50_target_only_galileo,2751,0.8208868144690782,0.866913123844732,0.8432724003596045,0.797375001638678,821,307,216,1407,0.1901126862958924,0.12694715382187727,0.1536850200818131,0.8619610387907867
distributed,61,50,target_only,galileo,distributed_61_50_target_only_galileo,2751,0.8050847457627118,0.878003696857671,0.8399646330680813,0.7860763165139419,783,345,198,1425,0.19738276990185388,0.11159634354485895,0.15335840787163912,0.8564523494273366
distributed,62,50,target_only,galileo,distributed_62_50_target_only_galileo,2751,0.7748377433849226,0.9562538508934073,0.8560397131825703,0.7782155779289732,677,451,71,1552,0.18974918211559433,0.08680416065401907,0.14879858461838094,0.8596270150277702
distributed,63,50,target_only,galileo,distributed_63_50_target_only_galileo,2751,0.801487414187643,0.8632162661737524,0.8312073568673984,0.7777960763492875,781,347,222,1401,0.20683387858960378,0.13169571775305017,0.16150319136440483,0.8509310968655366
distributed,64,50,target_only,galileo,distributed_64_50_target_only_galileo,2751,0.8185460789925587,0.8810844115834874,0.8486646884272997,0.8000280213945805,811,317,193,1430,0.18538713195201745,0.11241376230952085,0.14686254584779634,0.8750415131771563
distributed,65,50,target_only,galileo,distributed_65_50_target_only_galileo,2751,0.7953514739229025,0.8644485520640789,0.8284617655742545,0.7722065455355855,767,361,220,1403,0.21119592875318066,0.06871084291898956,0.14561052461655818,0.8688265535760326
distributed,66,50,target_only,galileo,distributed_66_50_target_only_galileo,2751,0.7809076682316118,0.922365988909427,0.8457627118644068,0.775012781688756,708,420,126,1497,0.1984732824427481,0.09231438620771786,0.14250634991479985,0.8790863168198284
distributed,67,50,target_only,galileo,distributed_67_50_target_only_galileo,2751,0.7701333333333333,0.8897104128157732,0.8256146369353916,0.7538091071171065,697,431,179,1444,0.2217375499818248,0.10188228430876153,0.16787836020798566,0.8266458882290478
distributed,68,50,target_only,galileo,distributed_68_50_target_only_galileo,2751,0.7761116856256464,0.9248305606900801,0.8439696373348328,0.7704826562315649,695,433,122,1501,0.20174482006543076,0.08803569037993493,0.15052224045028156,0.8636210196510272
distributed,69,50,target_only,galileo,distributed_69_50_target_only_galileo,2751,0.8044662309368191,0.9100431300061614,0.854004047412547,0.7958903593293218,769,359,146,1477,0.18356961105052708,0.14178023384502872,0.15653193458675502,0.8725889583688381
distributed,70,50,target_only,galileo,distributed_70_50_target_only_galileo,2751,0.8258495145631068,0.8385705483672212,0.8321614185264445,0.792068962126873,841,287,262,1361,0.19956379498364232,0.09934414304628389,0.15418999510937495,0.8546776611039009
distributed,71,50,target_only,galileo,distributed_71_50_target_only_galileo,2751,0.803490990990991,0.8792359827479975,0.8396587231538688,0.7849194098137151,779,349,196,1427,0.19810977826245002,0.1241750987473667,0.16218060369136794,0.8455720734302558
distributed,42,50,target_only,presto_primary,distributed_42_50_target_only_presto_primary,2751,0.8293723339427178,0.8385705483672212,0.8339460784313726,0.7951717990063056,848,280,262,1361,0.1970192657215558,0.06947696132412767,0.14737346331581463,0.8694858483763979
distributed,43,50,target_only,presto_primary,distributed_43_50_target_only_presto_primary,2751,0.8192401960784313,0.8237831176833025,0.821505376344086,0.7811291474941335,833,295,286,1337,0.21119592875318066,0.06215081062508618,0.14619846121332392,0.8659905481050326
distributed,44,50,target_only,presto_primary,distributed_44_50_target_only_presto_primary,2751,0.8547794117647058,0.8595194085027726,0.8571428571428571,0.8247065127620246,891,237,228,1395,0.16902944383860413,0.12028456412052627,0.13803769081089917,0.8998358044598261
distributed,45,50,target_only,presto_primary,distributed_45_50_target_only_presto_primary,2751,0.8363994743758213,0.7843499691928527,0.8095389507154213,0.7818026441708945,879,249,350,1273,0.21773900399854598,0.1036660536026174,0.1514923205867497,0.8681699899057433
distributed,46,50,target_only,presto_primary,distributed_46_50_target_only_presto_primary,2751,0.8557630392788153,0.8188539741219963,0.8369017632241813,0.8101362069191542,904,224,294,1329,0.18829516539440203,0.07278755828615437,0.13221386537130006,0.8953201539920382
distributed,47,50,target_only,presto_primary,distributed_47_50_target_only_presto_primary,2751,0.8203957382039574,0.6642020948860136,0.7340823970037453,0.7274911183649926,892,236,545,1078,0.28389676481279535,0.1256861227667846,0.1668632391317933,0.8419216449705694
distributed,48,50,target_only,presto_primary,distributed_48_50_target_only_presto_primary,2751,0.8432501599488164,0.8120764017252002,0.8273697426239799,0.7974389100824583,883,245,305,1318,0.1999272991639404,0.05705667499108272,0.13784938388030882,0.8797690993388481
distributed,49,50,target_only,presto_primary,distributed_49_50_target_only_presto_primary,2751,0.8565840938722294,0.8096118299445472,0.8324358568261008,0.8072881844758197,908,220,309,1314,0.19229371137768084,0.09534128439424513,0.13924238134367078,0.891153541947973
distributed,50,50,target_only,presto_primary,distributed_50_50_target_only_presto_primary,2751,0.7463917525773196,0.8921749845964264,0.8127982037608756,0.7280023859152345,636,492,175,1448,0.242457288258815,0.08116145861146988,0.1466830985293165,0.8725671093282293
distributed,51,50,target_only,presto_primary,distributed_51_50_target_only_presto_primary,2751,0.8047457627118644,0.7313616759088108,0.7663008392511298,0.7380212634863204,840,288,436,1187,0.26317702653580516,0.06487829807399434,0.17656216975766584,0.8114952172450107
distributed,52,50,target_only,presto_primary,distributed_52_50_target_only_presto_primary,2751,0.7793296089385475,0.8595194085027726,0.8174626428362145,0.7546710517691169,733,395,228,1395,0.22646310432569974,0.07088778194836896,0.14831795866552355,0.8591752861131867
distributed,53,50,target_only,presto_primary,distributed_53_50_target_only_presto_primary,2751,0.7924137931034483,0.7079482439926063,0.7478034493979824,0.7205521361807004,827,301,474,1149,0.2817157397310069,0.08356980962186872,0.1880264471643306,0.7911442014831129
distributed,54,50,target_only,presto_primary,distributed_54_50_target_only_presto_primary,2751,0.7990788716177317,0.8552064078866297,0.8261904761904761,0.7729046223830311,779,349,235,1388,0.2122864412940749,0.07800758116315919,0.14874463280063052,0.8553402332603575
distributed,55,50,target_only,presto_primary,distributed_55_50_target_only_presto_primary,2751,0.7742392073602264,0.674060382008626,0.7206851119894598,0.6956294817844548,809,319,529,1094,0.3082515448927663,0.10555906431033128,0.19701194121068863,0.7836054631341138
distributed,56,50,target_only,presto_primary,distributed_56_50_target_only_presto_primary,2751,0.7882787750791974,0.9199014171287738,0.8490190503269832,0.7822024816140323,727,401,130,1493,0.193020719738277,0.10098469195251729,0.14185736695795878,0.8874812644476782
distributed,57,50,target_only,presto_primary,distributed_57_50_target_only_presto_primary,2751,0.7870370370370371,0.7855822550831792,0.786308973172988,0.739865595626696,783,345,348,1275,0.25190839694656486,0.09959116086570668,0.16442800620079734,0.821266654431204
distributed,58,50,target_only,presto_primary,distributed_58_50_target_only_presto_primary,2751,0.8096141682479443,0.7886629698089956,0.7990012484394506,0.7609094990888949,827,301,343,1280,0.2340966921119593,0.0735446220119391,0.15674602451301894,0.8482616903291778
distributed,59,50,target_only,presto_primary,distributed_59_50_target_only_presto_primary,2751,0.8451882845188284,0.8712261244608749,0.8580097087378641,0.8208080976914304,869,259,209,1414,0.17011995637949837,0.11543895163532869,0.14322850140257398,0.8814290801990885
distributed,60,50,target_only,presto_primary,distributed_60_50_target_only_presto_primary,2751,0.819270549809472,0.9272951324707333,0.869942196531792,0.8164844456679907,796,332,118,1505,0.16357688113413305,0.08142683903974364,0.1288589803892533,0.8965076493491172
distributed,61,50,target_only,presto_primary,distributed_61_50_target_only_presto_primary,2751,0.8233532934131736,0.8471965495995071,0.8351047676890373,0.7928358634522359,833,295,248,1375,0.19738276990185388,0.06414419174795263,0.14357610740037016,0.8691013052616859
distributed,62,50,target_only,presto_primary,distributed_62_50_target_only_presto_primary,2751,0.7804878048780488,0.9463955637707948,0.8554720133667502,0.7817084201832698,696,432,87,1536,0.18865866957470012,0.04251154093624012,0.13620803393501016,0.8728249280074112
distributed,63,50,target_only,presto_primary,distributed_63_50_target_only_presto_primary,2751,0.832339297548045,0.773875539125077,0.8020434227330779,0.7747923794916165,875,253,367,1256,0.22537259178480554,0.08803083575171121,0.15526564698081252,0.8599776921295388
distributed,64,50,target_only,presto_primary,distributed_64_50_target_only_presto_primary,2751,0.7899794097460535,0.7091805298829328,0.7474025974025974,0.718951967069126,822,306,472,1151,0.28280625227190115,0.0863787937027976,0.17673915007731864,0.8120933347316719
distributed,65,50,target_only,presto_primary,distributed_65_50_target_only_presto_primary,2751,0.829607250755287,0.8459642637091805,0.837705918242831,0.7979821318545903,846,282,250,1373,0.19338422391857507,0.046254104913276646,0.13164483342377856,0.8895563770794824
distributed,66,50,target_only,presto_primary,distributed_66_50_target_only_presto_primary,2751,0.7974401780745687,0.8829328404189772,0.8380116959064328,0.7801189024789922,764,364,190,1433,0.20138131588513267,0.07913919847418038,0.14172991160448212,0.8832725930004413
distributed,67,50,target_only,presto_primary,distributed_67_50_target_only_presto_primary,2751,0.8682745825602969,0.8650646950092421,0.8666666666666667,0.8381174538875997,915,213,219,1404,0.15703380588876772,0.12039168793039451,0.12966427822594265,0.9128135883553353
distributed,68,50,target_only,presto_primary,distributed_68_50_target_only_presto_primary,2751,0.7983050847457627,0.8706099815157117,0.8328912466843501,0.777060309906792,771,357,210,1413,0.20610687022900764,0.08827913000608775,0.15228135683426622,0.8592927247064582
distributed,69,50,target_only,presto_primary,distributed_69_50_target_only_presto_primary,2751,0.8272151898734177,0.8052988293284042,0.8161098969715891,0.7816387763663297,855,273,316,1307,0.21410396219556524,0.05275049532837516,0.14808188744264186,0.8652291090398221
distributed,70,50,target_only,presto_primary,distributed_70_50_target_only_presto_primary,2751,0.8618421052631579,0.807147258163894,0.8335984727966911,0.8104885226989682,918,210,313,1310,0.1901126862958924,0.12438831267082341,0.15379066677291192,0.8400278793758165
distributed,71,50,target_only,presto_primary,distributed_71_50_target_only_presto_primary,2751,0.7683369644153958,0.651879235982748,0.7053333333333334,0.6845389087715159,809,319,565,1058,0.32133769538349694,0.08861780306726688,0.19775415679859615,0.7694800583806365
distributed,42,50,target_only,temporal_reconstructed,distributed_42_50_target_only_temporal_reconstructed,2751,0.7927876359473383,0.8533579790511399,0.8219584569732937,0.7662179966177685,766,362,238,1385,0.21810250817884405,0.05559194351956767,0.14861815287573069,0.8638957713366805
distributed,43,50,target_only,temporal_reconstructed,distributed_43_50_target_only_temporal_reconstructed,2751,0.8650519031141869,0.7701786814540974,0.8148631029986962,0.7986531705142828,933,195,373,1250,0.2064703744093057,0.11809538624178822,0.16095018391184504,0.869071262830849
distributed,44,50,target_only,temporal_reconstructed,distributed_44_50_target_only_temporal_reconstructed,2751,0.8441640378548896,0.8243992606284658,0.8341645885286783,0.802713814711396,881,247,285,1338,0.19338422391857507,0.13939614814938694,0.15804801971780025,0.8786870256027058
distributed,45,50,target_only,temporal_reconstructed,distributed_45_50_target_only_temporal_reconstructed,2751,0.813579511614056,0.8416512630930376,0.8273773470623864,0.7820844967947458,815,313,257,1366,0.20719738276990185,0.11098829641499211,0.15211081481302127,0.8785471917428105
distributed,46,50,target_only,temporal_reconstructed,distributed_46_50_target_only_temporal_reconstructed,2751,0.8132271892222903,0.818237831176833,0.8157248157248157,0.7739238801274235,823,305,295,1328,0.21810250817884405,0.08550992130505862,0.1583325169588221,0.8542128227649524
distributed,47,50,target_only,temporal_reconstructed,distributed_47_50_target_only_temporal_reconstructed,2751,0.832111925383078,0.7695625385089341,0.7996158770806658,0.7730791415948925,876,252,374,1249,0.22755361686659398,0.13046792852748257,0.17063363635161768,0.85787909177908
distributed,48,50,target_only,temporal_reconstructed,distributed_48_50_target_only_temporal_reconstructed,2751,0.8141104294478527,0.8176216882316697,0.815862280971411,0.7745023334775369,825,303,296,1327,0.21773900399854598,0.09427319971365036,0.15562902301185264,0.8566326040123579
distributed,49,50,target_only,temporal_reconstructed,distributed_49_50_target_only_temporal_reconstructed,2751,0.8576364892881825,0.7646333949476278,0.8084690553745928,0.7910046407362252,922,206,382,1241,0.21374045801526717,0.13167968720098505,0.15525946409776348,0.8802792744370594
distributed,50,50,target_only,temporal_reconstructed,distributed_50_50_target_only_temporal_reconstructed,2751,0.7931034482758621,0.8927911275415896,0.84,0.778842372281433,750,378,174,1449,0.20065430752453653,0.08228373772857614,0.14093532554938643,0.8812717671067063
distributed,51,50,target_only,temporal_reconstructed,distributed_51_50_target_only_temporal_reconstructed,2751,0.8022105875509017,0.8496611213801601,0.8252543387193297,0.7741213408319241,788,340,244,1379,0.2122864412940749,0.1102115757068465,0.1520923458660283,0.8762224538220527
distributed,52,50,target_only,temporal_reconstructed,distributed_52_50_target_only_temporal_reconstructed,2751,0.8091557669441142,0.8385705483672212,0.8236006051437217,0.7769980401410574,807,321,262,1361,0.2119229371137768,0.07565623370319137,0.1479182381694991,0.8747492822590162
distributed,53,50,target_only,temporal_reconstructed,distributed_53_50_target_only_temporal_reconstructed,2751,0.8014545454545454,0.6789895255699322,0.7351567711807871,0.7184841244870938,855,273,521,1102,0.2886223191566703,0.12500279995787555,0.180404508015295,0.8228845758882728
distributed,54,50,target_only,temporal_reconstructed,distributed_54_50_target_only_temporal_reconstructed,2751,0.8419220055710307,0.744916820702403,0.7904543968617195,0.771837842975315,901,227,414,1209,0.23300617957106506,0.10582496158368987,0.15949999041372565,0.850344450125195
distributed,55,50,target_only,temporal_reconstructed,distributed_55_50_target_only_temporal_reconstructed,2751,0.8103975535168195,0.8163894023413432,0.8133824432166974,0.7707833536529412,818,310,298,1325,0.22101054162122866,0.07356845442923055,0.1568810385349291,0.8527003229288203
distributed,56,50,target_only,temporal_reconstructed,distributed_56_50_target_only_temporal_reconstructed,2751,0.8042959427207638,0.8305606900800986,0.8172173385874507,0.7698902741180635,800,328,275,1348,0.21919302071973829,0.09326081004903794,0.1521322899877939,0.8692100042387138
distributed,57,50,target_only,temporal_reconstructed,distributed_57_50_target_only_temporal_reconstructed,2751,0.7833769633507853,0.7375231053604436,0.7597588067280229,0.7220416945241934,797,331,426,1197,0.2751726644856416,0.10135154675466289,0.17702604625726762,0.8086881617528173
distributed,58,50,target_only,temporal_reconstructed,distributed_58_50_target_only_temporal_reconstructed,2751,0.7971264367816092,0.8545902649414664,0.8248587570621468,0.7708235012650595,775,353,236,1387,0.21410396219556524,0.09682096265126991,0.14839122140583916,0.8720613040381398
distributed,59,50,target_only,temporal_reconstructed,distributed_59_50_target_only_temporal_reconstructed,2751,0.8126550868486352,0.807147258163894,0.8098918083462133,0.7697083808549967,826,302,313,1310,0.22355507088331517,0.08187842920175728,0.15900634675724554,0.8522961156775607
distributed,60,50,target_only,temporal_reconstructed,distributed_60_50_target_only_temporal_reconstructed,2751,0.8043981481481481,0.8564386937769563,0.8296031035511787,0.7783966518530172,790,338,233,1390,0.20756088695019992,0.08290859836858519,0.14154684492876474,0.8835041928308929
distributed,61,50,target_only,temporal_reconstructed,distributed_61_50_target_only_temporal_reconstructed,2751,0.8346799254195152,0.8274799753542822,0.8310643564356436,0.7958321862587014,862,266,280,1343,0.1984732824427481,0.10765751268418905,0.1480926838728765,0.8834217127025953
distributed,62,50,target_only,temporal_reconstructed,distributed_62_50_target_only_temporal_reconstructed,2751,0.8119349005424955,0.8299445471349353,0.8208409506398537,0.7766744012270421,816,312,276,1347,0.21374045801526717,0.06818447159469608,0.15077128192654596,0.8499369655178441
distributed,63,50,target_only,temporal_reconstructed,distributed_63_50_target_only_temporal_reconstructed,2751,0.8103756708407871,0.8373382624768947,0.8236363636363636,0.7777116844299368,810,318,264,1359,0.21155943293347873,0.08105045689996893,0.15042984656829028,0.8714932289823154
distributed,64,50,target_only,temporal_reconstructed,distributed_64_50_target_only_temporal_reconstructed,2751,0.8137737174982431,0.7134935304990758,0.7603414313854235,0.7392822262424457,863,265,465,1158,0.2653580516175936,0.11418513118534918,0.16820901266374413,0.8377331838858956
distributed,65,50,target_only,temporal_reconstructed,distributed_65_50_target_only_temporal_reconstructed,2751,0.8061420345489443,0.7763401109057301,0.7909604519774012,0.7538615448145671,825,303,363,1260,0.2420937840785169,0.0748810262402647,0.15532164897536474,0.8549190930026261
distributed,66,50,target_only,temporal_reconstructed,distributed_66_50_target_only_temporal_reconstructed,2751,0.819377990430622,0.8441158348736907,0.8315629742033384,0.7881926692098951,826,302,253,1370,0.20174482006543076,0.090106242077785,0.14693522431859996,0.8792840506373365
distributed,67,50,target_only,temporal_reconstructed,distributed_67_50_target_only_temporal_reconstructed,2751,0.8704986149584487,0.7744916820702403,0.8196935115748288,0.8043557701131343,941,187,366,1257,0.2010178117048346,0.11609381389987285,0.15137091132954356,0.8854662366775474
distributed,68,50,target_only,temporal_reconstructed,distributed_68_50_target_only_temporal_reconstructed,2751,0.7879690291840381,0.8151571164510166,0.8013325257419746,0.749777139785792,772,356,300,1323,0.23845874227553618,0.10939594379041036,0.16048189672473925,0.8549070760302915
distributed,69,50,target_only,temporal_reconstructed,distributed_69_50_target_only_temporal_reconstructed,2751,0.819047619047619,0.7948243992606284,0.8067542213883677,0.7710824123962716,843,285,333,1290,0.22464558342420937,0.11287338997165075,0.1710829967800301,0.836480687633006
distributed,70,50,target_only,temporal_reconstructed,distributed_70_50_target_only_temporal_reconstructed,2751,0.8435239973701513,0.7905113986444855,0.8161577608142494,0.7897592454215335,890,238,340,1283,0.21010541621228643,0.07044232282354722,0.15161753590875401,0.863066054019568
distributed,71,50,target_only,temporal_reconstructed,distributed_71_50_target_only_temporal_reconstructed,2751,0.8081431215299199,0.807147258163894,0.8076448828606658,0.765719019152869,817,311,313,1310,0.2268266085059978,0.11308348293509508,0.17189032602319154,0.8373082200460578
distributed,42,100,target_only,alphaearth,distributed_42_100_target_only_alphaearth,2751,0.8226600985221675,0.9260628465804066,0.871304347826087,0.8194144020136076,804,324,120,1503,0.1613958560523446,0.05223119587125784,0.11255000804087698,0.9155469033354745
distributed,43,100,target_only,alphaearth,distributed_43_100_target_only_alphaearth,2751,0.8705035971223022,0.8946395563770795,0.8824065633546034,0.8515750973374758,912,216,171,1452,0.1406761177753544,0.08275289031227197,0.1136382151867485,0.9174073491432991
distributed,44,100,target_only,alphaearth,distributed_44_100_target_only_alphaearth,2751,0.8710635769459298,0.9032655576093653,0.8868723532970357,0.8554448355422712,911,217,157,1466,0.13595056343147946,0.06452901984468291,0.10542475841128397,0.9229695686562402
distributed,45,100,target_only,alphaearth,distributed_45_100_target_only_alphaearth,2751,0.8822418136020151,0.8632162661737524,0.8726253503581439,0.8487180621648904,941,187,222,1401,0.14867320974191203,0.1091717565856545,0.11734124721196489,0.9224719567563788
distributed,46,100,target_only,alphaearth,distributed_46_100_target_only_alphaearth,2751,0.8898531375166889,0.8213185459026494,0.8542133931432233,0.8375209750789843,963,165,290,1333,0.16539440203562342,0.05012764778281441,0.12036078788674674,0.9018868831469611
distributed,47,100,target_only,alphaearth,distributed_47_100_target_only_alphaearth,2751,0.8908496732026144,0.8398028342575478,0.8645734221376467,0.8458765944337384,961,167,260,1363,0.15521628498727735,0.09040556328665059,0.11846185321425724,0.9161805255131246
distributed,48,100,target_only,alphaearth,distributed_48_100_target_only_alphaearth,2751,0.8655409631019387,0.8527418361059765,0.8590937306021105,0.8310694996132719,913,215,239,1384,0.16503089785532535,0.046693767465290754,0.11488710668353369,0.9141835232014962
distributed,49,100,target_only,alphaearth,distributed_49_100_target_only_alphaearth,2751,0.8733650416171225,0.9051139864448552,0.8889561270801816,0.8581420996054063,915,213,154,1469,0.13340603416939295,0.0805504772162198,0.10564985342506227,0.9264326415927077
distributed,50,100,target_only,alphaearth,distributed_50_100_target_only_alphaearth,2751,0.8751493428912783,0.9026494146642021,0.8886866848650288,0.8586828633604698,919,209,158,1465,0.13340603416939295,0.046295386565169294,0.10023182354237226,0.926238731357306
distributed,51,100,target_only,alphaearth,distributed_51_100_target_only_alphaearth,2751,0.8675577156743621,0.8798521256931608,0.8736616702355461,0.8432948571728216,910,218,195,1428,0.15012722646310434,0.0510870687730994,0.11274393297594848,0.9154354732283704
distributed,52,100,target_only,alphaearth,distributed_52_100_target_only_alphaearth,2751,0.9,0.8595194085027726,0.8792940434919635,0.861054030492521,973,155,228,1395,0.13922210105416213,0.06028831393235201,0.1100755730048394,0.918503624755837
distributed,53,100,target_only,alphaearth,distributed_53_100_target_only_alphaearth,2751,0.8688930117501547,0.8656808379544054,0.8672839506172839,0.838868787771529,916,212,218,1405,0.1563067975281716,0.1147505933856544,0.1256053371971203,0.9016629304807227
distributed,54,100,target_only,alphaearth,distributed_54_100_target_only_alphaearth,2751,0.8955414012738854,0.8662969808995687,0.8806764797995615,0.8604534549887914,964,164,217,1406,0.13849509269356597,0.07471599999749531,0.10776656926644021,0.9253298112679872
distributed,55,100,target_only,alphaearth,distributed_55_100_target_only_alphaearth,2751,0.8436965202509983,0.911275415896488,0.8761848341232228,0.8341838072390242,854,274,144,1479,0.1519447473645947,0.09234007368771736,0.11657395387355854,0.9236261323265296
distributed,56,100,target_only,alphaearth,distributed_56_100_target_only_alphaearth,2751,0.8685446009389671,0.9118915588416513,0.8896904117823865,0.8566549992789817,904,224,143,1480,0.13340603416939295,0.09545942918847557,0.11263273078239618,0.922981585628575
distributed,57,100,target_only,alphaearth,distributed_57_100_target_only_alphaearth,2751,0.8714198659354052,0.8810844115834874,0.8762254901960784,0.8470138369974174,917,211,193,1430,0.14685568884042166,0.1172259706637714,0.12496649271524007,0.9143861730531411
distributed,58,100,target_only,alphaearth,distributed_58_100_target_only_alphaearth,2751,0.8829854522454142,0.860135551447936,0.8714107365792759,0.8480642296246772,943,185,227,1396,0.14976372228280624,0.06926242361252206,0.11264830149989963,0.9177776903816154
distributed,59,100,target_only,alphaearth,distributed_59_100_target_only_alphaearth,2751,0.9050064184852374,0.8687615526802218,0.8865136749449859,0.8687779394606783,980,148,213,1410,0.1312250090876045,0.08511850975750539,0.10741918250518817,0.9289933491520388
distributed,60,100,target_only,alphaearth,distributed_60_100_target_only_alphaearth,2751,0.8401800787844682,0.9199014171287738,0.8782352941176471,0.8340641837416919,844,284,130,1493,0.1504907306434024,0.07139334827725538,0.11046726417352008,0.9217542157723854
distributed,61,100,target_only,alphaearth,distributed_61_100_target_only_alphaearth,2751,0.8598351001177856,0.8995686999383857,0.8792532369768142,0.8442878960684836,890,238,163,1460,0.14576517629952745,0.05970977059154742,0.10996594227160066,0.9170146126383592
distributed,62,100,target_only,alphaearth,distributed_62_100_target_only_alphaearth,2751,0.8723786698621929,0.8971041281577325,0.8845686512758202,0.854137170461845,915,213,167,1456,0.1381315885132679,0.07460473027004,0.10748780822900779,0.9267598309758219
distributed,63,100,target_only,alphaearth,distributed_63_100_target_only_alphaearth,2751,0.8618581907090465,0.8687615526802218,0.8652961030991102,0.8342034713755719,902,226,213,1410,0.15957833515085423,0.04434209235409657,0.11263072717582755,0.9119046682660165
distributed,64,100,target_only,alphaearth,distributed_64_100_target_only_alphaearth,2751,0.8627678054429647,0.9180529882932841,0.8895522388059701,0.8539733026572803,891,237,133,1490,0.13449654671028716,0.12386486100219307,0.12219617355130824,0.9084547047539142
distributed,65,100,target_only,alphaearth,distributed_65_100_target_only_alphaearth,2751,0.8727057430432208,0.9081947011706716,0.8900966183574879,0.8587959321456196,913,215,149,1474,0.13231552162849872,0.05409258628569821,0.10480975424452135,0.9227985999134779
distributed,66,100,target_only,alphaearth,distributed_66_100_target_only_alphaearth,2751,0.8828996282527881,0.878003696857671,0.8804448563484708,0.8552252526841546,939,189,198,1425,0.1406761177753544,0.07167196866742633,0.11443618214041903,0.9111481452349427
distributed,67,100,target_only,alphaearth,distributed_67_100_target_only_alphaearth,2751,0.8782874617737003,0.884781269254467,0.8815224063842848,0.8541814147690774,929,199,187,1436,0.14031261359505634,0.057146724246473296,0.10471851398254808,0.9272115598904053
distributed,68,100,target_only,alphaearth,distributed_68_100_target_only_alphaearth,2751,0.8413433700057904,0.8952556993222428,0.8674626865671642,0.8261739489519015,854,274,170,1453,0.1613958560523446,0.06162326129975841,0.11727146264211667,0.908550294306577
distributed,69,100,target_only,alphaearth,distributed_69_100_target_only_alphaearth,2751,0.8836477987421384,0.8656808379544054,0.8745720510426392,0.8508368728779119,943,185,218,1405,0.1464921846601236,0.07810759792874224,0.1174824998943115,0.9117910532548517
distributed,70,100,target_only,alphaearth,distributed_70_100_target_only_alphaearth,2751,0.8653733098177543,0.906962415280345,0.8856799037304453,0.851974115441591,899,229,151,1472,0.1381315885132679,0.09871861773830436,0.11627097467748942,0.9163602338721306
distributed,71,100,target_only,alphaearth,distributed_71_100_target_only_alphaearth,2751,0.8425556189389618,0.9100431300061614,0.875,0.8326811394711658,852,276,146,1477,0.15339876408578698,0.0762390910247062,0.10959229479256855,0.9278932499573944
distributed,42,100,target_only,galileo,distributed_42_100_target_only_galileo,2751,0.8157749586321015,0.911275415896488,0.8608847497089639,0.8075880625581731,794,334,144,1479,0.1737549981824791,0.11031150001198947,0.14351157706445078,0.8781063873485315
distributed,43,100,target_only,galileo,distributed_43_100_target_only_galileo,2751,0.8020223523150612,0.9285274183610598,0.8606510565391206,0.7993700921592533,756,372,116,1507,0.17739003998545982,0.11149798896510595,0.14475652065925226,0.8722830718003173
distributed,44,100,target_only,galileo,distributed_44_100_target_only_galileo,2751,0.8181299885974914,0.8841651263093038,0.849866745632218,0.8006818539347937,809,319,188,1435,0.18429661941112324,0.0796522169837333,0.13882670869237906,0.871482304462011
distributed,45,100,target_only,galileo,distributed_45_100_target_only_galileo,2751,0.8097165991902834,0.862600123228589,0.8353221957040573,0.7854667282809612,799,329,223,1400,0.20065430752453653,0.10563450392386506,0.15688488150896088,0.857088702735063
distributed,46,100,target_only,galileo,distributed_46_100_target_only_galileo,2751,0.8283492822966507,0.8533579790511399,0.8406676783004552,0.7994626774688323,841,287,238,1385,0.19083969465648856,0.13347479676803498,0.15859045032122063,0.8676417893490296
distributed,47,100,target_only,galileo,distributed_47_100_target_only_galileo,2751,0.8219101123595506,0.9014171287738756,0.8598295621510432,0.8101943799897746,811,317,160,1463,0.173391494002181,0.10926967766427909,0.1399422659578295,0.8833244844718868
distributed,48,100,target_only,galileo,distributed_48_100_target_only_galileo,2751,0.8238372093023256,0.8730745532963647,0.8477415495064313,0.8022287660098846,825,303,206,1417,0.18502362777171938,0.06625097148195139,0.13718473899463138,0.8808140297059557
distributed,49,100,target_only,galileo,distributed_49_100_target_only_galileo,2751,0.782051282051282,0.9020332717190388,0.8377682403433476,0.7701655720297322,720,408,159,1464,0.20610687022900764,0.10570487775050784,0.15691357324120356,0.848024628238574
distributed,50,100,target_only,galileo,distributed_50_100_target_only_galileo,2751,0.8183411214953271,0.8632162661737524,0.8401799100449775,0.7937535231577981,817,311,222,1401,0.19374772809887314,0.10386892362834943,0.1506342133165325,0.859406339717623
distributed,51,100,target_only,galileo,distributed_51_100_target_only_galileo,2751,0.8372235872235873,0.8398028342575478,0.8385112273146724,0.8024368781216817,863,265,260,1363,0.19083969465648856,0.1024628092310066,0.14904044124343552,0.8724687886454906
distributed,52,100,target_only,galileo,distributed_52_100_target_only_galileo,2751,0.8203799654576857,0.878003696857671,0.8482142857142857,0.80070397608841,816,312,198,1425,0.18538713195201745,0.09916705860998651,0.14538320693212897,0.8699545102974529
distributed,53,100,target_only,galileo,distributed_53_100_target_only_galileo,2751,0.792528735632184,0.8496611213801601,0.8201011002081475,0.7648128301936261,767,361,244,1379,0.21992002908033442,0.1161994583074147,0.1594097785992627,0.8385710945932365
distributed,54,100,target_only,galileo,distributed_54_100_target_only_galileo,2751,0.8053392658509455,0.8921749845964264,0.8465361005553932,0.790945648326582,778,350,175,1448,0.19083969465648856,0.09523729788218357,0.14336250368763037,0.8824439681353592
distributed,55,100,target_only,galileo,distributed_55_100_target_only_galileo,2751,0.7880718008106543,0.8385705483672212,0.8125373134328359,0.7570512316304191,762,366,262,1361,0.22828062522719011,0.0753927690585249,0.15892355309149228,0.8363943839226019
distributed,56,100,target_only,galileo,distributed_56_100_target_only_galileo,2751,0.7857142857142857,0.9014171287738756,0.8395982783357245,0.7738468622592782,729,399,160,1463,0.20319883678662304,0.11160878997739355,0.15894183897730596,0.849257460354916
distributed,57,100,target_only,galileo,distributed_57_100_target_only_galileo,2751,0.7978021978021979,0.8946395563770795,0.8434504792332268,0.7841992108126532,760,368,171,1452,0.19592875318066158,0.09825507300713134,0.15194621257557991,0.8577256022688045
distributed,58,100,target_only,galileo,distributed_58_100_target_only_galileo,2751,0.8133408071748879,0.8940234134319162,0.8517757557968888,0.7994053237372347,795,333,172,1451,0.18356961105052708,0.08998267643971516,0.1440696966961241,0.8651531836237071
distributed,59,100,target_only,galileo,distributed_59_100_target_only_galileo,2751,0.8532818532818532,0.8170055452865065,0.8347497639282342,0.8074389428560191,900,228,297,1326,0.19083969465648856,0.12271212574407983,0.1458628089965245,0.8881804337471542
distributed,60,100,target_only,galileo,distributed_60_100_target_only_galileo,2751,0.8162442396313364,0.8730745532963647,0.8437034831795177,0.7951365674283242,809,319,206,1417,0.19083969465648856,0.09369237621117883,0.14399470007138598,0.8765873328002167
distributed,61,100,target_only,galileo,distributed_61_100_target_only_galileo,2751,0.7984873041599135,0.9106592729513248,0.8508923431203224,0.7899927570430383,755,373,145,1478,0.18829516539440203,0.0806823555905825,0.13460827494989014,0.8868995337414735
distributed,62,100,target_only,galileo,distributed_62_100_target_only_galileo,2751,0.7807203389830508,0.9081947011706716,0.8396468242665908,0.7705867122874634,714,414,149,1474,0.20465285350781534,0.10978087336269164,0.15844676357975698,0.8482234545081125
distributed,63,100,target_only,galileo,distributed_63_100_target_only_galileo,2751,0.8089500860585198,0.8687615526802218,0.8377896613190731,0.7867743933613875,795,333,213,1410,0.1984732824427481,0.07524951712990263,0.14435093474200036,0.8675756960011886
distributed,64,100,target_only,galileo,distributed_64_100_target_only_galileo,2751,0.7936694021101993,0.8342575477510783,0.8134574947431661,0.7611004050812129,776,352,269,1354,0.2257360959651036,0.12387611999315622,0.16690409905799095,0.8274472017933692
distributed,65,100,target_only,galileo,distributed_65_100_target_only_galileo,2751,0.8106348345089528,0.9205175600739371,0.8620888632429313,0.8055601984766849,779,349,129,1494,0.1737549981824791,0.08079338045132145,0.12824033969970877,0.8973532072206709
distributed,66,100,target_only,galileo,distributed_66_100_target_only_galileo,2751,0.8086150490730644,0.9137399876771412,0.8579693375759329,0.8012848874555918,777,351,140,1483,0.17848055252635406,0.09403399116208763,0.1379453821109286,0.8805917157177627
distributed,67,100,target_only,galileo,distributed_67_100_target_only_galileo,2751,0.8194842406876791,0.8810844115834874,0.8491686460807601,0.8009145462172755,813,315,193,1430,0.1846601235914213,0.07373366710097083,0.13396412297636548,0.8860485136097676
distributed,68,100,target_only,galileo,distributed_68_100_target_only_galileo,2751,0.7985729967069155,0.8964879852125693,0.8447024673439768,0.7855666876417456,761,367,168,1455,0.19447473645946928,0.09167501051470732,0.15534090584302823,0.827365267891087
distributed,69,100,target_only,galileo,distributed_69_100_target_only_galileo,2751,0.8241758241758241,0.878003696857671,0.8502386634844868,0.8042500753791901,824,304,198,1425,0.18247909850963287,0.10355359321985477,0.13859623304537075,0.8929435245998348
distributed,70,100,target_only,galileo,distributed_70_100_target_only_galileo,2751,0.8088154269972452,0.904497843499692,0.8539848749272833,0.7984368650122573,781,347,155,1468,0.18247909850963287,0.11370348418797538,0.14470559700019714,0.8820370297540234
distributed,71,100,target_only,galileo,distributed_71_100_target_only_galileo,2751,0.8002131060202451,0.9254467036352434,0.8582857142857143,0.7964999475623025,753,375,121,1502,0.18029807342784443,0.09766651458794147,0.13321592135347438,0.8918832999043013
distributed,42,100,target_only,presto_primary,distributed_42_100_target_only_presto_primary,2751,0.818746470920384,0.893407270486753,0.854449027695934,0.8044164012008233,807,321,173,1450,0.17957106506724826,0.04869459982504457,0.13699323879751235,0.8713845300052874
distributed,43,100,target_only,presto_primary,distributed_43_100_target_only_presto_primary,2751,0.8498122653316645,0.8367221195317314,0.8432163924247128,0.8119780810424615,888,240,265,1358,0.18356961105052708,0.07750967131865265,0.13532823395586685,0.8917259868119192
distributed,44,100,target_only,presto_primary,distributed_44_100_target_only_presto_primary,2751,0.8506815365551424,0.8459642637091805,0.848316342292246,0.8161558907198385,887,241,250,1373,0.17848055252635406,0.06789306473719132,0.12673084513953842,0.9015711645101663
distributed,45,100,target_only,presto_primary,distributed_45_100_target_only_presto_primary,2751,0.8604651162790697,0.6839186691312384,0.7621009268795057,0.762172100523066,948,180,513,1110,0.25190839694656486,0.11904382659303318,0.16196372372658696,0.8574748845278204
distributed,46,100,target_only,presto_primary,distributed_46_100_target_only_presto_primary,2751,0.8683853459972863,0.7886629698089956,0.826606393283823,0.8083385771030793,934,194,343,1280,0.19520174482006544,0.06862000873708518,0.13409991897864548,0.88991743247554
distributed,47,100,target_only,presto_primary,distributed_47_100_target_only_presto_primary,2751,0.8657407407407407,0.8065311152187308,0.8350877192982457,0.8132832881058193,925,203,314,1309,0.18793166121410396,0.08094395642905014,0.1335835546310465,0.8969697565579895
distributed,48,100,target_only,presto_primary,distributed_48_100_target_only_presto_primary,2751,0.8264218009478673,0.8595194085027726,0.8426457263666566,0.7998838177265637,835,293,228,1395,0.18938567793529626,0.02055315015646332,0.1299801656685441,0.8904232377656298
distributed,49,100,target_only,presto_primary,distributed_49_100_target_only_presto_primary,2751,0.8508088675853804,0.8749229821318546,0.8626974483596598,0.8270891506403955,879,249,203,1420,0.16430388949472918,0.08615350844496476,0.12891223785439265,0.9023965120191572
distributed,50,100,target_only,presto_primary,distributed_50_100_target_only_presto_primary,2751,0.8599523241954709,0.88909426987061,0.874280521054226,0.8403804682686383,893,235,180,1443,0.15085423482370047,0.09578759694513815,0.12247909073553649,0.9069837180949383
distributed,51,100,target_only,presto_primary,distributed_51_100_target_only_presto_primary,2751,0.8334369173399627,0.8262476894639557,0.8298267326732673,0.7943295184908431,860,268,282,1341,0.1999272991639404,0.06159027029846791,0.13572408050904247,0.884242963516472
distributed,52,100,target_only,presto_primary,distributed_52_100_target_only_presto_primary,2751,0.8701799485861182,0.8342575477510783,0.8518402013211702,0.8275897667833405,926,202,269,1354,0.17121046892039257,0.05348313325367038,0.12084948762712014,0.9057454237184446
distributed,53,100,target_only,presto_primary,distributed_53_100_target_only_presto_primary,2751,0.8200138985406532,0.7270486752926679,0.7707380796864794,0.748719373107327,869,259,443,1180,0.25517993456924754,0.07649431924060693,0.16035880667277425,0.8445992448971564
distributed,54,100,target_only,presto_primary,distributed_54_100_target_only_presto_primary,2751,0.8433029908972692,0.7991373998767715,0.8206263840556786,0.792742458803634,887,241,326,1297,0.20610687022900764,0.09944722801981015,0.1387923071586865,0.8889391416822887
distributed,55,100,target_only,presto_primary,distributed_55_100_target_only_presto_primary,2751,0.8287671232876712,0.8200862600123229,0.8244038401982038,0.7881459668855941,853,275,292,1331,0.20610687022900764,0.08895816747133573,0.14251442371460682,0.8745040267781843
distributed,56,100,target_only,presto_primary,distributed_56_100_target_only_presto_primary,2751,0.7973273942093542,0.8823166974738139,0.8376718338695525,0.7798108310064105,764,364,191,1432,0.20174482006543076,0.05716432280114495,0.14208700762855345,0.873059805193954
distributed,57,100,target_only,presto_primary,distributed_57_100_target_only_presto_primary,2751,0.8739656269891789,0.8459642637091805,0.8597370068879149,0.8352161744077817,930,198,250,1373,0.1628498727735369,0.10429673778320525,0.1324946922331424,0.9036604790183662
distributed,58,100,target_only,presto_primary,distributed_58_100_target_only_presto_primary,2751,0.8284023668639053,0.862600123228589,0.8451554482342288,0.8027539623235144,838,290,223,1400,0.18647764449291168,0.05600279785980621,0.1260550427677799,0.8954337690032032
distributed,59,100,target_only,presto_primary,distributed_59_100_target_only_presto_primary,2751,0.867462311557789,0.8508934072704868,0.8590979782270607,0.8319183348409172,917,211,242,1381,0.16466739367502725,0.06478168626415685,0.12076652238065787,0.9111333971325319
distributed,60,100,target_only,presto_primary,distributed_60_100_target_only_presto_primary,2751,0.814625850340136,0.8853974121996303,0.8485385296722764,0.7977518975891769,801,327,186,1437,0.18647764449291168,0.02916077893869465,0.12864873975198413,0.8887124578859743
distributed,61,100,target_only,presto_primary,distributed_61_100_target_only_presto_primary,2751,0.8588957055214724,0.862600123228589,0.8607439286812173,0.8293497070043654,898,230,223,1400,0.16466739367502725,0.052427266587102776,0.12516474250930817,0.8982875268196974
distributed,62,100,target_only,presto_primary,distributed_62_100_target_only_presto_primary,2751,0.8573092603377985,0.906962415280345,0.881437125748503,0.8448819168600307,883,245,151,1472,0.14394765539803708,0.09233204078884069,0.11857808578360195,0.9164569158768239
distributed,63,100,target_only,presto_primary,distributed_63_100_target_only_presto_primary,2751,0.8461998803111909,0.8712261244608749,0.8585306618093503,0.8216946225141254,871,257,209,1414,0.16939294801890223,0.05598148297156992,0.12376316694110305,0.9036894289971726
distributed,64,100,target_only,presto_primary,distributed_64_100_target_only_presto_primary,2751,0.7949743003997716,0.8576709796672828,0.8251333728512151,0.7697042841598825,769,359,231,1392,0.21446746637586334,0.07263505351522806,0.14671996426197204,0.8667831220531106
distributed,65,100,target_only,presto_primary,distributed_65_100_target_only_presto_primary,2751,0.8383480825958702,0.8755391250770179,0.8565400843881856,0.816315661829289,854,274,202,1421,0.17302798982188294,0.055704664293607424,0.121939894866357,0.9027040372657236
distributed,66,100,target_only,presto_primary,distributed_66_100_target_only_presto_primary,2751,0.8538557213930348,0.8459642637091805,0.8498916744042092,0.8188154651879236,893,235,250,1373,0.17629952744456562,0.06972142718480326,0.1341110888301917,0.8924672155145669
distributed,67,100,target_only,presto_primary,distributed_67_100_target_only_presto_primary,2751,0.8462887200467563,0.8921749845964264,0.8686262747450509,0.829509478113816,865,263,175,1448,0.15921483097055616,0.09050376466972865,0.12075136809381914,0.9170867144723676
distributed,68,100,target_only,presto_primary,distributed_68_100_target_only_presto_primary,2751,0.8479899497487438,0.8317929759704251,0.8398133748055988,0.8086269844391133,886,242,273,1350,0.18720465285350782,0.0665486346914492,0.1382779696970031,0.8846212250320088
distributed,69,100,target_only,presto_primary,distributed_69_100_target_only_presto_primary,2751,0.8470238095238095,0.8767714109673445,0.8616409324856191,0.8244672657673602,871,257,200,1423,0.16612141039621955,0.05731517146994021,0.12392097192644899,0.9008130028010469
distributed,70,100,target_only,presto_primary,distributed_70_100_target_only_presto_primary,2751,0.8493975903614458,0.8687615526802218,0.858970453853183,0.8235651735032314,878,250,213,1410,0.168302435478008,0.07485221728454332,0.13533889061912535,0.8837418011475117
distributed,71,100,target_only,presto_primary,distributed_71_100_target_only_presto_primary,2751,0.8162223482699943,0.8866296980899568,0.8499704666272888,0.7996978277683826,804,324,184,1439,0.1846601235914213,0.049628311777155994,0.13010283674113787,0.8913518219914962
distributed,42,100,target_only,temporal_reconstructed,distributed_42_100_target_only_temporal_reconstructed,2751,0.8117079058539529,0.8287122612446087,0.8201219512195121,0.7760582582818789,816,312,278,1345,0.21446746637586334,0.03840156467220541,0.14307417201681774,0.8658960510044004
distributed,43,100,target_only,temporal_reconstructed,distributed_43_100_target_only_temporal_reconstructed,2751,0.8824362606232294,0.7677141096734442,0.8210873146622735,0.8102754945530342,962,166,377,1246,0.19738276990185388,0.10553035424001556,0.14890458777703694,0.8861517503266432
distributed,44,100,target_only,temporal_reconstructed,distributed_44_100_target_only_temporal_reconstructed,2751,0.8910690121786198,0.8114602587800369,0.8494034182521767,0.8343648811630682,967,161,306,1317,0.1697564521992003,0.10328379850918155,0.1355152009165606,0.9023528139379401
distributed,45,100,target_only,temporal_reconstructed,distributed_45_100_target_only_temporal_reconstructed,2751,0.8673400673400673,0.7935921133703019,0.8288288288288288,0.80947336164969,931,197,335,1288,0.19338422391857507,0.11814172069811563,0.14529086942689642,0.8920012847235878
distributed,46,100,target_only,temporal_reconstructed,distributed_46_100_target_only_temporal_reconstructed,2751,0.8596491228070176,0.784966112138016,0.8206119162640901,0.8002844745087243,920,208,349,1274,0.2024718284260269,0.07496425788695758,0.13882951375529587,0.8851019039253987
distributed,47,100,target_only,temporal_reconstructed,distributed_47_100_target_only_temporal_reconstructed,2751,0.847682119205298,0.7886629698089956,0.8171082030003192,0.7923811302945687,898,230,343,1280,0.20828789531079608,0.10735573046965922,0.14832195697828443,0.8814372735893167
distributed,48,100,target_only,temporal_reconstructed,distributed_48_100_target_only_temporal_reconstructed,2751,0.8181818181818182,0.8040665434380776,0.8110627719080175,0.7734871724282586,838,290,318,1305,0.22101054162122866,0.05315064622564968,0.15410648470179023,0.8551315749225451
distributed,49,100,target_only,temporal_reconstructed,distributed_49_100_target_only_temporal_reconstructed,2751,0.8311768330252619,0.8311768330252619,0.8311768330252619,0.7941345158034111,854,274,274,1349,0.19920029080334423,0.08902949838330446,0.1448808677194758,0.8832611222541218
distributed,50,100,target_only,temporal_reconstructed,distributed_50_100_target_only_temporal_reconstructed,2751,0.86578073089701,0.8028342575477511,0.8331202046035806,0.811878121681677,926,202,320,1303,0.18974918211559433,0.09449042811861438,0.14445963103959625,0.8824117408004614
distributed,51,100,target_only,temporal_reconstructed,distributed_51_100_target_only_temporal_reconstructed,2751,0.8355176933158585,0.7855822550831792,0.8097808828199429,0.7815322622933627,877,251,348,1275,0.21773900399854598,0.09383872823235609,0.14634079106663717,0.8748470567157396
distributed,52,100,target_only,temporal_reconstructed,distributed_52_100_target_only_temporal_reconstructed,2751,0.857795172863666,0.8102279728897104,0.8333333333333334,0.8084827807710964,910,218,308,1315,0.19120319883678663,0.06177666847455181,0.13184611484293582,0.894486066866804
distributed,53,100,target_only,temporal_reconstructed,distributed_53_100_target_only_temporal_reconstructed,2751,0.845222072678331,0.773875539125077,0.8079768414281119,0.7849874149526095,898,230,367,1256,0.21701199563794984,0.1470961895732972,0.1615035635463183,0.8775743632097115
distributed,54,100,target_only,temporal_reconstructed,distributed_54_100_target_only_temporal_reconstructed,2751,0.8226509023024269,0.8145409735058533,0.8185758513931889,0.7809406995188841,843,285,301,1322,0.21301344965467103,0.1000791270137991,0.15042090624806806,0.872827112911472
distributed,55,100,target_only,temporal_reconstructed,distributed_55_100_target_only_temporal_reconstructed,2751,0.8249400479616307,0.8478126925446704,0.8362199939228198,0.79447372215886,836,292,247,1376,0.19592875318066158,0.07716129310806746,0.14253025333294203,0.8800203633058472
distributed,56,100,target_only,temporal_reconstructed,distributed_56_100_target_only_temporal_reconstructed,2751,0.8446163765312702,0.807147258163894,0.8254568367989918,0.7967473879471952,887,241,313,1310,0.20138131588513267,0.10613168512275394,0.15034565381898093,0.8812264303474435
distributed,57,100,target_only,temporal_reconstructed,distributed_57_100_target_only_temporal_reconstructed,2751,0.7960734642178594,0.7744916820702403,0.7851342910680824,0.7445153445812194,806,322,366,1257,0.2500908760450745,0.10065449978913825,0.16406801820575825,0.8420237892354147
distributed,58,100,target_only,temporal_reconstructed,distributed_58_100_target_only_temporal_reconstructed,2751,0.8225298930144745,0.8052988293284042,0.8138231631382317,0.7776494146642021,846,282,316,1307,0.2173754998182479,0.06730681726967545,0.14896014306610444,0.8659113453328264
distributed,59,100,target_only,temporal_reconstructed,distributed_59_100_target_only_temporal_reconstructed,2751,0.8353884093711468,0.8348736906962415,0.8351309707241911,0.7990857815183335,861,267,268,1355,0.19447473645946928,0.08467624357573555,0.14079675646092643,0.8877658482016054
distributed,60,100,target_only,temporal_reconstructed,distributed_60_100_target_only_temporal_reconstructed,2751,0.7804090419806243,0.893407270486753,0.8330939385234128,0.7658525714135893,720,408,173,1450,0.21119592875318066,0.06041651999314041,0.1425858590485892,0.8715134393448782
distributed,61,100,target_only,temporal_reconstructed,distributed_61_100_target_only_temporal_reconstructed,2751,0.8622448979591837,0.8330252618607517,0.8473832654340332,0.8207679500793119,912,216,271,1352,0.17702653580516176,0.07578634938515535,0.13297109968299228,0.8934045393566769
distributed,62,100,target_only,temporal_reconstructed,distributed_62_100_target_only_temporal_reconstructed,2751,0.8259303721488596,0.8478126925446704,0.8367284889024019,0.795360246981555,838,290,247,1376,0.19520174482006544,0.06805707344707528,0.1339925581860893,0.8912556862128184
distributed,63,100,target_only,temporal_reconstructed,distributed_63_100_target_only_temporal_reconstructed,2751,0.8297101449275363,0.8465804066543438,0.8380603842634949,0.7982902033271719,846,282,249,1374,0.193020719738277,0.07525496154356674,0.13646237250162027,0.8885808174163072
distributed,64,100,target_only,temporal_reconstructed,distributed_64_100_target_only_temporal_reconstructed,2751,0.807574832009774,0.8145409735058533,0.811042944785276,0.7676428271784586,813,315,301,1322,0.22391857506361323,0.08209860229951083,0.15622449025850924,0.8488767408223105
distributed,65,100,target_only,temporal_reconstructed,distributed_65_100_target_only_temporal_reconstructed,2751,0.8214077952297848,0.8699938385705484,0.8450029922202275,0.7989153590015863,821,307,211,1412,0.18829516539440203,0.08376250689692837,0.13655939114829233,0.8890074199341906
distributed,66,100,target_only,temporal_reconstructed,distributed_66_100_target_only_temporal_reconstructed,2751,0.8559431524547804,0.8163894023413432,0.8356985178177231,0.8093471834401751,905,223,298,1325,0.18938567793529626,0.07334333024483271,0.13790176921233568,0.8863330973636948
distributed,67,100,target_only,temporal_reconstructed,distributed_67_100_target_only_temporal_reconstructed,2751,0.8464939987365762,0.8256315465187923,0.8359326263256395,0.8051030073019494,885,243,283,1340,0.19120319883678663,0.0877901176884993,0.13447080685088145,0.8929025576486935
distributed,68,100,target_only,temporal_reconstructed,distributed_68_100_target_only_temporal_reconstructed,2751,0.8671562082777036,0.800369685767098,0.8324255046459468,0.811975623025393,929,199,324,1299,0.1901126862958924,0.0788031963194765,0.1471446496312753,0.873067452358167
distributed,69,100,target_only,temporal_reconstructed,distributed_69_100_target_only_temporal_reconstructed,2751,0.8352713178294574,0.7966728280961183,0.815515610217597,0.7853044991544421,873,255,330,1293,0.21264994547437296,0.08214220655281103,0.15108701908912692,0.8692121891427748
distributed,70,100,target_only,temporal_reconstructed,distributed_70_100_target_only_temporal_reconstructed,2751,0.8203368683718029,0.8102279728897104,0.815251084934904,0.7774544119767701,840,288,308,1315,0.21664849145765178,0.08753508838077857,0.15370566783756484,0.8671174123744227
distributed,71,100,target_only,temporal_reconstructed,distributed_71_100_target_only_temporal_reconstructed,2751,0.7906077348066298,0.8817005545286506,0.8336731721526361,0.7728538233636161,749,379,192,1431,0.20756088695019992,0.0837592171348446,0.14140416185910723,0.882056147664556
distributed,42,200,target_only,alphaearth,distributed_42_200_target_only_alphaearth,2751,0.8658183921341817,0.922365988909427,0.8931980906921241,0.8583461150220895,896,232,126,1497,0.13013449654671028,0.05350013115445589,0.10260301699763963,0.926208142700454
distributed,43,200,target_only,alphaearth,distributed_43_200_target_only_alphaearth,2751,0.8602898550724638,0.9143561306223044,0.8864994026284349,0.8503518241764004,887,241,139,1484,0.1381315885132679,0.08242379186591689,0.11172615193349025,0.9161564915684551
distributed,44,200,target_only,alphaearth,distributed_44_200_target_only_alphaearth,2751,0.8559417040358744,0.9408502772643254,0.896389785735251,0.8565066989158506,871,257,96,1527,0.12831697564521993,0.09995358634606998,0.10789953150242577,0.9267434441953654
distributed,45,200,target_only,alphaearth,distributed_45_200_target_only_alphaearth,2751,0.8745562130177514,0.9106592729513248,0.8922426803501359,0.8613580052699886,916,212,145,1478,0.1297709923664122,0.06351075705209927,0.1034041427663064,0.9261218389900499
distributed,46,200,target_only,alphaearth,distributed_46_200_target_only_alphaearth,2751,0.8553459119496856,0.9217498459642637,0.8873072360616845,0.8487295329112099,875,253,127,1496,0.1381315885132679,0.056424591311015466,0.10600718981610177,0.9235556691705668
distributed,47,200,target_only,alphaearth,distributed_47_200_target_only_alphaearth,2751,0.8693853427895981,0.9063462723351817,0.8874811463046757,0.8552121432597894,907,221,152,1471,0.1355870592511814,0.08645446650155299,0.10949669477004922,0.924523581669529
distributed,48,200,target_only,alphaearth,distributed_48_200_target_only_alphaearth,2751,0.8619489559164734,0.9155884165126309,0.8879593665969525,0.8522977543556063,890,238,137,1486,0.13631406761177753,0.055210895070754454,0.10645438045376762,0.9204673072805372
distributed,49,200,target_only,alphaearth,distributed_49_200_target_only_alphaearth,2751,0.8577142857142858,0.9248305606900801,0.8900088941595019,0.8520429399195082,879,249,122,1501,0.13486005089058525,0.07629534787053564,0.10443999686923218,0.9293844469789331
distributed,50,200,target_only,alphaearth,distributed_50_200_target_only_alphaearth,2751,0.8665899942495687,0.9285274183610598,0.8964901844140393,0.8614268297479057,896,232,116,1507,0.12649945474372956,0.07702312354430729,0.10222530734667229,0.9322843608937132
distributed,51,200,target_only,alphaearth,distributed_51_200_target_only_alphaearth,2751,0.8642048838594402,0.8940234134319162,0.8788612961841308,0.8459478769287241,900,228,172,1451,0.14540167211922936,0.0715550772952872,0.10848600779145932,0.9240789536931434
distributed,52,200,target_only,alphaearth,distributed_52_200_target_only_alphaearth,2751,0.8840579710144928,0.9020332717190388,0.8929551692589204,0.865910252880796,936,192,159,1464,0.12758996728462377,0.0746492163718544,0.10503846392728902,0.9264779783519705
distributed,53,200,target_only,alphaearth,distributed_53_200_target_only_alphaearth,2751,0.8698260347930414,0.893407270486753,0.8814589665653495,0.8505156919809651,911,217,173,1450,0.14176663031624864,0.08489470823062742,0.12004294407922715,0.8997724422420611
distributed,54,200,target_only,alphaearth,distributed_54_200_target_only_alphaearth,2751,0.8801204819277109,0.9001848428835489,0.8900395979287238,0.8618832015836184,929,199,162,1461,0.1312250090876045,0.07330192697648492,0.10380153173761335,0.9307308941064398
distributed,55,200,target_only,alphaearth,distributed_55_200_target_only_alphaearth,2751,0.8850931677018633,0.878003696857671,0.8815341787813177,0.8569983023295447,943,185,198,1425,0.13922210105416213,0.043626993382461135,0.1037926017175454,0.9266544093548852
distributed,56,200,target_only,alphaearth,distributed_56_200_target_only_alphaearth,2751,0.8756660746003553,0.911275415896488,0.8931159420289855,0.8625526015652653,918,210,144,1479,0.128680479825518,0.07287798510006442,0.1049427334221115,0.9308977661540881
distributed,57,200,target_only,alphaearth,distributed_57_200_target_only_alphaearth,2751,0.8629737609329446,0.9118915588416513,0.8867585380467345,0.851779112754159,893,235,143,1480,0.13740458015267176,0.11175976480959743,0.11898312301615914,0.9171118408690674
distributed,58,200,target_only,alphaearth,distributed_58_200_target_only_alphaearth,2751,0.8630609896432682,0.9242144177449169,0.8925914906277893,0.8566107549717492,890,238,123,1500,0.1312250090876045,0.0502129589854233,0.10162718978862546,0.9283952316653775
distributed,59,200,target_only,alphaearth,distributed_59_200_target_only_alphaearth,2751,0.858139534883721,0.9094269870609981,0.8830391863595572,0.8465574651617047,884,244,147,1476,0.1421301344965467,0.07830769284387785,0.11173872255886162,0.9208824390521013
distributed,60,200,target_only,alphaearth,distributed_60_200_target_only_alphaearth,2751,0.8695652173913043,0.9242144177449169,0.8960573476702509,0.8623731663192669,903,225,123,1500,0.12649945474372956,0.06586210138144999,0.1012457773604114,0.9293276394733506
distributed,61,200,target_only,alphaearth,distributed_61_200_target_only_alphaearth,2751,0.8701754385964913,0.9168207024029574,0.8928892889288929,0.8600060958823298,906,222,135,1488,0.1297709923664122,0.06956916402493696,0.10514258356756849,0.9206983608849736
distributed,62,200,target_only,alphaearth,distributed_62_200_target_only_alphaearth,2751,0.8631156930126003,0.9285274183610598,0.8946274859008608,0.8583239928684732,889,239,116,1507,0.12904398400581607,0.054001311103868924,0.1012915405907661,0.9274808493159065
distributed,63,200,target_only,alphaearth,distributed_63_200_target_only_alphaearth,2751,0.8629893238434164,0.8964879852125693,0.8794197642792384,0.8458503755850081,897,231,168,1455,0.1450381679389313,0.06819308102883923,0.11484900485260416,0.9161614076025921
distributed,64,200,target_only,alphaearth,distributed_64_200_target_only_alphaearth,2751,0.8756855575868373,0.8853974121996303,0.8805147058823529,0.8522731741849215,924,204,186,1437,0.14176663031624864,0.0671891675113732,0.11217956135044752,0.9179071459472214
distributed,65,200,target_only,alphaearth,distributed_65_200_target_only_alphaearth,2751,0.8878504672897196,0.878003696857671,0.8828996282527881,0.8592146143862823,948,180,198,1425,0.13740458015267176,0.054195573904654196,0.10371250014780702,0.92551443566113
distributed,66,200,target_only,alphaearth,distributed_66_200_target_only_alphaearth,2751,0.8742690058479532,0.9211337030191005,0.8970897089708971,0.865265433069834,913,215,128,1495,0.12468193384223919,0.07331983403261039,0.10350370619476351,0.925756960011886
distributed,67,200,target_only,alphaearth,distributed_67_200_target_only_alphaearth,2751,0.8763376932223543,0.9081947011706716,0.891981845688351,0.8618987690250521,920,208,149,1474,0.1297709923664122,0.06627463366838925,0.10160094437538042,0.9318593970538753
distributed,68,200,target_only,alphaearth,distributed_68_200_target_only_alphaearth,2751,0.8506271379703535,0.9192852741836106,0.8836245188036719,0.8435078853187556,866,262,131,1492,0.14285714285714285,0.05726331496440343,0.1058815852036167,0.9245853052092482
distributed,69,200,target_only,alphaearth,distributed_69_200_target_only_alphaearth,2751,0.8725261932479628,0.9235982747997535,0.8973361269081114,0.8647246693147703,909,219,124,1499,0.12468193384223919,0.09658566186088989,0.10898217650215236,0.9206049562363716
distributed,70,200,target_only,alphaearth,distributed_70_200_target_only_alphaearth,2751,0.8812237552489502,0.9051139864448552,0.8930091185410335,0.8647910357756191,930,198,154,1469,0.12795347146492184,0.07200118117614758,0.10260270984939875,0.9281570771227436
distributed,71,200,target_only,alphaearth,distributed_71_200_target_only_alphaearth,2751,0.8439597315436241,0.9297597042513863,0.8847845206684257,0.8412096393597357,849,279,114,1509,0.14285714285714285,0.08133291918332591,0.10883559605715182,0.9295139025445394
distributed,42,200,target_only,galileo,distributed_42_200_target_only_galileo,2751,0.8111612175873731,0.8866296980899568,0.8472181336473359,0.79482194124356,793,335,184,1439,0.18865866957470012,0.08520647488574698,0.14578134692431735,0.8487674956192675
distributed,43,200,target_only,galileo,distributed_43_200_target_only_galileo,2751,0.8114532685035116,0.9254467036352434,0.8647092688543466,0.808024770257338,779,349,121,1502,0.1708469647400945,0.0871731401718185,0.12955968650860183,0.8962640325463309
distributed,44,200,target_only,galileo,distributed_44_200_target_only_galileo,2751,0.8154696132596685,0.9094269870609981,0.8598893096417128,0.8066638481404281,794,334,147,1476,0.17484551072337332,0.09116774141169652,0.13704351162834416,0.8783866012943372
distributed,45,200,target_only,galileo,distributed_45_200_target_only_galileo,2751,0.817976257772753,0.8915588416512631,0.8531839622641509,0.8030489243717308,806,322,176,1447,0.18102508178844057,0.09657240999769667,0.14126150365693338,0.8783347098228917
distributed,46,200,target_only,galileo,distributed_46_200_target_only_galileo,2751,0.7845911949685535,0.922365988909427,0.8479184367034834,0.7790021433908837,717,411,126,1497,0.19520174482006544,0.06791399057703598,0.14038660069905196,0.8759515257185057
distributed,47,200,target_only,galileo,distributed_47_200_target_only_galileo,2751,0.806949806949807,0.9014171287738756,0.8515715948777648,0.7955667204153065,778,350,160,1463,0.18538713195201745,0.09173318851715154,0.14569643503319057,0.8604277823660764
distributed,48,200,target_only,galileo,distributed_48_200_target_only_galileo,2751,0.7814207650273224,0.8810844115834874,0.8282652765710976,0.7632372412527366,728,400,193,1430,0.21555797891675754,0.07363211371969658,0.1512049704360653,0.8481240413733432
distributed,49,200,target_only,galileo,distributed_49_200_target_only_galileo,2751,0.8043835616438356,0.904497843499692,0.851508120649652,0.7940042408987822,771,357,155,1468,0.18611414031261359,0.0722755013731844,0.13631839156578815,0.8821293419505949
distributed,50,200,target_only,galileo,distributed_50_200_target_only_galileo,2751,0.8051801801801802,0.8810844115834874,0.8414239482200647,0.7871734114655026,782,346,193,1430,0.19592875318066158,0.09835669916718676,0.1491051611411943,0.860558330383713
distributed,51,200,target_only,galileo,distributed_51_200_target_only_galileo,2751,0.8060879368658399,0.8810844115834874,0.8419193405946424,0.7880599362881976,784,344,193,1430,0.19520174482006544,0.0912838262645225,0.14756954894041882,0.8674331310112173
distributed,52,200,target_only,galileo,distributed_52_200_target_only_galileo,2751,0.8273844353423054,0.8712261244608749,0.8487394957983193,0.8048506508829197,833,295,209,1414,0.183206106870229,0.101324635927143,0.14354491173231654,0.8804933950350239
distributed,53,200,target_only,galileo,distributed_53_200_target_only_galileo,2751,0.8030385241454151,0.9118915588416513,0.8540103866128101,0.7950415241016767,765,363,143,1480,0.18393311523082514,0.11084111685185816,0.1493445389134399,0.8593631878624208
distributed,54,200,target_only,galileo,distributed_54_200_target_only_galileo,2751,0.8378378378378378,0.8595194085027726,0.8485401459854015,0.8100788531875565,858,270,228,1395,0.18102508178844057,0.10866444072138824,0.1410329547538141,0.8900250390005376
distributed,55,200,target_only,galileo,distributed_55_200_target_only_galileo,2751,0.8086314593980692,0.8773875539125077,0.8416075650118203,0.7893143443321404,791,337,199,1424,0.19483824063976735,0.05917057793064575,0.13566634214779313,0.8814782405404579
distributed,56,200,target_only,galileo,distributed_56_200_target_only_galileo,2751,0.8200908059023837,0.8903265557609366,0.8537666174298375,0.8046490934833052,811,317,178,1445,0.17993456924754633,0.07715289759531192,0.1332320860226552,0.8915714048496132
distributed,57,200,target_only,galileo,distributed_57_200_target_only_galileo,2751,0.7939017504234895,0.8662969808995687,0.8285209192692987,0.7713577103079404,763,365,217,1406,0.21155943293347873,0.09711991707298918,0.15234470829906135,0.8558635177829341
distributed,58,200,target_only,galileo,distributed_58_200_target_only_galileo,2751,0.8092896174863388,0.9125077017868145,0.857804807413843,0.8015552693331236,779,349,142,1481,0.17848055252635406,0.07640694137991602,0.1303358854080529,0.8959253724168972
distributed,59,200,target_only,galileo,distributed_59_200_target_only_galileo,2751,0.7900113507377979,0.8576709796672828,0.8224519940915805,0.7648283976350598,758,370,231,1392,0.21846601235914212,0.10506422375996505,0.15555421460220134,0.8472681052075004
distributed,60,200,target_only,galileo,distributed_60_200_target_only_galileo,2751,0.8049189491335942,0.8872458410351202,0.8440797186400938,0.7889243389572764,779,349,183,1440,0.19338422391857507,0.08533424250929027,0.13996487527491427,0.8853684622208239
distributed,61,200,target_only,galileo,distributed_61_200_target_only_galileo,2751,0.8221099887766554,0.9026494146642021,0.8604992657856094,0.8108105229349379,811,317,158,1465,0.17266448564158487,0.09712868848046331,0.13669248674028742,0.8843956336877248
distributed,62,200,target_only,galileo,distributed_62_200_target_only_galileo,2751,0.8016967126193001,0.9316081330868762,0.8617839840410373,0.8000239246994665,754,374,111,1512,0.17629952744456562,0.07798382915055063,0.13473602691975306,0.8838401218302505
distributed,63,200,target_only,galileo,distributed_63_200_target_only_galileo,2751,0.8113636363636364,0.8798521256931608,0.8442211055276382,0.7927629422792045,796,332,195,1428,0.1915667030170847,0.08603209656286072,0.14628365853228778,0.8632856368776848
distributed,64,200,target_only,galileo,distributed_64_200_target_only_galileo,2751,0.8173289183222958,0.9125077017868145,0.8622998544395925,0.8095339927373788,797,331,142,1481,0.17193747728098874,0.10901521647622357,0.13643007751403569,0.8953092294717341
distributed,65,200,target_only,galileo,distributed_65_200_target_only_galileo,2751,0.8323317307692307,0.8533579790511399,0.8427137207179799,0.8030087767596125,849,279,238,1385,0.18793166121410396,0.06707819015516091,0.12894596955956464,0.8931631074579516
distributed,66,200,target_only,galileo,distributed_66_200_target_only_galileo,2751,0.8127777777777778,0.9014171287738756,0.8548057259713702,0.8013291317628244,791,337,160,1463,0.1806615776081425,0.0703938361754438,0.13331189936213145,0.884885052197358
distributed,67,200,target_only,galileo,distributed_67_200_target_only_galileo,2751,0.8077342047930284,0.9137399876771412,0.8574732581671003,0.8003983626328968,775,353,140,1483,0.1792075608869502,0.07420628955660256,0.13160615955888347,0.889828943861075
distributed,68,200,target_only,galileo,distributed_68_200_target_only_galileo,2751,0.7852093529091898,0.8897104128157732,0.8341998844598498,0.7697665539256171,733,395,179,1444,0.20865139949109415,0.055754318164911935,0.1447427111953711,0.8622587319690791
distributed,69,200,target_only,galileo,distributed_69_200_target_only_galileo,2751,0.8186905428091774,0.9014171287738756,0.8580645161290322,0.807091543110342,804,324,160,1463,0.17593602326426755,0.10196136487845062,0.13796571684282877,0.8889888482496734
distributed,70,200,target_only,galileo,distributed_70_200_target_only_galileo,2751,0.8274111675126904,0.9038817005545287,0.8639575971731449,0.8163025524049239,822,306,156,1467,0.16793893129770993,0.07613188509570733,0.12688244225783699,0.8975973702494724
distributed,71,200,target_only,galileo,distributed_71_200_target_only_galileo,2751,0.7937533656435111,0.9081947011706716,0.8471264367816091,0.7843278470392365,745,383,149,1474,0.19338422391857507,0.07720203176750257,0.1389836418013266,0.882836158414284
distributed,42,200,target_only,presto_primary,distributed_42_200_target_only_presto_primary,2751,0.8612269207861822,0.8909426987060998,0.8758328285887341,0.8421912075090783,895,233,177,1446,0.1490367139222101,0.08729329112678917,0.11833816454501926,0.9142578099395656
distributed,43,200,target_only,presto_primary,distributed_43_200_target_only_presto_primary,2751,0.8257918552036199,0.8995686999383857,0.861102919492775,0.8132595272741574,820,308,163,1460,0.17121046892039257,0.07345757644135228,0.1306216815105765,0.8941719869080549
distributed,44,200,target_only,presto_primary,distributed_44_200_target_only_presto_primary,2751,0.8341939185312679,0.895871842267406,0.8639334521687463,0.8198330842542704,839,289,169,1454,0.16648491457651762,0.059181633825066714,0.11729020854495455,0.9114381912490221
distributed,45,200,target_only,presto_primary,distributed_45_200_target_only_presto_primary,2751,0.8609467455621301,0.8964879852125693,0.8783579837005735,0.8440773259396179,893,235,168,1455,0.1464921846601236,0.0704802897168712,0.11570285820331307,0.9127289233229768
distributed,46,200,target_only,presto_primary,distributed_46_200_target_only_presto_primary,2751,0.840047393364929,0.8736906962415281,0.8565388100271821,0.8171644970569343,858,270,205,1418,0.17266448564158487,0.05730968293657112,0.12404800495373038,0.8985259544753391
distributed,47,200,target_only,presto_primary,distributed_47_200_target_only_presto_primary,2751,0.8594327990135635,0.8589032655576093,0.8591679506933744,0.8283878029915706,900,228,229,1394,0.16612141039621955,0.06904381252683128,0.12479199094923295,0.90578475199154
distributed,48,200,target_only,presto_primary,distributed_48_200_target_only_presto_primary,2751,0.851089588377724,0.8662969808995687,0.8586259541984733,0.8241059372582951,882,246,217,1406,0.168302435478008,0.03618092190390624,0.11987243200252229,0.9012401515449457
distributed,49,200,target_only,presto_primary,distributed_49_200_target_only_presto_primary,2751,0.8454133635334088,0.9199014171287738,0.8810858660371791,0.8389400702665146,855,273,130,1493,0.1464921846601236,0.0777950751899546,0.11440495279160497,0.9191989704732064
distributed,50,200,target_only,presto_primary,distributed_50_200_target_only_presto_primary,2751,0.8520047169811321,0.8903265557609366,0.8707442000602591,0.8339044126322414,877,251,178,1445,0.1559432933478735,0.07924170316343572,0.12300496516806372,0.9076353657310907
distributed,51,200,target_only,presto_primary,distributed_51_200_target_only_presto_primary,2751,0.8583690987124464,0.862600123228589,0.860479409956976,0.8289064445930179,897,231,223,1400,0.16503089785532535,0.07115877844240436,0.12292701904978323,0.9055231097302516
distributed,52,200,target_only,presto_primary,distributed_52_200_target_only_presto_primary,2751,0.8500604594921403,0.8662969808995687,0.8581019224900824,0.8232194124356,880,248,217,1406,0.16902944383860413,0.0444043502797418,0.1206161698085689,0.9044372124120029
distributed,53,200,target_only,presto_primary,distributed_53_200_target_only_presto_primary,2751,0.8593548387096774,0.8207024029574861,0.839583989914907,0.8137199958049841,910,218,291,1332,0.18502362777171938,0.0823681649144237,0.13184763000300476,0.8970363961318457
distributed,54,200,target_only,presto_primary,distributed_54_200_target_only_presto_primary,2751,0.8558673469387755,0.8268638324091189,0.8411156377311187,0.8132546112400204,902,226,281,1342,0.18429661941112324,0.0767294396776216,0.13439382799132782,0.8957554961261651
distributed,55,200,target_only,presto_primary,distributed_55_200_target_only_presto_primary,2751,0.852195423623995,0.8490449784349969,0.8506172839506173,0.8185827729054418,889,239,245,1378,0.17593602326426755,0.04504534015634181,0.12374807075976359,0.9024718912092569
distributed,56,200,target_only,presto_primary,distributed_56_200_target_only_presto_primary,2751,0.8818011257035647,0.8687615526802218,0.8752327746741154,0.8506041805954301,939,189,213,1410,0.14612868047982552,0.06996265914251362,0.1158315105188432,0.9157577465773479
distributed,57,200,target_only,presto_primary,distributed_57_200_target_only_presto_primary,2751,0.8332358104154476,0.8773875539125077,0.8547418967587035,0.8123639897222112,843,285,199,1424,0.17593602326426755,0.08556522073415021,0.1319061817534755,0.8930090717216608
distributed,58,200,target_only,presto_primary,distributed_58_200_target_only_presto_primary,2751,0.8283455674760023,0.9038817005545287,0.8644667059516794,0.8171890772276189,824,304,156,1467,0.1672119229371138,0.048948443096331416,0.11633161431140968,0.9113731903532116
distributed,59,200,target_only,presto_primary,distributed_59_200_target_only_presto_primary,2751,0.860135551447936,0.860135551447936,0.860135551447936,0.8294472083480815,901,227,227,1396,0.16503089785532535,0.06437895703994535,0.12044152648249562,0.9069624152803448
distributed,60,200,target_only,presto_primary,distributed_60_200_target_only_presto_primary,2751,0.8296213808463252,0.9180529882932841,0.8715998830067271,0.8233881962743016,822,306,133,1490,0.15957833515085423,0.05820850786689547,0.11724507060991926,0.9095176605795241
distributed,61,200,target_only,presto_primary,distributed_61_200_target_only_presto_primary,2751,0.8508719182200842,0.8718422674060382,0.8612294583079733,0.8259920556888347,880,248,208,1415,0.16575790621592149,0.06890729416192463,0.12331273411386043,0.9038259855009767
distributed,62,200,target_only,presto_primary,distributed_62_200_target_only_presto_primary,2751,0.8259899609592861,0.9125077017868145,0.867096018735363,0.8179559785529817,816,312,142,1481,0.16503089785532535,0.047032420259336724,0.11895015728801994,0.9058273576207267
distributed,63,200,target_only,presto_primary,distributed_63_200_target_only_presto_primary,2751,0.855222968845449,0.862600123228589,0.8588957055214724,0.8262468701249328,891,237,223,1400,0.1672119229371138,0.07317634306430736,0.12403804453053312,0.9056946246990295
distributed,64,200,target_only,presto_primary,distributed_64_200_target_only_presto_primary,2751,0.8676286072772899,0.8521256931608133,0.8598072738576313,0.8325344777860804,917,211,240,1383,0.16394038531443111,0.07938404088873148,0.12530797480170072,0.9083077699558213
distributed,65,200,target_only,presto_primary,distributed_65_200_target_only_presto_primary,2751,0.8528864059590316,0.8465804066543438,0.849721706864564,0.8182370118378102,891,237,249,1374,0.1766630316248637,0.029752426638885027,0.1222477829714002,0.9010451488575136
distributed,66,200,target_only,presto_primary,distributed_66_200_target_only_presto_primary,2751,0.8543570993296771,0.8638324091189156,0.8590686274509803,0.825976488247401,889,239,221,1402,0.1672119229371138,0.06406340052824744,0.12159576866006805,0.9072519150684093
distributed,67,200,target_only,presto_primary,distributed_67_200_target_only_presto_primary,2751,0.8498817966903073,0.8860135551447936,0.8675716440422323,0.8304181250901272,874,254,185,1438,0.15957833515085423,0.08864573735921587,0.12363520587646798,0.9103823363616104
distributed,68,200,target_only,presto_primary,distributed_68_200_target_only_presto_primary,2751,0.8363949483352469,0.8977202711028959,0.8659732540861813,0.8225303483174053,843,285,166,1457,0.16394038531443111,0.06968638453097895,0.1179667339920667,0.9123722377350412
distributed,69,200,target_only,presto_primary,distributed_69_200_target_only_presto_primary,2751,0.8284371327849589,0.8687615526802218,0.8481203007518797,0.8049481522266357,836,292,213,1410,0.18356961105052708,0.07112085767200535,0.12772923039413878,0.8950366626901414
distributed,70,200,target_only,presto_primary,distributed_70_200_target_only_presto_primary,2751,0.8489795918367347,0.8971041281577325,0.8723786698621929,0.8337470995398593,869,259,167,1456,0.15485278080697928,0.05776498187897149,0.11679933298115855,0.9122192944507808
distributed,71,200,target_only,presto_primary,distributed_71_200_target_only_presto_primary,2751,0.8381766381766381,0.9063462723351817,0.8709295441089402,0.8272866113448958,844,284,152,1471,0.15848782260996003,0.06880575708521043,0.12160801793775838,0.9083940736662254
distributed,42,200,target_only,temporal_reconstructed,distributed_42_200_target_only_temporal_reconstructed,2751,0.832821143208359,0.8348736906962415,0.8338461538461538,0.7968694694615959,856,272,268,1355,0.19629225736095965,0.06982269435437481,0.1349366346352358,0.8863784341229577
distributed,43,200,target_only,temporal_reconstructed,distributed_43_200_target_only_temporal_reconstructed,2751,0.844059405940594,0.8404189772027111,0.8422352577956159,0.808507360941781,876,252,259,1364,0.18575063613231552,0.08629740423474562,0.13713193178603644,0.8914911096253764
distributed,44,200,target_only,temporal_reconstructed,distributed_44_200_target_only_temporal_reconstructed,2751,0.8406921241050119,0.8681454097350585,0.8541982418914823,0.815721641037742,861,267,214,1409,0.17484551072337332,0.09043840585888689,0.13267864247219047,0.9009304413943184
distributed,45,200,target_only,temporal_reconstructed,distributed_45_200_target_only_temporal_reconstructed,2751,0.8476017000607164,0.860135551447936,0.8538226299694189,0.818808910475741,877,251,227,1396,0.1737549981824791,0.10071845709490367,0.13222163383298285,0.8957063357847956
distributed,46,200,target_only,temporal_reconstructed,distributed_46_200_target_only_temporal_reconstructed,2751,0.8442573662056524,0.8650646950092421,0.8545343883140597,0.817727382965614,869,259,219,1404,0.1737549981824791,0.09251473354479225,0.12905007855492848,0.9038128760766115
distributed,47,200,target_only,temporal_reconstructed,distributed_47_200_target_only_temporal_reconstructed,2751,0.8633377135348226,0.8096118299445472,0.8356120826709063,0.8126073334119899,920,208,309,1314,0.18793166121410396,0.09690487028050741,0.1419152536786766,0.8917964499678819
distributed,48,200,target_only,temporal_reconstructed,distributed_48_200_target_only_temporal_reconstructed,2751,0.8289067325509574,0.8268638324091189,0.8278840222085133,0.790648228261297,851,277,281,1342,0.20283533260632497,0.07211031949765884,0.14460622085827762,0.872819465747259
distributed,49,200,target_only,temporal_reconstructed,distributed_49_200_target_only_temporal_reconstructed,2751,0.8286899822169532,0.8613678373382625,0.8447129909365559,0.8025810817896986,839,289,225,1398,0.18684114867320975,0.0813095835079484,0.13308964099186402,0.8959199101567451
distributed,50,200,target_only,temporal_reconstructed,distributed_50_200_target_only_temporal_reconstructed,2751,0.843358395989975,0.829328404189772,0.8362845604224914,0.8038485992580067,878,250,277,1346,0.1915667030170847,0.0834899926991052,0.13728797921321634,0.889509947868189
distributed,51,200,target_only,temporal_reconstructed,distributed_51_200_target_only_temporal_reconstructed,2751,0.8448598130841122,0.8354898336414048,0.8401486988847584,0.8073725763951705,879,249,267,1356,0.1875681570338059,0.08254842686126174,0.1324134400563557,0.8933013026398011
distributed,52,200,target_only,temporal_reconstructed,distributed_52_200_target_only_temporal_reconstructed,2751,0.8736910994764397,0.822550831792976,0.8473500476039353,0.825725770506417,935,193,288,1335,0.17484551072337332,0.0755830097294198,0.1283762599380711,0.9001935824997924
distributed,53,200,target_only,temporal_reconstructed,distributed_53_200_target_only_temporal_reconstructed,2751,0.8673740053050398,0.8059149722735675,0.8355158096454807,0.8143050038672801,928,200,315,1308,0.18720465285350782,0.10332773804144989,0.14456986179566592,0.8856743487893446
distributed,54,200,target_only,temporal_reconstructed,distributed_54_200_target_only_temporal_reconstructed,2751,0.8658854166666666,0.8194701170671596,0.8420386198163976,0.8184230017959911,922,206,293,1330,0.18138858596873864,0.101591941487163,0.1392400500423267,0.8960411723321229
distributed,55,200,target_only,temporal_reconstructed,distributed_55_200_target_only_temporal_reconstructed,2751,0.8349633251833741,0.8416512630930376,0.8382939552009819,0.801144780482689,858,270,257,1366,0.1915667030170847,0.05553418067453901,0.13064597004189457,0.8934717251565483
distributed,56,200,target_only,temporal_reconstructed,distributed_56_200_target_only_temporal_reconstructed,2751,0.8578811369509044,0.818237831176833,0.837590665405235,0.8116011850919627,908,220,295,1328,0.18720465285350782,0.07445496843939224,0.13004848791678442,0.8999434109848237
distributed,57,200,target_only,temporal_reconstructed,distributed_57_200_target_only_temporal_reconstructed,2751,0.8372243839169909,0.7954405422057917,0.8157977883096367,0.786461405854669,877,251,332,1291,0.2119229371137768,0.09735806336599356,0.14684920082262112,0.8758526588097516
distributed,58,200,target_only,temporal_reconstructed,distributed_58_200_target_only_temporal_reconstructed,2751,0.8363866077068857,0.81577325939618,0.825951341235184,0.7930816651590828,869,259,299,1324,0.20283533260632497,0.07593318322453145,0.13946751809041893,0.8827263669852257
distributed,59,200,target_only,temporal_reconstructed,distributed_59_200_target_only_temporal_reconstructed,2751,0.8560840024706609,0.8539741219963032,0.8550277606415793,0.8237069191541799,895,233,237,1386,0.1708469647400945,0.10375543515888987,0.13370640592234823,0.9006158152095541
distributed,60,200,target_only,temporal_reconstructed,distributed_60_200_target_only_temporal_reconstructed,2751,0.8433660933660934,0.8459642637091805,0.8446631805598277,0.8099502169609732,873,255,250,1373,0.18356961105052708,0.06537505070215327,0.12945275782931495,0.8972532478598864
distributed,61,200,target_only,temporal_reconstructed,distributed_61_200_target_only_temporal_reconstructed,2751,0.8736228127025275,0.8305606900800986,0.8515476942514214,0.8288441748272833,933,195,275,1348,0.1708469647400945,0.0985903368063595,0.13203512543342288,0.9028433248996037
distributed,62,200,target_only,temporal_reconstructed,distributed_62_200_target_only_temporal_reconstructed,2751,0.8283362727807172,0.8681454097350585,0.8477737665463297,0.8046400807540541,836,292,214,1409,0.18393311523082514,0.06932482934557302,0.12672052418423488,0.9027351721485909
distributed,63,200,target_only,temporal_reconstructed,distributed_63_200_target_only_temporal_reconstructed,2751,0.8616071428571429,0.8324091189155884,0.8467565026637418,0.8200166161953828,911,217,272,1351,0.1777535441657579,0.09424060218224095,0.13238432507809425,0.9030345040049291
distributed,64,200,target_only,temporal_reconstructed,distributed_64_200_target_only_temporal_reconstructed,2751,0.8242909987669543,0.8237831176833025,0.8240369799691833,0.7855617716076086,843,285,286,1337,0.20756088695019992,0.06477609739753434,0.14218072488422615,0.8790415262865807
distributed,65,200,target_only,temporal_reconstructed,distributed_65_200_target_only_temporal_reconstructed,2751,0.8546623794212219,0.8188539741219963,0.8363750786658276,0.8092496820964592,902,226,294,1329,0.1890221737549982,0.058826092896029906,0.1317809573771745,0.8938813946679602
distributed,66,200,target_only,temporal_reconstructed,distributed_66_200_target_only_temporal_reconstructed,2751,0.858213616489694,0.8465804066543438,0.8523573200992556,0.8226696359512853,901,227,249,1374,0.17302798982188294,0.06577447958941327,0.13000789963643886,0.8945461517284776
distributed,67,200,target_only,temporal_reconstructed,distributed_67_200_target_only_temporal_reconstructed,2751,0.8723540731237973,0.8379544054220579,0.8548082966687618,0.8307679828528729,929,199,263,1360,0.16793893129770993,0.09127215329936364,0.12990021762350917,0.9054990757855823
distributed,68,200,target_only,temporal_reconstructed,distributed_68_200_target_only_temporal_reconstructed,2751,0.8316295850871919,0.8521256931608133,0.8417528910529519,0.8019493714031016,848,280,240,1383,0.1890221737549982,0.06815882359464075,0.1326937153475537,0.8941288350528529
distributed,69,200,target_only,temporal_reconstructed,distributed_69_200_target_only_temporal_reconstructed,2751,0.8426332288401254,0.8280961182994455,0.8353014294592915,0.8027891939014958,877,251,279,1344,0.1926572155579789,0.09945118819489096,0.13921842384916358,0.8947132968891336
distributed,70,200,target_only,temporal_reconstructed,distributed_70_200_target_only_temporal_reconstructed,2751,0.8562300319488818,0.8256315465187923,0.8406524466750314,0.8130817307062046,903,225,283,1340,0.1846601235914213,0.07722931801289715,0.13077070075836836,0.897826785175863
distributed,71,200,target_only,temporal_reconstructed,distributed_71_200_target_only_temporal_reconstructed,2751,0.83492252681764,0.8632162661737524,0.8488336867615874,0.8088244451436137,851,277,222,1401,0.18138858596873864,0.09052661962232086,0.13398598592904665,0.897089926281337
distributed,42,500,target_only,alphaearth,distributed_42_500_target_only_alphaearth,2751,0.8814858490566038,0.9211337030191005,0.9008737571557698,0.8714711068286991,927,201,128,1495,0.11959287531806616,0.03676947026239709,0.09472335259616642,0.9339694681506534
distributed,43,500,target_only,alphaearth,distributed_43_500_target_only_alphaearth,2751,0.8752886836027713,0.9340727048675292,0.903725782414307,0.8712916715827008,912,216,107,1516,0.11741185023627772,0.07082756279710704,0.0964175966882566,0.9368682896134032
distributed,44,500,target_only,alphaearth,distributed_44_500_target_only_alphaearth,2751,0.8772647574517826,0.9248305606900801,0.9004199160167966,0.8693301739620614,918,210,122,1501,0.12068338785896038,0.07820873306618806,0.09981395856939404,0.9330867669100651
distributed,45,500,target_only,alphaearth,distributed_45_500_target_only_alphaearth,2751,0.864396999422966,0.9229821318545902,0.8927294398092968,0.8573243992606284,893,235,125,1498,0.13086150490730644,0.04905934270161351,0.10270967961675652,0.9251544727171029
distributed,46,500,target_only,alphaearth,distributed_46_500_target_only_alphaearth,2751,0.8758131283264341,0.9125077017868145,0.8937839468919735,0.8631687445104286,918,210,142,1481,0.12795347146492184,0.07329106345457381,0.10138885644222624,0.9315010727878938
distributed,47,500,target_only,alphaearth,distributed_47_500_target_only_alphaearth,2751,0.8759643916913946,0.9094269870609981,0.8923821039903265,0.8620716495588678,919,209,147,1476,0.12940748818611414,0.05975009189399913,0.0993648100198018,0.9331839951407734
distributed,48,500,target_only,alphaearth,distributed_48_500_target_only_alphaearth,2751,0.8744131455399061,0.9180529882932841,0.8957018334836189,0.8641683381182732,914,214,133,1490,0.1261359505634315,0.05364989465001215,0.09916181638755271,0.9315163671163198
distributed,49,500,target_only,alphaearth,distributed_49_500_target_only_alphaearth,2751,0.8777448071216617,0.911275415896488,0.8941958887545345,0.8643256512106554,922,206,144,1479,0.1272264631043257,0.07450024661015577,0.10299255199126174,0.9281854808755348
distributed,50,500,target_only,alphaearth,distributed_50_500_target_only_alphaearth,2751,0.8769497400346621,0.9353049907578558,0.9051878354203936,0.8732376017619066,915,213,105,1518,0.11559432933478735,0.08293716543317943,0.09760359157546065,0.9362925673933657
distributed,51,500,target_only,alphaearth,distributed_51_500_target_only_alphaearth,2751,0.8689095127610209,0.9229821318545902,0.8951299671347476,0.8613137609627561,902,226,125,1498,0.12758996728462377,0.05047887885989885,0.0992029266002423,0.9326628955222577
distributed,52,500,target_only,alphaearth,distributed_52_500_target_only_alphaearth,2751,0.8703812316715542,0.9143561306223044,0.8918269230769231,0.8592170724033508,907,221,139,1484,0.13086150490730644,0.05604501136249162,0.1043536119323008,0.9219497646858327
distributed,53,500,target_only,alphaearth,distributed_53_500_target_only_alphaearth,2751,0.8763313609467456,0.9125077017868145,0.8940537277392092,0.8636120069217761,919,209,142,1481,0.12758996728462377,0.08911796531833159,0.10346809991226995,0.9290162906446777
distributed,54,500,target_only,alphaearth,distributed_54_500_target_only_alphaearth,2751,0.877757901013715,0.906962415280345,0.8921212121212121,0.8626124133139315,923,205,151,1472,0.12940748818611414,0.06018420948323662,0.099503576794898,0.9344310291335108
distributed,55,500,target_only,alphaearth,distributed_55_500_target_only_alphaearth,2751,0.8857142857142857,0.9168207024029574,0.9009990917347865,0.8733039682227552,936,192,135,1488,0.11886586695747,0.06199234206350992,0.09536709987417337,0.9354688585624205
distributed,56,500,target_only,alphaearth,distributed_56_500_target_only_alphaearth,2751,0.8735431235431236,0.9235982747997535,0.8978736148547469,0.8656111941374653,911,217,124,1499,0.12395492548164304,0.06861004825775882,0.09931246605150253,0.9328524359495375
distributed,57,500,target_only,alphaearth,distributed_57_500_target_only_alphaearth,2751,0.8762347472399767,0.929143561306223,0.9019138755980861,0.8701568870360903,915,213,115,1508,0.11922937113776809,0.09018427518196208,0.104046073596904,0.9223140974379815
distributed,58,500,target_only,alphaearth,distributed_58_500_target_only_alphaearth,2751,0.8736295441431045,0.9328404189772027,0.902264600715137,0.869345741403495,909,219,109,1514,0.11922937113776809,0.07649901089181672,0.10159366312256687,0.9302289123984566
distributed,59,500,target_only,alphaearth,distributed_59_500_target_only_alphaearth,2751,0.8798334324806663,0.911275415896488,0.8952784503631961,0.8660987008560455,926,202,144,1479,0.1257724463831334,0.07028087895958357,0.0982003340320917,0.9348985986025353
distributed,60,500,target_only,alphaearth,distributed_60_500_target_only_alphaearth,2751,0.8785046728971962,0.9266789895255699,0.9019490254872564,0.8711409132025012,920,208,119,1504,0.11886586695747,0.06834421461705403,0.09443977298020725,0.9414483947509864
distributed,61,500,target_only,alphaearth,distributed_61_500_target_only_alphaearth,2751,0.8771827706635623,0.9285274183610598,0.9021251122418438,0.8707353403862037,917,211,116,1507,0.11886586695747,0.059313901405408896,0.09476855523812963,0.93593588180543
distributed,62,500,target_only,alphaearth,distributed_62_500_target_only_alphaearth,2751,0.8775267538644471,0.9094269870609981,0.8931921331316187,0.8634014367929104,922,206,147,1476,0.12831697564521993,0.04453532171280205,0.0977125330798362,0.9304509532736418
distributed,63,500,target_only,alphaearth,distributed_63_500_target_only_alphaearth,2751,0.8732558139534884,0.9254467036352434,0.898594077176189,0.8660921461438629,910,218,121,1502,0.12322791712104689,0.06272270226973972,0.09806534967510117,0.9337597173608108
distributed,64,500,target_only,alphaearth,distributed_64_500_target_only_alphaearth,2751,0.8812237552489502,0.9051139864448552,0.8930091185410335,0.8647910357756191,930,198,154,1469,0.12795347146492184,0.061380469147832725,0.10112425156099053,0.9278145934112034
distributed,65,500,target_only,alphaearth,distributed_65_500_target_only_alphaearth,2751,0.8799293702177752,0.9211337030191005,0.9000602046959663,0.8701413195946566,924,204,128,1495,0.12068338785896038,0.04787063070599523,0.09454891064001193,0.9326022644345687
distributed,66,500,target_only,alphaearth,distributed_66_500_target_only_alphaearth,2751,0.8797653958944281,0.9242144177449169,0.9014423076923077,0.8712384145462173,923,205,123,1500,0.11922937113776809,0.061358275338850285,0.09833852204060498,0.9300257163207963
distributed,67,500,target_only,alphaearth,distributed_67_500_target_only_alphaearth,2751,0.8742065781881131,0.933456561922366,0.9028605482717521,0.8700970752874242,910,218,108,1515,0.11850236277717194,0.07086266852011341,0.0945053722717388,0.9410638516362746
distributed,68,500,target_only,alphaearth,distributed_68_500_target_only_alphaearth,2751,0.8798586572438163,0.9205175600739371,0.8997289972899729,0.869833248122075,924,204,129,1494,0.12104689203925845,0.05520014477936184,0.09510722116230325,0.9337990456339063
distributed,69,500,target_only,alphaearth,distributed_69_500_target_only_alphaearth,2751,0.8760907504363001,0.9279112754158965,0.9012567324955116,0.869540744090927,915,213,117,1506,0.11995637949836423,0.06127635696924993,0.09825172332547842,0.9298520164479578
distributed,70,500,target_only,alphaearth,distributed_70_500_target_only_alphaearth,2751,0.8810939357907254,0.9131238447319778,0.8968229954614221,0.8679094400964853,928,200,141,1482,0.12395492548164304,0.07345479579419513,0.10042602350020677,0.928208968594189
distributed,71,500,target_only,alphaearth,distributed_71_500_target_only_alphaearth,2751,0.8736295441431045,0.9328404189772027,0.902264600715137,0.869345741403495,909,219,109,1514,0.11922937113776809,0.06617145050038481,0.0962067604728845,0.9361909693545357
distributed,42,500,target_only,galileo,distributed_42_500_target_only_galileo,2751,0.8139025725232621,0.9162045594577942,0.8620289855072464,0.8073930598707411,788,340,136,1487,0.17302798982188294,0.05635853858670618,0.12461676986247164,0.8986646958832037
distributed,43,500,target_only,galileo,distributed_43_500_target_only_galileo,2751,0.8241513633834168,0.9125077017868145,0.8660818713450292,0.8161829289075917,812,316,142,1481,0.16648491457651762,0.07551345863637197,0.12242874188061943,0.906369213827821
distributed,44,500,target_only,galileo,distributed_44_500_target_only_galileo,2751,0.8182807399347116,0.9266789895255699,0.8691129731291535,0.8152898493727141,794,334,119,1504,0.16466739367502725,0.07482378402501529,0.12712357565975255,0.8972581638940234
distributed,45,500,target_only,galileo,distributed_45_500_target_only_galileo,2751,0.8204264870931538,0.9008009858287123,0.8587371512481644,0.8085565212831505,808,320,161,1462,0.17484551072337332,0.09141533835077695,0.13655544188956031,0.8811259247606438
distributed,46,500,target_only,galileo,distributed_46_500_target_only_galileo,2751,0.816924778761062,0.9100431300061614,0.8609734771203731,0.8083017068470524,797,331,146,1477,0.173391494002181,0.06873177883999183,0.12916944260595067,0.8938060154778603
distributed,47,500,target_only,galileo,distributed_47_500_target_only_galileo,2751,0.8148552703440742,0.9192852741836106,0.8639258830341633,0.8093766796449968,789,339,131,1492,0.1708469647400945,0.08360421349959121,0.12965773855226959,0.8963639919071154
distributed,48,500,target_only,galileo,distributed_48_500_target_only_galileo,2751,0.8078175895765473,0.9168207024029574,0.8588744588744589,0.8014954575844575,774,354,135,1488,0.1777535441657579,0.08157199183349761,0.13379426589381518,0.8864177623960533
distributed,49,500,target_only,galileo,distributed_49_500_target_only_galileo,2751,0.8121546961325967,0.9057301293900185,0.8563938246431693,0.8021558448368532,788,340,153,1470,0.1792075608869502,0.0823595720632946,0.1366154660495747,0.8806108336282953
distributed,50,500,target_only,galileo,distributed_50_500_target_only_galileo,2751,0.809031556039173,0.9162045594577942,0.8592892227679861,0.8025171733459184,777,351,136,1487,0.17702653580516176,0.09270669163955071,0.13746965844169046,0.8832977193971412
distributed,51,500,target_only,galileo,distributed_51_500_target_only_galileo,2751,0.8043010752688172,0.9217498459642637,0.8590295722078668,0.7995274052516355,764,364,127,1496,0.17848055252635406,0.08143120178748531,0.13572121192068598,0.8834124268603366
distributed,52,500,target_only,galileo,distributed_52_500_target_only_galileo,2751,0.8234617596319724,0.8823166974738139,0.8518738845925045,0.8050767884532191,821,307,191,1432,0.18102508178844057,0.07719173640113736,0.1358511031805972,0.8827274594372561
distributed,53,500,target_only,galileo,distributed_53_500_target_only_galileo,2751,0.8168115942028985,0.8681454097350585,0.8416965352449224,0.7940017828817136,812,316,214,1409,0.1926572155579789,0.09622161545830081,0.14391378549348371,0.8679351127192005
distributed,54,500,target_only,galileo,distributed_54_500_target_only_galileo,2751,0.8231026785714286,0.9088108441158349,0.8638360175695461,0.8138912376607543,811,317,148,1475,0.16902944383860413,0.09550534698847057,0.12915625508837691,0.903224590658224
distributed,55,500,target_only,galileo,distributed_55_500_target_only_galileo,2751,0.8158765159867696,0.9118915588416513,0.861216176898458,0.8078961340307547,794,334,143,1480,0.173391494002181,0.07330455851185345,0.126222501340486,0.8999789156758127
distributed,56,500,target_only,galileo,distributed_56_500_target_only_galileo,2751,0.8052088985349973,0.9143561306223044,0.8563185227928448,0.7980468596373933,769,359,139,1484,0.18102508178844057,0.06277300770515819,0.13501128085734249,0.876663804442347
distributed,57,500,target_only,galileo,distributed_57_500_target_only_galileo,2751,0.8115068493150684,0.9125077017868145,0.8590487238979119,0.8037715813898612,784,344,142,1481,0.1766630316248637,0.08350654633126643,0.13701187631911807,0.8765081300280105
distributed,58,500,target_only,galileo,distributed_58_500_target_only_galileo,2751,0.8158469945355191,0.9199014171287738,0.8647552852591949,0.8105712759402735,791,337,130,1493,0.1697564521992003,0.08950476950724144,0.1324800795282133,0.8880946762627653
distributed,59,500,target_only,galileo,distributed_59_500_target_only_galileo,2751,0.8169717138103162,0.9075785582255084,0.8598949211908932,0.8075126833680734,798,330,150,1473,0.17448200654307525,0.10222311273550724,0.13809930201529216,0.8839591991015675
distributed,60,500,target_only,galileo,distributed_60_500_target_only_galileo,2751,0.8237250554323725,0.9155884165126309,0.8672308141231397,0.8168367614478048,810,318,137,1486,0.16539440203562342,0.09151368165207804,0.12984494111814995,0.896682441673986
distributed,61,500,target_only,galileo,distributed_61_500_target_only_galileo,2751,0.8276056338028169,0.9051139864448552,0.8646262507357269,0.8169186953500871,822,306,154,1469,0.1672119229371138,0.08389127341339829,0.12930785571187592,0.8928763387999632
distributed,62,500,target_only,galileo,distributed_62_500_target_only_galileo,2751,0.8034279592929834,0.9242144177449169,0.8595988538681948,0.7994299039079193,761,367,123,1500,0.178117048346056,0.06106812860565654,0.12962080265224488,0.89020857094165
distributed,63,500,target_only,galileo,distributed_63_500_target_only_galileo,2751,0.8263069139966274,0.9057301293900185,0.8641975308641975,0.8158969795886263,819,309,153,1470,0.16793893129770993,0.08032550160238144,0.1287094872762668,0.8955135180014246
distributed,64,500,target_only,galileo,distributed_64_500_target_only_galileo,2751,0.8135964912280702,0.9143561306223044,0.8610385842761822,0.8064688454529961,788,340,139,1484,0.17411850236277718,0.07887688473798868,0.12930179744871895,0.8959619695599167
distributed,65,500,target_only,galileo,distributed_65_500_target_only_galileo,2751,0.8254769921436588,0.9063462723351817,0.8640234948604992,0.8153185262385129,817,311,152,1471,0.168302435478008,0.06025831597879883,0.12268207728018102,0.9005437133755457
distributed,66,500,target_only,galileo,distributed_66_500_target_only_galileo,2751,0.8304126625211984,0.9051139864448552,0.8661556603773585,0.8195782698181723,828,300,154,1469,0.16503089785532535,0.08528818100262753,0.12660890409734163,0.9005606463820174
distributed,67,500,target_only,galileo,distributed_67_500_target_only_galileo,2751,0.8107375271149675,0.9211337030191005,0.8624170752812229,0.8058682699492665,779,349,128,1495,0.173391494002181,0.08519995188749134,0.13289768992534,0.8891079255209904
distributed,68,500,target_only,galileo,distributed_68_500_target_only_galileo,2751,0.8154859967051071,0.9149722735674677,0.8623693379790941,0.8085499665709679,792,336,138,1485,0.1723009814612868,0.06786414492169567,0.12842894120485296,0.89239948348868
distributed,69,500,target_only,galileo,distributed_69_500_target_only_galileo,2751,0.8130387931034483,0.9297597042513863,0.8674906582351251,0.8110677953881045,781,347,114,1509,0.16757542711741186,0.07848708184243885,0.12656239174080966,0.8997183658665548
distributed,70,500,target_only,galileo,distributed_70_500_target_only_galileo,2751,0.8185265438786565,0.9309919901417129,0.871144422023638,0.817003087269438,793,335,112,1511,0.1624863685932388,0.09207449746975169,0.12826622615987662,0.8966474832090123
distributed,71,500,target_only,galileo,distributed_71_500_target_only_galileo,2751,0.8211337369290038,0.9192852741836106,0.8674418604651163,0.815582353403862,803,325,131,1492,0.16575790621592149,0.07588710811705154,0.1265189569374704,0.8963421428665066
distributed,42,500,target_only,presto_primary,distributed_42_500_target_only_presto_primary,2751,0.8540103866128101,0.9118915588416513,0.8820023837902264,0.8438003893499036,875,253,143,1480,0.14394765539803708,0.04504846874273488,0.10385765485417373,0.9254311361938097
distributed,43,500,target_only,presto_primary,distributed_43_500_target_only_presto_primary,2751,0.8612221587664192,0.929143561306223,0.8938944872554832,0.8568590146956647,885,243,115,1508,0.13013449654671028,0.08948807100517615,0.10894107092537103,0.9280614875700808
distributed,44,500,target_only,presto_primary,distributed_44_500_target_only_presto_primary,2751,0.8681765389082462,0.9211337030191005,0.8938714499252616,0.8599462841336637,901,227,128,1495,0.12904398400581607,0.072656235241431,0.10441362197604485,0.9283274996394908
distributed,45,500,target_only,presto_primary,distributed_45_500_target_only_presto_primary,2751,0.8680142687277052,0.8995686999383857,0.8835098335854765,0.8513800946500439,906,222,163,1460,0.13994910941475827,0.05465464132993189,0.11020125722295135,0.9177735936865014
distributed,46,500,target_only,presto_primary,distributed_46_500_target_only_presto_primary,2751,0.8744693753790176,0.8884781269254467,0.8814180929095354,0.8524837443137872,921,207,181,1442,0.14103962195565248,0.0636134772055401,0.10747165140875538,0.9260792333608632
distributed,47,500,target_only,presto_primary,distributed_47_500_target_only_presto_primary,2751,0.876207729468599,0.8940234134319162,0.8850259225373589,0.856142912389717,923,205,172,1451,0.1370410759723737,0.06258994049179405,0.11018348151069153,0.9194289316256123
distributed,48,500,target_only,presto_primary,distributed_48_500_target_only_presto_primary,2751,0.8506530380465644,0.9229821318545902,0.8853427895981087,0.844913051742898,865,263,125,1498,0.14103962195565248,0.04526426101547216,0.10688328237540853,0.9197566672347417
distributed,49,500,target_only,presto_primary,distributed_49_500_target_only_presto_primary,2751,0.870872641509434,0.9100431300061614,0.890027116601386,0.8579470969179743,909,219,146,1477,0.1326790258087968,0.07206834747372795,0.10894804024844593,0.9216023649401555
distributed,50,500,target_only,presto_primary,distributed_50_500_target_only_presto_primary,2751,0.8632629107981221,0.9063462723351817,0.8842801322512774,0.8498929943236193,895,233,152,1471,0.13994910941475827,0.06998373550880521,0.11043924580659775,0.9223829219158987
distributed,51,500,target_only,presto_primary,distributed_51_500_target_only_presto_primary,2751,0.855255600229753,0.9174368453481208,0.8852556480380499,0.8470162950144859,876,252,134,1489,0.14031261359505634,0.06257753488736614,0.10910135587441136,0.921061601185092
distributed,52,500,target_only,presto_primary,distributed_52_500_target_only_presto_primary,2751,0.8550057537399309,0.9155884165126309,0.8842606367152633,0.8460920805967409,876,252,137,1486,0.14140312613595057,0.04336541974583407,0.10952255213363873,0.9145989280860677
distributed,53,500,target_only,presto_primary,distributed_53_500_target_only_presto_primary,2751,0.8670694864048338,0.8841651263093038,0.8755338621110433,0.844564832658198,908,220,188,1435,0.14830970556161396,0.0720628551940734,0.11536779028964429,0.9136389358643262
distributed,54,500,target_only,presto_primary,distributed_54_500_target_only_presto_primary,2751,0.8720787207872078,0.8736906962415281,0.8728839642967067,0.8446467665604803,920,208,205,1418,0.15012722646310434,0.06217513972361928,0.11250676342190724,0.9199893595172237
distributed,55,500,target_only,presto_primary,distributed_55_500_target_only_presto_primary,2751,0.8690546095126248,0.9118915588416513,0.8899579073962718,0.8570982616903292,905,223,143,1480,0.13304252998909488,0.057785824281648385,0.10372232241190624,0.9271405505084271
distributed,56,500,target_only,presto_primary,distributed_56_500_target_only_presto_primary,2751,0.8637971698113207,0.9026494146642021,0.8827960228984634,0.8489310903108245,897,231,158,1465,0.14140312613595057,0.06567062493524907,0.1088706588372997,0.9232394043077568
distributed,57,500,target_only,presto_primary,distributed_57_500_target_only_presto_primary,2751,0.8485370051635112,0.911275415896488,0.8787878787878788,0.8386164313524993,864,264,144,1479,0.14830970556161396,0.05563222377487294,0.11261282248627306,0.9143686938206543
distributed,58,500,target_only,presto_primary,distributed_58_500_target_only_presto_primary,2751,0.8606459330143541,0.8866296980899568,0.8734446130500759,0.8400347072010068,895,233,184,1439,0.1515812431842966,0.06409345867089593,0.11332945100568963,0.9168671316142508
distributed,59,500,target_only,presto_primary,distributed_59_500_target_only_presto_primary,2751,0.870986920332937,0.9026494146642021,0.886535552193646,0.8551367640696896,911,217,158,1465,0.13631406761177753,0.05916522582779729,0.10649178907435852,0.9233322627303435
distributed,60,500,target_only,presto_primary,distributed_60_500_target_only_presto_primary,2751,0.8544125913434514,0.9365372766481824,0.8935920047031158,0.8534636737850841,869,259,103,1520,0.13158851326790258,0.06892316486536734,0.10150156488167837,0.9319959535576793
distributed,61,500,target_only,presto_primary,distributed_61_500_target_only_presto_primary,2751,0.8752969121140143,0.9081947011706716,0.891442394919867,0.8610122442023571,918,210,149,1474,0.13049800072700837,0.07150575848473252,0.10622022603005721,0.9258596505027464
distributed,62,500,target_only,presto_primary,distributed_62_500_target_only_presto_primary,2751,0.8747030878859857,0.9075785582255084,0.8908376171756879,0.860260910318428,917,211,150,1473,0.1312250090876045,0.04109174590801949,0.10067376630697786,0.9276157671416647
distributed,63,500,target_only,presto_primary,distributed_63_500_target_only_presto_primary,2751,0.8809957498482088,0.8940234134319162,0.8874617737003058,0.8601322740918447,932,196,172,1451,0.13376953834969102,0.0767736121452928,0.10865754356320309,0.924635558002648
distributed,64,500,target_only,presto_primary,distributed_64_500_target_only_presto_primary,2751,0.8537708693149108,0.9137399876771412,0.8827380952380952,0.8442813413563011,874,254,140,1483,0.14322064703744092,0.06222634800134894,0.10972519467595951,0.9221393051131125
distributed,65,500,target_only,presto_primary,distributed_65_500_target_only_presto_primary,2751,0.8686746987951808,0.8884781269254467,0.8784648187633263,0.8476078577889645,910,218,181,1442,0.1450381679389313,0.042582552894948354,0.10787403238143312,0.9224921671189418
distributed,66,500,target_only,presto_primary,distributed_66_500_target_only_presto_primary,2751,0.8612612612612612,0.8835489833641405,0.8722627737226277,0.8393808746607936,897,231,189,1434,0.15267175572519084,0.05484874825559727,0.11121196136234347,0.9186358114515191
distributed,67,500,target_only,presto_primary,distributed_67_500_target_only_presto_primary,2751,0.8541430192962542,0.9272951324707333,0.8892171344165436,0.8497291265190545,871,257,118,1505,0.13631406761177753,0.08782398816497884,0.1062335281839023,0.9318872545806514
distributed,68,500,target_only,presto_primary,distributed_68_500_target_only_presto_primary,2751,0.8736654804270463,0.9075785582255084,0.8902991840435177,0.859374385495733,915,213,150,1473,0.13195201744820065,0.06613272028891899,0.1051190489225109,0.9271656769051271
distributed,69,500,target_only,presto_primary,distributed_69_500_target_only_presto_primary,2751,0.874180083482409,0.9032655576093653,0.8884848484848484,0.8581044100103564,917,211,157,1466,0.13376953834969102,0.05320165008687138,0.10582202995674911,0.922520570871733
distributed,70,500,target_only,presto_primary,distributed_70_500_target_only_presto_primary,2751,0.8659730722154223,0.8718422674060382,0.8688977586736261,0.8388466656179128,909,219,208,1415,0.15521628498727735,0.05984633607992073,0.11479558603548641,0.9124877645372592
distributed,71,500,target_only,presto_primary,distributed_71_500_target_only_presto_primary,2751,0.8598462448255471,0.895871842267406,0.8774894387447194,0.8428827296443413,891,237,169,1454,0.1475826972010178,0.04144284989932823,0.10890329981482791,0.9190050602378048
distributed,42,500,target_only,temporal_reconstructed,distributed_42_500_target_only_temporal_reconstructed,2751,0.875,0.8539741219963032,0.8643592142188962,0.839221103551343,930,198,237,1386,0.15812431842966193,0.05099062120866254,0.1160770077335648,0.9139082252898275
distributed,43,500,target_only,temporal_reconstructed,distributed_43_500_target_only_temporal_reconstructed,2751,0.8721147847785402,0.8613678373382625,0.8667079975201488,0.8398151243428902,923,205,225,1398,0.1563067975281716,0.09791202170546563,0.12366140907708828,0.9157118635920697
distributed,44,500,target_only,temporal_reconstructed,distributed_44_500_target_only_temporal_reconstructed,2751,0.8683206106870229,0.8410351201478743,0.8544600938967136,0.8287622409250011,921,207,258,1365,0.16902944383860413,0.06128835588093346,0.12176851895709365,0.9090708476990775
distributed,45,500,target_only,temporal_reconstructed,distributed_45_500_target_only_temporal_reconstructed,2751,0.874450721908349,0.8582871226124461,0.8662935323383084,0.8404910790367195,928,200,230,1393,0.1563067975281716,0.07809812302733496,0.12129421954192433,0.9096154350362475
distributed,46,500,target_only,temporal_reconstructed,distributed_46_500_target_only_temporal_reconstructed,2751,0.8518072289156626,0.8712261244608749,0.8614072494669509,0.8265705090389481,882,246,209,1414,0.16539440203562342,0.0810485759213539,0.12218006226133672,0.9120767294608094
distributed,47,500,target_only,temporal_reconstructed,distributed_47_500_target_only_temporal_reconstructed,2751,0.8856956237753103,0.8354898336414048,0.859860494610019,0.8401739948348868,953,175,267,1356,0.16066884769174847,0.08333045633069089,0.12647698198709897,0.9076566685456842
distributed,48,500,target_only,temporal_reconstructed,distributed_48_500_target_only_temporal_reconstructed,2751,0.8701799485861182,0.8342575477510783,0.8518402013211702,0.8275897667833405,926,202,269,1354,0.17121046892039257,0.06618414171206415,0.12576845124725275,0.9010260309469812
distributed,49,500,target_only,temporal_reconstructed,distributed_49_500_target_only_temporal_reconstructed,2751,0.8601485148514851,0.8564386937769563,0.8582895955541834,0.8280420419239392,902,226,233,1390,0.1668484187568157,0.08758941439373256,0.1269643928963046,0.907428346071324
distributed,50,500,target_only,temporal_reconstructed,distributed_50_500_target_only_temporal_reconstructed,2751,0.8706952566601689,0.8256315465187923,0.8475648323845667,0.8246065534012401,929,199,283,1340,0.17520901490367138,0.08217642035293396,0.12765792590410577,0.9059344179197092
distributed,51,500,target_only,temporal_reconstructed,distributed_51_500_target_only_temporal_reconstructed,2751,0.8653241032095658,0.8471965495995071,0.8561643835616438,0.8287401187713848,914,214,248,1375,0.16793893129770993,0.06188188231449944,0.12280205371162492,0.9044541454184747
distributed,52,500,target_only,temporal_reconstructed,distributed_52_500_target_only_temporal_reconstructed,2751,0.8833441348023331,0.8398028342575478,0.8610233733417562,0.8401141830862207,948,180,260,1363,0.1599418393311523,0.07151165771043679,0.11970728456861841,0.9136214566318395
distributed,53,500,target_only,temporal_reconstructed,distributed_53_500_target_only_temporal_reconstructed,2751,0.8800786369593709,0.8274799753542822,0.8529691965703398,0.8326229664005453,945,183,280,1343,0.168302435478008,0.09506423669833541,0.13030113444660021,0.9030645464357661
distributed,54,500,target_only,temporal_reconstructed,distributed_54_500_target_only_temporal_reconstructed,2751,0.871261378413524,0.8256315465187923,0.8478329642518191,0.8250498158125876,930,198,283,1340,0.17484551072337332,0.061792923451428346,0.12598336916952338,0.9015165419086448
distributed,55,500,target_only,temporal_reconstructed,distributed_55_500_target_only_temporal_reconstructed,2751,0.8663335415365396,0.8545902649414664,0.8604218362282878,0.8324369764423645,914,214,236,1387,0.16357688113413305,0.061986869117872094,0.11877535303408886,0.9111705405015667
distributed,56,500,target_only,temporal_reconstructed,distributed_56_500_target_only_temporal_reconstructed,2751,0.8772040302267002,0.8582871226124461,0.8676424789785113,0.842707391093457,933,195,230,1393,0.15448927662668122,0.08300728285034674,0.12094189045741212,0.9138765441809451
distributed,57,500,target_only,temporal_reconstructed,distributed_57_500_target_only_temporal_reconstructed,2751,0.8545343883140597,0.8650646950092421,0.8597672994488671,0.8265926311925643,889,239,219,1404,0.16648491457651762,0.08815425719148666,0.12650185036349157,0.9069875416770451
distributed,58,500,target_only,temporal_reconstructed,distributed_58_500_target_only_temporal_reconstructed,2751,0.8721945137157108,0.8619839802834257,0.8670591881004028,0.8401231958154718,923,205,224,1399,0.1559432933478735,0.09994223047123613,0.12456548759863026,0.9139928903221859
distributed,59,500,target_only,temporal_reconstructed,distributed_59_500_target_only_temporal_reconstructed,2751,0.8756218905472637,0.8675292667898953,0.8715567935623646,0.845112151125444,928,200,215,1408,0.15085423482370047,0.10039601516341597,0.12177841547943388,0.9154786250835725
distributed,60,500,target_only,temporal_reconstructed,distributed_60_500_target_only_temporal_reconstructed,2751,0.8667894413750767,0.8699938385705484,0.8683886838868389,0.8388089760228628,911,217,211,1412,0.15557978916757542,0.08419379984734278,0.1178360850864782,0.9183523201496222
distributed,61,500,target_only,temporal_reconstructed,distributed_61_500_target_only_temporal_reconstructed,2751,0.8679827267119062,0.866913123844732,0.8674475955610358,0.8385984058939973,914,214,216,1407,0.1563067975281716,0.07771768190838252,0.11879182673044104,0.9155163146786225
distributed,62,500,target_only,temporal_reconstructed,distributed_62_500_target_only_temporal_reconstructed,2751,0.8723675813656668,0.8422674060382008,0.8570532915360501,0.8324812207495969,928,200,256,1367,0.16575790621592149,0.05550495197982167,0.12129539377871082,0.905285501413633
distributed,63,500,target_only,temporal_reconstructed,distributed_63_500_target_only_temporal_reconstructed,2751,0.8674698795180723,0.8428835489833642,0.855,0.8287999305200509,919,209,255,1368,0.16866593965830606,0.07325591662708685,0.1259853236844913,0.9075348601442912
distributed,64,500,target_only,temporal_reconstructed,distributed_64_500_target_only_temporal_reconstructed,2751,0.8555087296809151,0.8755391250770179,0.8654080389768575,0.8313865838151047,888,240,202,1421,0.16066884769174847,0.07540859132825913,0.12276880214616968,0.9069869954510298
distributed,65,500,target_only,temporal_reconstructed,distributed_65_500_target_only_temporal_reconstructed,2751,0.8683879093198993,0.8496611213801601,0.8589224540641545,0.8321887167184489,919,209,244,1379,0.16466739367502725,0.07189431105469878,0.12315812747452513,0.9085748744772617
distributed,66,500,target_only,temporal_reconstructed,distributed_66_500_target_only_temporal_reconstructed,2751,0.8690932311621967,0.8385705483672212,0.8535591094386955,0.8284164798573694,923,205,262,1361,0.1697564521992003,0.07101883922443301,0.12285715704088176,0.9086311357568289
distributed,67,500,target_only,temporal_reconstructed,distributed_67_500_target_only_temporal_reconstructed,2751,0.8575794621026895,0.8644485520640789,0.8610003068425898,0.8289441341880679,895,233,220,1403,0.16466739367502725,0.07303572084753697,0.12056313659903987,0.911650126942926
distributed,68,500,target_only,temporal_reconstructed,distributed_68_500_target_only_temporal_reconstructed,2751,0.8460133901399878,0.8564386937769563,0.8511941212492345,0.8160739568175561,875,253,233,1390,0.1766630316248637,0.05176181820208707,0.1264738333942334,0.8974455194172424
distributed,69,500,target_only,temporal_reconstructed,distributed_69_500_target_only_temporal_reconstructed,2751,0.8717126363053239,0.8373382624768947,0.8541797611565053,0.8300166489689438,928,200,264,1359,0.16866593965830606,0.06598050610284752,0.12459726613328133,0.9064167354911447
distributed,70,500,target_only,temporal_reconstructed,distributed_70_500_target_only_temporal_reconstructed,2751,0.8858839050131926,0.8274799753542822,0.8556865243708187,0.8370555905140205,955,173,280,1343,0.16466739367502725,0.08948656782189482,0.12344319098672997,0.9132401908732187
distributed,71,500,target_only,temporal_reconstructed,distributed_71_500_target_only_temporal_reconstructed,2751,0.8792769528728211,0.8391866913123844,0.8587641866330391,0.8367032747342065,941,187,261,1362,0.1628498727735369,0.07270073579079557,0.12256380007704638,0.9103583024169409
