representation,seed,score,target_coverage,actual_coverage,threshold,held_block_full_error,n,error_rate
temporal_reconstructed,42,confidence,0.9,0.8986928104575164,0.8728715497617232,0.23137254901960785,1375,0.21672727272727274
temporal_reconstructed,42,confidence,0.8,0.7607843137254902,0.7677941735452818,0.23137254901960785,1164,0.21649484536082475
temporal_reconstructed,42,confidence,0.7,0.6274509803921569,0.6860693727490865,0.23137254901960785,960,0.22708333333333333
temporal_reconstructed,42,confidence,0.6,0.5032679738562091,0.6081216212334788,0.23137254901960785,770,0.24675324675324675
temporal_reconstructed,42,confidence,0.5,0.39019607843137255,0.5333645961782921,0.23137254901960785,597,0.2797319932998325
temporal_reconstructed,42,knn10_cosine,0.9,0.8581699346405228,0.04453449696302414,0.23137254901960785,1313,0.24752475247524752
temporal_reconstructed,42,knn10_cosine,0.8,0.7457516339869281,0.03855324536561966,0.23137254901960785,1141,0.2506573181419807
temporal_reconstructed,42,knn10_cosine,0.7,0.6640522875816993,0.03595976158976555,0.23137254901960785,1016,0.2440944881889764
temporal_reconstructed,42,knn10_cosine,0.6,0.5725490196078431,0.03371134400367737,0.23137254901960785,876,0.2420091324200913
temporal_reconstructed,42,knn10_cosine,0.5,0.4803921568627451,0.03187272697687149,0.23137254901960785,735,0.22993197278911565
temporal_reconstructed,43,confidence,0.9,0.8971539456662354,0.8720209667313069,0.2296248382923674,1387,0.21629416005767843
temporal_reconstructed,43,confidence,0.8,0.7813712807244502,0.7765514932214366,0.2296248382923674,1208,0.20943708609271522
temporal_reconstructed,43,confidence,0.7,0.6630012936610608,0.6988017154147529,0.2296248382923674,1025,0.20878048780487804
temporal_reconstructed,43,confidence,0.6,0.5465717981888745,0.6243967706985158,0.2296248382923674,845,0.22248520710059172
temporal_reconstructed,43,confidence,0.5,0.45084087968952136,0.5581220565217344,0.2296248382923674,697,0.23385939741750358
temporal_reconstructed,43,knn10_cosine,0.9,0.8725743855109961,0.044931329786777496,0.2296248382923674,1349,0.2468495181616012
temporal_reconstructed,43,knn10_cosine,0.8,0.7613195342820182,0.03888508304953575,0.2296248382923674,1177,0.254035683942226
temporal_reconstructed,43,knn10_cosine,0.7,0.6733505821474773,0.036122262477874756,0.2296248382923674,1041,0.25360230547550433
temporal_reconstructed,43,knn10_cosine,0.6,0.5976714100905562,0.03397199511528015,0.2296248382923674,924,0.25
temporal_reconstructed,43,knn10_cosine,0.5,0.4883570504527814,0.031941574066877365,0.2296248382923674,755,0.2423841059602649
temporal_reconstructed,44,confidence,0.9,0.907293796864349,0.8778103245694207,0.2038173142467621,1331,0.188580015026296
temporal_reconstructed,44,confidence,0.8,0.8234492160872529,0.7957596739070089,0.2038173142467621,1208,0.18129139072847683
temporal_reconstructed,44,confidence,0.7,0.7368779822767553,0.7265453045281772,0.2038173142467621,1081,0.1822386679000925
temporal_reconstructed,44,confidence,0.6,0.6441717791411042,0.6586280532097584,0.2038173142467621,945,0.18412698412698414
temporal_reconstructed,44,confidence,0.5,0.5412406271301977,0.5915293269869497,0.2038173142467621,794,0.1801007556675063
temporal_reconstructed,44,knn10_cosine,0.9,0.863667348329925,0.044708359986543655,0.2038173142467621,1267,0.22099447513812154
temporal_reconstructed,44,knn10_cosine,0.8,0.7682344921608726,0.03910920396447182,0.2038173142467621,1127,0.2236024844720497
temporal_reconstructed,44,knn10_cosine,0.7,0.6557600545330606,0.03585880622267723,0.2038173142467621,962,0.22453222453222454
temporal_reconstructed,44,knn10_cosine,0.6,0.5698704839809134,0.0337018258869648,0.2038173142467621,836,0.22727272727272727
temporal_reconstructed,44,knn10_cosine,0.5,0.4812542603953647,0.03187527880072594,0.2038173142467621,706,0.22237960339943344
temporal_reconstructed,45,confidence,0.9,0.8820846905537459,0.8626252475546312,0.23713355048859935,1354,0.22082717872968982
temporal_reconstructed,45,confidence,0.8,0.7739413680781759,0.7728454692771165,0.23713355048859935,1188,0.20875420875420875
temporal_reconstructed,45,confidence,0.7,0.654071661237785,0.6957968612758479,0.23713355048859935,1004,0.20318725099601595
temporal_reconstructed,45,confidence,0.6,0.5517915309446254,0.6267706241316289,0.23713355048859935,847,0.20188902007083825
temporal_reconstructed,45,confidence,0.5,0.450814332247557,0.5581556102126494,0.23713355048859935,692,0.20520231213872833
temporal_reconstructed,45,knn10_cosine,0.9,0.8996742671009772,0.0460028201341629,0.23713355048859935,1381,0.25343953656770457
temporal_reconstructed,45,knn10_cosine,0.8,0.8006514657980456,0.03994195908308029,0.23713355048859935,1229,0.2563059397884459
temporal_reconstructed,45,knn10_cosine,0.7,0.7022801302931596,0.03654562681913376,0.23713355048859935,1078,0.2662337662337662
temporal_reconstructed,45,knn10_cosine,0.6,0.6019543973941368,0.034023553133010864,0.23713355048859935,924,0.2727272727272727
temporal_reconstructed,45,knn10_cosine,0.5,0.5087947882736157,0.03211137652397156,0.23713355048859935,781,0.2560819462227913
temporal_reconstructed,46,confidence,0.9,0.9069010416666666,0.8776374180074834,0.24153645833333334,1393,0.22541277817659727
temporal_reconstructed,46,confidence,0.8,0.8209635416666666,0.7954142674397453,0.24153645833333334,1261,0.21808088818398097
temporal_reconstructed,46,confidence,0.7,0.7239583333333334,0.7214437384437271,0.24153645833333334,1112,0.2158273381294964
temporal_reconstructed,46,confidence,0.6,0.6236979166666666,0.6525207064525176,0.24153645833333334,958,0.22129436325678498
temporal_reconstructed,46,confidence,0.5,0.5325520833333334,0.5892181196571185,0.24153645833333334,818,0.2310513447432763
temporal_reconstructed,46,knn10_cosine,0.9,0.8704427083333334,0.04489406198263168,0.24153645833333334,1337,0.2647718773373224
temporal_reconstructed,46,knn10_cosine,0.8,0.740234375,0.0384833961725235,0.24153645833333334,1137,0.2770448548812665
temporal_reconstructed,46,knn10_cosine,0.7,0.63671875,0.03556891530752182,0.24153645833333334,978,0.28016359918200406
temporal_reconstructed,46,knn10_cosine,0.6,0.5305989583333334,0.03309308737516403,0.24153645833333334,815,0.2785276073619632
temporal_reconstructed,46,knn10_cosine,0.5,0.4225260416666667,0.031362384557724,0.24153645833333334,649,0.2696456086286595
temporal_reconstructed,47,confidence,0.9,0.8742138364779874,0.8597882926054908,0.27122641509433965,1112,0.26169064748201437
temporal_reconstructed,47,confidence,0.8,0.7845911949685535,0.7798063762778225,0.27122641509433965,998,0.24949899799599198
temporal_reconstructed,47,confidence,0.7,0.7272012578616353,0.7211517543580713,0.27122641509433965,925,0.24216216216216216
temporal_reconstructed,47,confidence,0.6,0.6572327044025157,0.6607490349195092,0.27122641509433965,836,0.24641148325358853
temporal_reconstructed,47,confidence,0.5,0.5825471698113207,0.6018002417905259,0.27122641509433965,741,0.24156545209176788
temporal_reconstructed,47,knn10_cosine,0.9,0.940251572327044,0.04772578179836273,0.27122641509433965,1196,0.2725752508361204
temporal_reconstructed,47,knn10_cosine,0.8,0.8647798742138365,0.04171678051352501,0.27122641509433965,1100,0.27090909090909093
temporal_reconstructed,47,knn10_cosine,0.7,0.764937106918239,0.03731348738074303,0.27122641509433965,973,0.27132579650565264
temporal_reconstructed,47,knn10_cosine,0.6,0.6674528301886793,0.034653641283512115,0.27122641509433965,849,0.26501766784452296
temporal_reconstructed,47,knn10_cosine,0.5,0.5558176100628931,0.032428544014692307,0.27122641509433965,707,0.26874115983026875
temporal_reconstructed,48,confidence,0.9,0.834445118253487,0.8362536866599932,0.22255912674348088,1376,0.20276162790697674
temporal_reconstructed,48,confidence,0.8,0.739842328684051,0.758721632686895,0.22255912674348088,1220,0.19918032786885245
temporal_reconstructed,48,confidence,0.7,0.624620982413584,0.6815090821307008,0.22255912674348088,1030,0.20097087378640777
temporal_reconstructed,48,confidence,0.6,0.5184960582171013,0.6117466715231646,0.22255912674348088,855,0.20584795321637428
temporal_reconstructed,48,confidence,0.5,0.4214675560946028,0.5427205137482455,0.22255912674348088,695,0.21151079136690648
temporal_reconstructed,48,knn10_cosine,0.9,0.8550636749545178,0.04423150420188904,0.22255912674348088,1410,0.24113475177304963
temporal_reconstructed,48,knn10_cosine,0.8,0.7671315949060037,0.03896154835820198,0.22255912674348088,1265,0.2426877470355731
temporal_reconstructed,48,knn10_cosine,0.7,0.6967859308671922,0.03641203045845032,0.22255912674348088,1149,0.24891209747606616
temporal_reconstructed,48,knn10_cosine,0.6,0.593086719223772,0.033925242722034454,0.22255912674348088,978,0.2505112474437628
temporal_reconstructed,48,knn10_cosine,0.5,0.49727107337780474,0.03199271112680435,0.22255912674348088,820,0.2451219512195122
temporal_reconstructed,49,confidence,0.9,0.8791484032561052,0.8597079986035662,0.2185347526612398,1404,0.20868945868945868
temporal_reconstructed,49,confidence,0.8,0.7476518472135254,0.7614959669471248,0.2185347526612398,1194,0.20435510887772193
temporal_reconstructed,49,confidence,0.7,0.6073888541014402,0.6765697264804169,0.2185347526612398,970,0.21237113402061855
temporal_reconstructed,49,confidence,0.6,0.49843456480901693,0.603377953458911,0.2185347526612398,796,0.228643216080402
temporal_reconstructed,49,confidence,0.5,0.3907326236693801,0.5322263785997248,0.2185347526612398,624,0.24519230769230768
temporal_reconstructed,49,knn10_cosine,0.9,0.8722604884157796,0.04491173475980759,0.2185347526612398,1393,0.23115577889447236
temporal_reconstructed,49,knn10_cosine,0.8,0.7877269881026926,0.03959677368402481,0.2185347526612398,1258,0.23529411764705882
temporal_reconstructed,49,knn10_cosine,0.7,0.7163431433938635,0.036837562918663025,0.2185347526612398,1144,0.2368881118881119
temporal_reconstructed,49,knn10_cosine,0.6,0.6180338134001252,0.03415871411561966,0.2185347526612398,987,0.24012158054711247
temporal_reconstructed,49,knn10_cosine,0.5,0.5203506574827802,0.0322595089673996,0.2185347526612398,831,0.2286401925391095
temporal_reconstructed,50,confidence,0.9,0.9117938553022795,0.8779375934197843,0.22497522299306244,920,0.2076086956521739
temporal_reconstructed,50,confidence,0.8,0.7948463825569871,0.7855296338111779,0.22497522299306244,802,0.2082294264339152
temporal_reconstructed,50,confidence,0.7,0.66798810703667,0.7040292309911703,0.22497522299306244,674,0.21513353115727002
temporal_reconstructed,50,confidence,0.6,0.5282457879088206,0.6269628321352781,0.22497522299306244,533,0.22326454033771106
temporal_reconstructed,50,confidence,0.5,0.4489593657086224,0.5638942993732645,0.22497522299306244,453,0.23399558498896247
temporal_reconstructed,50,knn10_cosine,0.9,0.8771060455896927,0.04535069316625595,0.22497522299306244,885,0.24293785310734464
temporal_reconstructed,50,knn10_cosine,0.8,0.798810703666997,0.039884090423583984,0.22497522299306244,806,0.23945409429280398
temporal_reconstructed,50,knn10_cosine,0.7,0.7333994053518335,0.036932412534952164,0.22497522299306244,740,0.22702702702702704
temporal_reconstructed,50,knn10_cosine,0.6,0.6739345887016849,0.034540001302957535,0.22497522299306244,680,0.21323529411764705
temporal_reconstructed,50,knn10_cosine,0.5,0.6164519326065411,0.03270592540502548,0.22497522299306244,622,0.20739549839228297
temporal_reconstructed,51,confidence,0.9,0.906060606060606,0.8755204435415866,0.17045454545454544,1196,0.15719063545150502
temporal_reconstructed,51,confidence,0.8,0.771969696969697,0.773386016313435,0.17045454545454544,1019,0.1491658488714426
temporal_reconstructed,51,confidence,0.7,0.6606060606060606,0.6999463993693928,0.17045454545454544,872,0.15252293577981652
temporal_reconstructed,51,confidence,0.6,0.5416666666666666,0.6259310471174985,0.17045454545454544,715,0.14825174825174825
temporal_reconstructed,51,confidence,0.5,0.4318181818181818,0.5548186614189763,0.17045454545454544,570,0.1543859649122807
temporal_reconstructed,51,knn10_cosine,0.9,0.9325757575757576,0.047535240650177,0.17045454545454544,1231,0.17465475223395613
temporal_reconstructed,51,knn10_cosine,0.8,0.8613636363636363,0.04171182960271835,0.17045454545454544,1137,0.1785400175901495
temporal_reconstructed,51,knn10_cosine,0.7,0.7712121212121212,0.037477098405361176,0.17045454545454544,1018,0.1807465618860511
temporal_reconstructed,51,knn10_cosine,0.6,0.6666666666666666,0.034692518413066864,0.17045454545454544,880,0.1784090909090909
temporal_reconstructed,51,knn10_cosine,0.5,0.5833333333333334,0.03265920281410217,0.17045454545454544,770,0.17792207792207793
temporal_reconstructed,52,confidence,0.9,0.8733889310083397,0.8588037316889587,0.25928733889310085,1152,0.24479166666666666
temporal_reconstructed,52,confidence,0.8,0.799090219863533,0.7860441303250171,0.25928733889310085,1054,0.24003795066413663
temporal_reconstructed,52,confidence,0.7,0.7369219105382866,0.7242638359801679,0.25928733889310085,972,0.23251028806584362
temporal_reconstructed,52,confidence,0.6,0.6497346474601972,0.6586659348712645,0.25928733889310085,857,0.23570595099183198
temporal_reconstructed,52,confidence,0.5,0.5617892342683851,0.5968084033796072,0.25928733889310085,741,0.23346828609986506
temporal_reconstructed,52,knn10_cosine,0.9,0.8627748294162244,0.04479505121707916,0.25928733889310085,1138,0.27768014059753954
temporal_reconstructed,52,knn10_cosine,0.8,0.7642153146322972,0.03910645470023155,0.25928733889310085,1008,0.2777777777777778
temporal_reconstructed,52,knn10_cosine,0.7,0.6899166034874905,0.03634587675333023,0.25928733889310085,910,0.27362637362637365
temporal_reconstructed,52,knn10_cosine,0.6,0.5974222896133434,0.03396976739168167,0.25928733889310085,788,0.2753807106598985
temporal_reconstructed,52,knn10_cosine,0.5,0.4988627748294162,0.03200789913535118,0.25928733889310085,658,0.26595744680851063
temporal_reconstructed,53,confidence,0.9,0.8444738583719391,0.8439517864706679,0.26472534745201853,1276,0.25705329153605017
temporal_reconstructed,53,confidence,0.8,0.7511581733951026,0.764599512818903,0.26472534745201853,1135,0.25903083700440527
temporal_reconstructed,53,confidence,0.7,0.6479152878888154,0.6937839401648873,0.26472534745201853,979,0.26455566905005107
temporal_reconstructed,53,confidence,0.6,0.5393778954334878,0.6219962663041907,0.26472534745201853,815,0.27975460122699386
temporal_reconstructed,53,confidence,0.5,0.44209133024487096,0.5555492258011173,0.26472534745201853,668,0.2949101796407186
temporal_reconstructed,53,knn10_cosine,0.9,0.913964262078094,0.0467865876853466,0.26472534745201853,1381,0.278783490224475
temporal_reconstructed,53,knn10_cosine,0.8,0.8239576439444076,0.04065391421318054,0.26472534745201853,1245,0.2859437751004016
temporal_reconstructed,53,knn10_cosine,0.7,0.7326273990734613,0.03704770654439926,0.26472534745201853,1107,0.2872628726287263
temporal_reconstructed,53,knn10_cosine,0.6,0.6300463269358041,0.03431309387087822,0.26472534745201853,952,0.2815126050420168
temporal_reconstructed,53,knn10_cosine,0.5,0.5029781601588352,0.032056063413619995,0.26472534745201853,760,0.27631578947368424
temporal_reconstructed,54,confidence,0.9,0.9276218611521418,0.8882866999199457,0.26809453471196454,1256,0.25238853503184716
temporal_reconstructed,54,confidence,0.8,0.8353028064992615,0.7990974595517235,0.26809453471196454,1131,0.242263483642794
temporal_reconstructed,54,confidence,0.7,0.7016248153618907,0.7118748248018641,0.26809453471196454,950,0.24736842105263157
temporal_reconstructed,54,confidence,0.6,0.6093057607090103,0.6489992552079336,0.26809453471196454,825,0.2581818181818182
temporal_reconstructed,54,confidence,0.5,0.5014771048744461,0.5766102767629937,0.26809453471196454,679,0.27245949926362295
temporal_reconstructed,54,knn10_cosine,0.9,0.8677991137370753,0.04491376876831055,0.26809453471196454,1175,0.29531914893617023
temporal_reconstructed,54,knn10_cosine,0.8,0.7740029542097489,0.03929780796170235,0.26809453471196454,1048,0.29961832061068705
temporal_reconstructed,54,knn10_cosine,0.7,0.6772525849335302,0.03619430586695671,0.26809453471196454,917,0.3064340239912759
temporal_reconstructed,54,knn10_cosine,0.6,0.5576070901033974,0.03362108767032623,0.26809453471196454,755,0.2900662251655629
temporal_reconstructed,54,knn10_cosine,0.5,0.4601181683899557,0.031735099852085114,0.26809453471196454,623,0.27608346709470305
temporal_reconstructed,55,confidence,0.9,0.8824771287825475,0.8628842270109681,0.21252638986629135,1254,0.18899521531100477
temporal_reconstructed,55,confidence,0.8,0.752990851513019,0.765592076188863,0.21252638986629135,1070,0.17850467289719626
temporal_reconstructed,55,confidence,0.7,0.6080225193525686,0.6805303976344953,0.21252638986629135,864,0.17476851851851852
temporal_reconstructed,55,confidence,0.6,0.4954257565095003,0.6080968795759508,0.21252638986629135,704,0.17755681818181818
temporal_reconstructed,55,confidence,0.5,0.40816326530612246,0.5423749180224913,0.21252638986629135,580,0.17413793103448275
temporal_reconstructed,55,knn10_cosine,0.9,0.9486277269528501,0.04870638996362686,0.21252638986629135,1348,0.2166172106824926
temporal_reconstructed,55,knn10_cosine,0.8,0.8578465869106263,0.04171430319547653,0.21252638986629135,1219,0.22641509433962265
temporal_reconstructed,55,knn10_cosine,0.7,0.7642505277973258,0.037433162331581116,0.21252638986629135,1086,0.23756906077348067
temporal_reconstructed,55,knn10_cosine,0.6,0.6833216045038705,0.03494714945554733,0.21252638986629135,971,0.2399588053553038
temporal_reconstructed,55,knn10_cosine,0.5,0.5911330049261084,0.03280853107571602,0.21252638986629135,840,0.2357142857142857
temporal_reconstructed,56,confidence,0.9,0.9195478723404256,0.8848723850169874,0.22273936170212766,1383,0.21330441070137382
temporal_reconstructed,56,confidence,0.8,0.8424202127659575,0.8043846567458833,0.22273936170212766,1267,0.20757695343330704
temporal_reconstructed,56,confidence,0.7,0.7872340425531915,0.7474157817462789,0.22273936170212766,1184,0.20692567567567569
temporal_reconstructed,56,confidence,0.6,0.7047872340425532,0.6837706257594862,0.22273936170212766,1060,0.2037735849056604
temporal_reconstructed,56,confidence,0.5,0.6170212765957447,0.6204439046091421,0.22273936170212766,928,0.2101293103448276
temporal_reconstructed,56,knn10_cosine,0.9,0.8231382978723404,0.043324779719114304,0.22273936170212766,1238,0.2455573505654281
temporal_reconstructed,56,knn10_cosine,0.8,0.7001329787234043,0.03780355677008629,0.22273936170212766,1053,0.25546058879392214
temporal_reconstructed,56,knn10_cosine,0.7,0.6063829787234043,0.0351070761680603,0.22273936170212766,912,0.26644736842105265
temporal_reconstructed,56,knn10_cosine,0.6,0.5079787234042553,0.03282568231225014,0.22273936170212766,764,0.2643979057591623
temporal_reconstructed,56,knn10_cosine,0.5,0.4148936170212766,0.03129509091377258,0.22273936170212766,624,0.2708333333333333
temporal_reconstructed,57,confidence,0.9,0.9029508196721312,0.8750330935395922,0.25901639344262295,1377,0.2411038489469862
temporal_reconstructed,57,confidence,0.8,0.7816393442622951,0.7770793572286796,0.25901639344262295,1192,0.2348993288590604
temporal_reconstructed,57,confidence,0.7,0.6577049180327869,0.697243423823513,0.25901639344262295,1003,0.2333000997008973
temporal_reconstructed,57,confidence,0.6,0.5632786885245902,0.6322101812361052,0.25901639344262295,859,0.2409778812572759
temporal_reconstructed,57,confidence,0.5,0.460327868852459,0.5624999929470109,0.25901639344262295,702,0.25925925925925924
temporal_reconstructed,57,knn10_cosine,0.9,0.8695081967213115,0.0448642298579216,0.25901639344262295,1326,0.2812971342383107
temporal_reconstructed,57,knn10_cosine,0.8,0.7455737704918033,0.03855324536561966,0.25901639344262295,1137,0.2928759894459103
temporal_reconstructed,57,knn10_cosine,0.7,0.6491803278688525,0.03572233393788338,0.25901639344262295,990,0.29797979797979796
temporal_reconstructed,57,knn10_cosine,0.6,0.5527868852459017,0.03350619226694107,0.25901639344262295,843,0.2930011862396204
temporal_reconstructed,57,knn10_cosine,0.5,0.45049180327868854,0.031601570546627045,0.25901639344262295,687,0.2838427947598253
temporal_reconstructed,58,confidence,0.9,0.9024230517354289,0.8743615630497706,0.22920759659463,1378,0.21407837445573294
temporal_reconstructed,58,confidence,0.8,0.8055009823182712,0.7890567265358303,0.22920759659463,1230,0.1991869918699187
temporal_reconstructed,58,confidence,0.7,0.6954813359528488,0.7093870961310361,0.22920759659463,1062,0.2015065913370998
temporal_reconstructed,58,confidence,0.6,0.6149312377210217,0.6508899913042004,0.22920759659463,939,0.19488817891373802
temporal_reconstructed,58,confidence,0.5,0.510150622134905,0.5803371873060792,0.22920759659463,779,0.1951219512195122
temporal_reconstructed,58,knn10_cosine,0.9,0.9430255402750491,0.04860185459256172,0.22920759659463,1440,0.2361111111111111
temporal_reconstructed,58,knn10_cosine,0.8,0.85396201702685,0.04171678051352501,0.22920759659463,1304,0.24079754601226994
temporal_reconstructed,58,knn10_cosine,0.7,0.7445972495088409,0.03720209375023842,0.22920759659463,1137,0.24802110817941952
temporal_reconstructed,58,knn10_cosine,0.6,0.6123117223313687,0.03409576416015625,0.22920759659463,935,0.25133689839572193
temporal_reconstructed,58,knn10_cosine,0.5,0.5166994106090373,0.032220881432294846,0.22920759659463,789,0.23447401774397972
temporal_reconstructed,59,confidence,0.9,0.8693537178596248,0.8563721030814496,0.25364836692147325,1251,0.2446043165467626
temporal_reconstructed,59,confidence,0.8,0.7241139680333565,0.7579426740785612,0.25364836692147325,1042,0.24664107485604606
temporal_reconstructed,59,confidence,0.7,0.6122307157748437,0.6811242266629435,0.25364836692147325,881,0.2542565266742338
temporal_reconstructed,59,confidence,0.6,0.49687282835302293,0.6080549307818449,0.25364836692147325,715,0.27132867132867133
temporal_reconstructed,59,confidence,0.5,0.37109103544127864,0.5307597976644117,0.25364836692147325,534,0.30337078651685395
temporal_reconstructed,59,knn10_cosine,0.9,0.925642807505212,0.04720507934689522,0.25364836692147325,1332,0.26126126126126126
temporal_reconstructed,59,knn10_cosine,0.8,0.8366921473245309,0.04096033796668053,0.25364836692147325,1204,0.2599667774086379
temporal_reconstructed,59,knn10_cosine,0.7,0.752605976372481,0.03727072477340698,0.25364836692147325,1083,0.25761772853185594
temporal_reconstructed,59,knn10_cosine,0.6,0.6441973592772758,0.0344574972987175,0.25364836692147325,927,0.25026968716289105
temporal_reconstructed,59,knn10_cosine,0.5,0.5295343988881167,0.0322769358754158,0.25364836692147325,762,0.2388451443569554
temporal_reconstructed,60,confidence,0.9,0.8931572629051621,0.8696372044454521,0.22809123649459784,1488,0.21370967741935484
temporal_reconstructed,60,confidence,0.8,0.8181272509003601,0.7944580685563584,0.22809123649459784,1363,0.2090975788701394
temporal_reconstructed,60,confidence,0.7,0.7424969987995198,0.7320292450003127,0.22809123649459784,1237,0.2053354890864996
temporal_reconstructed,60,confidence,0.6,0.6638655462184874,0.6711340269428868,0.22809123649459784,1106,0.20976491862567812
temporal_reconstructed,60,confidence,0.5,0.5840336134453782,0.6114423985948809,0.22809123649459784,973,0.20966084275436794
temporal_reconstructed,60,knn10_cosine,0.9,0.8397358943577431,0.04363187775015831,0.22809123649459784,1399,0.2523230879199428
temporal_reconstructed,60,knn10_cosine,0.8,0.7406962785114045,0.03834177181124687,0.22809123649459784,1234,0.26175040518638576
temporal_reconstructed,60,knn10_cosine,0.7,0.6158463385354142,0.035107675939798355,0.22809123649459784,1026,0.2729044834307992
temporal_reconstructed,60,knn10_cosine,0.6,0.4777911164465786,0.03243368864059448,0.22809123649459784,796,0.2776381909547739
temporal_reconstructed,60,knn10_cosine,0.5,0.37815126050420167,0.0308900885283947,0.22809123649459784,630,0.26666666666666666
temporal_reconstructed,61,confidence,0.9,0.9112466124661247,0.880639188596354,0.21138211382113822,1345,0.2
temporal_reconstructed,61,confidence,0.8,0.7601626016260162,0.768049960831791,0.21138211382113822,1122,0.19964349376114082
temporal_reconstructed,61,confidence,0.7,0.6294037940379403,0.688513574759345,0.21138211382113822,929,0.21205597416576966
temporal_reconstructed,61,confidence,0.6,0.4911924119241192,0.6039962404515001,0.21138211382113822,725,0.22482758620689655
temporal_reconstructed,61,confidence,0.5,0.3956639566395664,0.5372557580753866,0.21138211382113822,584,0.25
temporal_reconstructed,61,knn10_cosine,0.9,0.8529810298102981,0.04436425119638443,0.21138211382113822,1259,0.23193010325655283
temporal_reconstructed,61,knn10_cosine,0.8,0.7547425474254743,0.03879319131374359,0.21138211382113822,1114,0.236983842010772
temporal_reconstructed,61,knn10_cosine,0.7,0.6537940379403794,0.03581491857767105,0.21138211382113822,965,0.22694300518134716
temporal_reconstructed,61,knn10_cosine,0.6,0.5508130081300813,0.033496350049972534,0.21138211382113822,813,0.22509225092250923
temporal_reconstructed,61,knn10_cosine,0.5,0.46070460704607047,0.03171391412615776,0.21138211382113822,680,0.2161764705882353
temporal_reconstructed,62,confidence,0.9,0.8637212196639701,0.8521986246904993,0.2551337896701929,1388,0.24063400576368876
temporal_reconstructed,62,confidence,0.8,0.7853142501555694,0.7787058780384514,0.2551337896701929,1262,0.23454833597464342
temporal_reconstructed,62,confidence,0.7,0.7224642190416926,0.7213415815633857,0.2551337896701929,1161,0.22911283376399655
temporal_reconstructed,62,confidence,0.6,0.6216552582451773,0.6521754759167334,0.2551337896701929,999,0.23623623623623624
temporal_reconstructed,62,confidence,0.5,0.5345364032358432,0.5901982824288636,0.2551337896701929,859,0.239813736903376
temporal_reconstructed,62,knn10_cosine,0.9,0.8637212196639701,0.044631246477365494,0.2551337896701929,1388,0.2737752161383285
temporal_reconstructed,62,knn10_cosine,0.8,0.7554449284380834,0.038734640926122665,0.2551337896701929,1214,0.2808896210873147
temporal_reconstructed,62,knn10_cosine,0.7,0.6838830118232732,0.0362236462533474,0.2551337896701929,1099,0.27934485896269334
temporal_reconstructed,62,knn10_cosine,0.6,0.5930304915992533,0.03393040597438812,0.2551337896701929,953,0.2759706190975866
temporal_reconstructed,62,knn10_cosine,0.5,0.4903546981953951,0.03195587545633316,0.2551337896701929,788,0.26649746192893403
temporal_reconstructed,63,confidence,0.9,0.9298578199052133,0.8858242348774314,0.2881516587677725,981,0.2742099898063201
temporal_reconstructed,63,confidence,0.8,0.8398104265402844,0.7971314857401077,0.2881516587677725,886,0.27200902934537247
temporal_reconstructed,63,confidence,0.7,0.738388625592417,0.7227478206533873,0.2881516587677725,779,0.2772785622593068
temporal_reconstructed,63,confidence,0.6,0.6464454976303318,0.6554959997086443,0.2881516587677725,682,0.29178885630498536
temporal_reconstructed,63,confidence,0.5,0.5279620853080569,0.5836699143549067,0.2881516587677725,557,0.2998204667863555
temporal_reconstructed,63,knn10_cosine,0.9,0.9260663507109005,0.046948179602622986,0.2881516587677725,977,0.29580348004094165
temporal_reconstructed,63,knn10_cosine,0.8,0.8398104265402844,0.040754981338977814,0.2881516587677725,886,0.2945823927765237
temporal_reconstructed,63,knn10_cosine,0.7,0.7545023696682465,0.03711698576807976,0.2881516587677725,796,0.29020100502512564
temporal_reconstructed,63,knn10_cosine,0.6,0.6758293838862559,0.03460785001516342,0.2881516587677725,713,0.2903225806451613
temporal_reconstructed,63,knn10_cosine,0.5,0.5876777251184834,0.03255515545606613,0.2881516587677725,620,0.2725806451612903
temporal_reconstructed,64,confidence,0.9,0.8334426229508197,0.8379240382893635,0.22885245901639345,1271,0.21715184893784423
temporal_reconstructed,64,confidence,0.8,0.7396721311475409,0.7599895989753152,0.22885245901639345,1128,0.2127659574468085
temporal_reconstructed,64,confidence,0.7,0.6354098360655738,0.6893717285363139,0.22885245901639345,969,0.21878224974200206
temporal_reconstructed,64,confidence,0.6,0.5383606557377049,0.6215908349758446,0.22885245901639345,821,0.2192448233861145
temporal_reconstructed,64,confidence,0.5,0.44,0.5546302565922845,0.22885245901639345,671,0.22950819672131148
temporal_reconstructed,64,knn10_cosine,0.9,0.8629508196721312,0.04466759413480759,0.22885245901639345,1316,0.24620060790273557
temporal_reconstructed,64,knn10_cosine,0.8,0.7724590163934426,0.03916823863983154,0.22885245901639345,1178,0.25127334465195245
temporal_reconstructed,64,knn10_cosine,0.7,0.6708196721311476,0.03609740734100342,0.22885245901639345,1023,0.25024437927663734
temporal_reconstructed,64,knn10_cosine,0.6,0.5822950819672131,0.03379387781023979,0.22885245901639345,888,0.2545045045045045
temporal_reconstructed,64,knn10_cosine,0.5,0.46491803278688526,0.031735487282276154,0.22885245901639345,709,0.2538787023977433
temporal_reconstructed,65,confidence,0.9,0.8612334801762115,0.8532043153891827,0.26798825256975034,1173,0.25404944586530265
temporal_reconstructed,65,confidence,0.8,0.7422907488986784,0.763266685107667,0.26798825256975034,1011,0.2502472799208704
temporal_reconstructed,65,confidence,0.7,0.6372980910425844,0.6919724193707911,0.26798825256975034,868,0.26036866359447003
temporal_reconstructed,65,confidence,0.6,0.5484581497797357,0.6270133810842408,0.26798825256975034,747,0.2583668005354752
temporal_reconstructed,65,confidence,0.5,0.4552129221732746,0.5624581029394851,0.26798825256975034,620,0.27580645161290324
temporal_reconstructed,65,knn10_cosine,0.9,0.9353891336270191,0.04763928800821304,0.26798825256975034,1274,0.2755102040816326
temporal_reconstructed,65,knn10_cosine,0.8,0.8568281938325991,0.04162084683775902,0.26798825256975034,1167,0.2827763496143959
temporal_reconstructed,65,knn10_cosine,0.7,0.7525697503671072,0.03725648671388626,0.26798825256975034,1025,0.2868292682926829
temporal_reconstructed,65,knn10_cosine,0.6,0.6233480176211453,0.0341799259185791,0.26798825256975034,849,0.2944640753828033
temporal_reconstructed,65,knn10_cosine,0.5,0.5088105726872246,0.03209777921438217,0.26798825256975034,693,0.27994227994227994
temporal_reconstructed,66,confidence,0.9,0.926729986431479,0.8892950416062745,0.2700135685210312,1366,0.26061493411420206
temporal_reconstructed,66,confidence,0.8,0.810719131614654,0.7914965323364663,0.2700135685210312,1195,0.25523012552301255
temporal_reconstructed,66,confidence,0.7,0.7204884667571235,0.7207306174937826,0.2700135685210312,1062,0.2570621468926554
temporal_reconstructed,66,confidence,0.6,0.641112618724559,0.6579231748168554,0.2700135685210312,945,0.2656084656084656
temporal_reconstructed,66,confidence,0.5,0.5583446404341926,0.5978784191300551,0.2700135685210312,823,0.2709599027946537
temporal_reconstructed,66,knn10_cosine,0.9,0.9260515603799185,0.04730544611811638,0.2700135685210312,1365,0.27912087912087913
temporal_reconstructed,66,knn10_cosine,0.8,0.8066485753052918,0.04010967165231705,0.2700135685210312,1189,0.28931875525651807
temporal_reconstructed,66,knn10_cosine,0.7,0.6492537313432836,0.03575318306684494,0.2700135685210312,957,0.2894461859979101
temporal_reconstructed,66,knn10_cosine,0.6,0.49864314789687925,0.03278637304902077,0.2700135685210312,735,0.2870748299319728
temporal_reconstructed,66,knn10_cosine,0.5,0.39823609226594303,0.03118192031979561,0.2700135685210312,587,0.2776831345826235
temporal_reconstructed,67,confidence,0.9,0.9187301587301587,0.884963324097976,0.23492063492063492,1447,0.22252937111264687
temporal_reconstructed,67,confidence,0.8,0.8425396825396826,0.8048556219681514,0.23492063492063492,1327,0.2185380557648832
temporal_reconstructed,67,confidence,0.7,0.7453968253968254,0.7322014263061566,0.23492063492063492,1174,0.21890971039182283
temporal_reconstructed,67,confidence,0.6,0.6457142857142857,0.6603418217312591,0.23492063492063492,1017,0.22713864306784662
temporal_reconstructed,67,confidence,0.5,0.5422222222222223,0.5934242890517698,0.23492063492063492,854,0.23536299765807964
temporal_reconstructed,67,knn10_cosine,0.9,0.8647619047619047,0.04468139261007309,0.23492063492063492,1362,0.25183553597650515
temporal_reconstructed,67,knn10_cosine,0.8,0.758095238095238,0.03882076218724251,0.23492063492063492,1194,0.25795644891122277
temporal_reconstructed,67,knn10_cosine,0.7,0.6825396825396826,0.03621219843626022,0.23492063492063492,1075,0.26325581395348835
temporal_reconstructed,67,knn10_cosine,0.6,0.5733333333333334,0.03371134400367737,0.23492063492063492,903,0.26578073089701
temporal_reconstructed,67,knn10_cosine,0.5,0.46984126984126984,0.031784750521183014,0.23492063492063492,740,0.2635135135135135
temporal_reconstructed,68,confidence,0.9,0.8752449379490529,0.8581354655822332,0.20705421293272372,1340,0.1925373134328358
temporal_reconstructed,68,confidence,0.8,0.7544088830829523,0.764842857465985,0.20705421293272372,1155,0.19047619047619047
temporal_reconstructed,68,confidence,0.7,0.6453298497713913,0.6922233844431116,0.20705421293272372,988,0.19635627530364372
temporal_reconstructed,68,confidence,0.6,0.5323318092749837,0.6199966649398883,0.20705421293272372,815,0.20613496932515338
temporal_reconstructed,68,confidence,0.5,0.4271717831482691,0.5487349789674641,0.20705421293272372,654,0.21559633027522937
temporal_reconstructed,68,knn10_cosine,0.9,0.9268451992161986,0.047457143664360046,0.20705421293272372,1419,0.21282593375616632
temporal_reconstructed,68,knn10_cosine,0.8,0.8543435662965382,0.041725464165210724,0.20705421293272372,1308,0.21100917431192662
temporal_reconstructed,68,knn10_cosine,0.7,0.7785760940561725,0.0377657525241375,0.20705421293272372,1192,0.21224832214765102
temporal_reconstructed,68,knn10_cosine,0.6,0.7093403004572175,0.035450320690870285,0.20705421293272372,1086,0.20626151012891344
temporal_reconstructed,68,knn10_cosine,0.5,0.6270411495754409,0.03341908007860184,0.20705421293272372,960,0.20625
temporal_reconstructed,69,confidence,0.9,0.8973463687150838,0.8725817280937724,0.24162011173184358,1285,0.22879377431906614
temporal_reconstructed,69,confidence,0.8,0.7730446927374302,0.773126392201633,0.24162011173184358,1107,0.2204155374887082
temporal_reconstructed,69,confidence,0.7,0.6773743016759777,0.7039761113680695,0.24162011173184358,970,0.22164948453608246
temporal_reconstructed,69,confidence,0.6,0.5691340782122905,0.6358100720203265,0.24162011173184358,815,0.22576687116564417
temporal_reconstructed,69,confidence,0.5,0.46997206703910616,0.5652912354519068,0.24162011173184358,673,0.23179791976225855
temporal_reconstructed,69,knn10_cosine,0.9,0.9301675977653632,0.04753921926021576,0.24162011173184358,1332,0.24924924924924924
temporal_reconstructed,69,knn10_cosine,0.8,0.8177374301675978,0.040331773459911346,0.24162011173184358,1171,0.2527754056362084
temporal_reconstructed,69,knn10_cosine,0.7,0.7318435754189944,0.03699596971273422,0.24162011173184358,1048,0.2480916030534351
temporal_reconstructed,69,knn10_cosine,0.6,0.6201117318435754,0.03415895253419876,0.24162011173184358,888,0.24887387387387389
temporal_reconstructed,69,knn10_cosine,0.5,0.5251396648044693,0.03226109594106674,0.24162011173184358,752,0.24468085106382978
temporal_reconstructed,70,confidence,0.9,0.9098651525904897,0.8790229026572112,0.2370475514549326,1282,0.22464898595943839
temporal_reconstructed,70,confidence,0.8,0.8126330731014905,0.7916732514302752,0.2370475514549326,1145,0.22096069868995633
temporal_reconstructed,70,confidence,0.7,0.7196593328601846,0.7193452085153181,0.2370475514549326,1014,0.22583826429980275
temporal_reconstructed,70,confidence,0.6,0.6181689141234918,0.6510333532485971,0.2370475514549326,871,0.23880597014925373
temporal_reconstructed,70,confidence,0.5,0.5379701916252662,0.5898042033268128,0.2370475514549326,758,0.24934036939313983
temporal_reconstructed,70,knn10_cosine,0.9,0.8147622427253371,0.04324464872479439,0.2370475514549326,1148,0.2604529616724739
temporal_reconstructed,70,knn10_cosine,0.8,0.7019162526614621,0.03790640830993652,0.2370475514549326,989,0.2639029322548028
temporal_reconstructed,70,knn10_cosine,0.7,0.6288147622427254,0.035524435341358185,0.2370475514549326,886,0.26297968397291194
temporal_reconstructed,70,knn10_cosine,0.6,0.517388218594748,0.033044178038835526,0.2370475514549326,729,0.25651577503429357
temporal_reconstructed,70,knn10_cosine,0.5,0.42441447835344215,0.031416699290275574,0.2370475514549326,598,0.25418060200668896
temporal_reconstructed,71,confidence,0.9,0.8835149863760218,0.8629119550217939,0.25272479564032696,1297,0.24286815728604472
temporal_reconstructed,71,confidence,0.8,0.7922343324250681,0.7831286158147461,0.25272479564032696,1163,0.23903697334479793
temporal_reconstructed,71,confidence,0.7,0.6777929155313351,0.7038698721218677,0.25272479564032696,995,0.24120603015075376
temporal_reconstructed,71,confidence,0.6,0.5980926430517711,0.6439007857006213,0.25272479564032696,878,0.2460136674259681
temporal_reconstructed,71,confidence,0.5,0.5061307901907357,0.5790655208039777,0.25272479564032696,743,0.24629878869448182
temporal_reconstructed,71,knn10_cosine,0.9,0.8828337874659401,0.045311976224184036,0.25272479564032696,1296,0.27237654320987653
temporal_reconstructed,71,knn10_cosine,0.8,0.7615803814713896,0.03892582654953003,0.25272479564032696,1118,0.2889087656529517
temporal_reconstructed,71,knn10_cosine,0.7,0.6130790190735694,0.03526025265455246,0.25272479564032696,900,0.3011111111111111
temporal_reconstructed,71,knn10_cosine,0.6,0.5102179836512262,0.03290095552802086,0.25272479564032696,749,0.3030707610146863
temporal_reconstructed,71,knn10_cosine,0.5,0.40054495912806537,0.031198281794786453,0.25272479564032696,588,0.304421768707483
alphaearth,42,confidence,0.9,0.9535947712418301,0.8983725949555865,0.20980392156862746,1459,0.18917066483893077
alphaearth,42,confidence,0.8,0.9104575163398693,0.820843312314529,0.20980392156862746,1393,0.17372577171572146
alphaearth,42,confidence,0.7,0.8405228758169935,0.7439684154745108,0.20980392156862746,1286,0.15707620528771385
alphaearth,42,confidence,0.6,0.7261437908496732,0.6740880395874829,0.20980392156862746,1111,0.15121512151215122
alphaearth,42,confidence,0.5,0.6503267973856209,0.5813141078570259,0.20980392156862746,995,0.1185929648241206
alphaearth,42,knn10_cosine,0.9,0.9071895424836601,0.20074836909770966,0.20980392156862746,1388,0.16786743515850144
alphaearth,42,knn10_cosine,0.8,0.8516339869281045,0.17601320147514343,0.20980392156862746,1303,0.1496546431312356
alphaearth,42,knn10_cosine,0.7,0.8104575163398693,0.15978506207466125,0.20980392156862746,1240,0.13225806451612904
alphaearth,42,knn10_cosine,0.6,0.7673202614379085,0.14605267345905304,0.20980392156862746,1174,0.11073253833049404
alphaearth,42,knn10_cosine,0.5,0.6895424836601307,0.12535402178764343,0.20980392156862746,1055,0.07962085308056872
alphaearth,43,confidence,0.9,0.9398447606727037,0.8903348829086672,0.2186287192755498,1453,0.19683413626978666
alphaearth,43,confidence,0.8,0.8783958602846055,0.8029226441325433,0.2186287192755498,1358,0.18041237113402062
alphaearth,43,confidence,0.7,0.7729624838292367,0.7228713290993449,0.2186287192755498,1195,0.16903765690376568
alphaearth,43,confidence,0.6,0.7011642949547219,0.6637702812269798,0.2186287192755498,1084,0.15313653136531366
alphaearth,43,confidence,0.5,0.6248382923673997,0.5612810462905926,0.2186287192755498,966,0.11076604554865424
alphaearth,43,knn10_cosine,0.9,0.94372574385511,0.20811821520328522,0.2186287192755498,1459,0.1973954763536669
alphaearth,43,knn10_cosine,0.8,0.8796895213454075,0.17948682606220245,0.2186287192755498,1360,0.17941176470588235
alphaearth,43,knn10_cosine,0.7,0.8072445019404916,0.1595444232225418,0.2186287192755498,1248,0.15705128205128205
alphaearth,43,knn10_cosine,0.6,0.7115135834411385,0.1382695883512497,0.2186287192755498,1100,0.10818181818181818
alphaearth,43,knn10_cosine,0.5,0.5866752910737387,0.11598733812570572,0.2186287192755498,907,0.07166482910694598
alphaearth,44,confidence,0.9,0.9379686434901159,0.8868583364611261,0.18541240627130198,1376,0.15843023255813954
alphaearth,44,confidence,0.8,0.8602590320381731,0.7892675116213125,0.18541240627130198,1262,0.14421553090332806
alphaearth,44,confidence,0.7,0.7041581458759373,0.7005192664012962,0.18541240627130198,1033,0.12681510164569215
alphaearth,44,confidence,0.6,0.5862304021813224,0.591006148007329,0.18541240627130198,860,0.09302325581395349
alphaearth,44,confidence,0.5,0.49556918882072254,0.4669430678706594,0.18541240627130198,727,0.05364511691884457
alphaearth,44,knn10_cosine,0.9,0.9352419904567144,0.20551982522010803,0.18541240627130198,1372,0.1661807580174927
alphaearth,44,knn10_cosine,0.8,0.8813905930470347,0.17909486591815948,0.18541240627130198,1293,0.1608662026295437
alphaearth,44,knn10_cosine,0.7,0.7832310838445807,0.15607495605945587,0.18541240627130198,1149,0.1227154046997389
alphaearth,44,knn10_cosine,0.6,0.7198364008179959,0.13883398473262787,0.18541240627130198,1056,0.08806818181818182
alphaearth,44,knn10_cosine,0.5,0.6482617586912065,0.12084588408470154,0.18541240627130198,951,0.05362776025236593
alphaearth,45,confidence,0.9,0.9309446254071662,0.8825226371353743,0.1986970684039088,1429,0.17424772568229532
alphaearth,45,confidence,0.8,0.8403908794788274,0.7812641849619858,0.1986970684039088,1290,0.15813953488372093
alphaearth,45,confidence,0.7,0.7570032573289902,0.7171113101208912,0.1986970684039088,1162,0.14371772805507746
alphaearth,45,confidence,0.6,0.7022801302931596,0.663947442110672,0.1986970684039088,1078,0.137291280148423
alphaearth,45,confidence,0.5,0.6280130293159609,0.563939858658648,0.1986970684039088,964,0.10684647302904564
alphaearth,45,knn10_cosine,0.9,0.9732899022801303,0.21670420467853546,0.1986970684039088,1494,0.19143239625167335
alphaearth,45,knn10_cosine,0.8,0.9250814332247557,0.18817897140979767,0.1986970684039088,1420,0.18661971830985916
alphaearth,45,knn10_cosine,0.7,0.7960912052117264,0.15818682312965393,0.1986970684039088,1222,0.15384615384615385
alphaearth,45,knn10_cosine,0.6,0.6736156351791531,0.13338719308376312,0.1986970684039088,1034,0.11218568665377177
alphaearth,45,knn10_cosine,0.5,0.5061889250814332,0.10925139486789703,0.1986970684039088,777,0.06692406692406692
alphaearth,46,confidence,0.9,0.89453125,0.8570188998819477,0.24479166666666666,1374,0.21470160116448325
alphaearth,46,confidence,0.8,0.8216145833333334,0.7707101525068336,0.24479166666666666,1262,0.18462757527733756
alphaearth,46,confidence,0.7,0.7649739583333334,0.7196436841502745,0.24479166666666666,1175,0.16680851063829788
alphaearth,46,confidence,0.6,0.7174479166666666,0.6686619266065004,0.24479166666666666,1102,0.147005444646098
alphaearth,46,confidence,0.5,0.6354166666666666,0.5718777540994877,0.24479166666666666,976,0.10348360655737705
alphaearth,46,knn10_cosine,0.9,0.892578125,0.1980690062046051,0.24479166666666666,1371,0.212253829321663
alphaearth,46,knn10_cosine,0.8,0.7890625,0.16782696545124054,0.24479166666666666,1212,0.17904290429042904
alphaearth,46,knn10_cosine,0.7,0.6861979166666666,0.14586272835731506,0.24479166666666666,1054,0.13282732447817835
alphaearth,46,knn10_cosine,0.6,0.5533854166666666,0.11974730342626572,0.24479166666666666,850,0.07882352941176471
alphaearth,46,knn10_cosine,0.5,0.423828125,0.10297060012817383,0.24479166666666666,651,0.05069124423963134
alphaearth,47,confidence,0.9,0.815251572327044,0.8201716542964651,0.2908805031446541,1037,0.2420443587270974
alphaearth,47,confidence,0.8,0.6988993710691824,0.7290190864419906,0.2908805031446541,889,0.20697412823397077
alphaearth,47,confidence,0.7,0.625,0.6686340467999142,0.2908805031446541,795,0.1861635220125786
alphaearth,47,confidence,0.6,0.4803459119496855,0.521678914500463,0.2908805031446541,611,0.11129296235679215
alphaearth,47,confidence,0.5,0.3828616352201258,0.41742485184987443,0.2908805031446541,487,0.07186858316221766
alphaearth,47,knn10_cosine,0.9,0.8341194968553459,0.18789692223072052,0.2908805031446541,1061,0.24882186616399624
alphaearth,47,knn10_cosine,0.8,0.6839622641509434,0.1562744379043579,0.2908805031446541,870,0.2045977011494253
alphaearth,47,knn10_cosine,0.7,0.5283018867924528,0.12879128754138947,0.2908805031446541,672,0.11458333333333333
alphaearth,47,knn10_cosine,0.6,0.41823899371069184,0.11075768619775772,0.2908805031446541,532,0.06766917293233082
alphaearth,47,knn10_cosine,0.5,0.3231132075471698,0.09832410514354706,0.2908805031446541,411,0.04866180048661801
alphaearth,48,confidence,0.9,0.9345057610673135,0.8870221011037821,0.19345057610673136,1541,0.1700194678780013
alphaearth,48,confidence,0.8,0.8756822316555488,0.8044208995707778,0.19345057610673136,1444,0.15096952908587258
alphaearth,48,confidence,0.7,0.7798665858095816,0.7260100361103554,0.19345057610673136,1286,0.13297045101088648
alphaearth,48,confidence,0.6,0.7004244996967859,0.6657376289921758,0.19345057610673136,1155,0.11948051948051948
alphaearth,48,confidence,0.5,0.6088538508186779,0.5549504942587586,0.19345057610673136,1004,0.08565737051792828
alphaearth,48,knn10_cosine,0.9,0.9466343238326258,0.20975464582443237,0.19345057610673136,1561,0.1780909673286355
alphaearth,48,knn10_cosine,0.8,0.8611279563371741,0.17762811481952667,0.19345057610673136,1420,0.16338028169014085
alphaearth,48,knn10_cosine,0.7,0.7574287446937538,0.15445587038993835,0.19345057610673136,1249,0.1289031224979984
alphaearth,48,knn10_cosine,0.6,0.656155245603396,0.13166457414627075,0.19345057610673136,1082,0.0878003696857671
alphaearth,48,knn10_cosine,0.5,0.5312310491206792,0.11159728467464447,0.19345057610673136,876,0.0502283105022831
alphaearth,49,confidence,0.9,0.9236067626800251,0.8787806845010889,0.20663744520976832,1475,0.1871186440677966
alphaearth,49,confidence,0.8,0.8453350031308704,0.7843749464741273,0.20663744520976832,1350,0.16518518518518518
alphaearth,49,confidence,0.7,0.7726988102692548,0.7232117481005773,0.20663744520976832,1234,0.1539708265802269
alphaearth,49,confidence,0.6,0.6894176581089543,0.6592706452999497,0.20663744520976832,1101,0.13533151680290645
alphaearth,49,confidence,0.5,0.6123982467125861,0.5550448186830621,0.20663744520976832,978,0.0950920245398773
alphaearth,49,knn10_cosine,0.9,0.9355040701314965,0.20593973994255066,0.20663744520976832,1494,0.18005354752342703
alphaearth,49,knn10_cosine,0.8,0.8515967438948028,0.17612020671367645,0.20663744520976832,1360,0.15
alphaearth,49,knn10_cosine,0.7,0.7701941139636819,0.1555345207452774,0.20663744520976832,1230,0.12113821138211382
alphaearth,49,knn10_cosine,0.6,0.6981840951784596,0.13664905726909637,0.20663744520976832,1115,0.09147982062780269
alphaearth,49,knn10_cosine,0.5,0.5479023168440826,0.11277422308921814,0.20663744520976832,875,0.05142857142857143
alphaearth,50,confidence,0.9,0.8255698711595639,0.8313118790743661,0.2537165510406343,833,0.2028811524609844
alphaearth,50,confidence,0.8,0.5282457879088206,0.6999793902488308,0.2537165510406343,533,0.18198874296435272
alphaearth,50,confidence,0.7,0.34886025768087214,0.5628865258139361,0.2537165510406343,352,0.09943181818181818
alphaearth,50,confidence,0.6,0.23785926660059464,0.4366262688557727,0.2537165510406343,240,0.05416666666666667
alphaearth,50,confidence,0.5,0.17542120911793854,0.36591146728233037,0.2537165510406343,177,0.03954802259887006
alphaearth,50,knn10_cosine,0.9,0.7770069375619425,0.18345044553279877,0.2537165510406343,784,0.20408163265306123
alphaearth,50,knn10_cosine,0.8,0.6481665014866204,0.15602520108222961,0.2537165510406343,654,0.15137614678899083
alphaearth,50,knn10_cosine,0.7,0.5401387512388504,0.13339680433273315,0.2537165510406343,545,0.07155963302752294
alphaearth,50,knn10_cosine,0.6,0.48067393458870167,0.11697905510663986,0.2537165510406343,485,0.03917525773195876
alphaearth,50,knn10_cosine,0.5,0.4182358771060456,0.1048412024974823,0.2537165510406343,422,0.026066350710900472
alphaearth,51,confidence,0.9,0.9,0.8588697025479599,0.17727272727272728,1188,0.14814814814814814
alphaearth,51,confidence,0.8,0.8,0.7634271185759716,0.17727272727272728,1056,0.1268939393939394
alphaearth,51,confidence,0.7,0.6121212121212121,0.6643280876643427,0.17727272727272728,808,0.12128712871287128
alphaearth,51,confidence,0.6,0.5265151515151515,0.5534762243257214,0.17727272727272728,695,0.08057553956834532
alphaearth,51,confidence,0.5,0.4583333333333333,0.44925216189076544,0.17727272727272728,605,0.047933884297520664
alphaearth,51,knn10_cosine,0.9,0.9143939393939394,0.20167812705039978,0.17727272727272728,1207,0.1615575807787904
alphaearth,51,knn10_cosine,0.8,0.818939393939394,0.17088516056537628,0.17727272727272728,1081,0.1332099907493062
alphaearth,51,knn10_cosine,0.7,0.746969696969697,0.15249836444854736,0.17727272727272728,986,0.10344827586206896
alphaearth,51,knn10_cosine,0.6,0.6803030303030303,0.13310456275939941,0.17727272727272728,898,0.062360801781737196
alphaearth,51,knn10_cosine,0.5,0.6098484848484849,0.11653630435466766,0.17727272727272728,805,0.0484472049689441
alphaearth,52,confidence,0.9,0.8514025777103866,0.8360443595541212,0.27369219105382864,1123,0.22172751558325912
alphaearth,52,confidence,0.8,0.7263078089461713,0.7355811471526598,0.27369219105382864,958,0.1847599164926931
alphaearth,52,confidence,0.7,0.6194086429112965,0.6665297010437788,0.27369219105382864,817,0.17380660954712362
alphaearth,52,confidence,0.6,0.49052312357846856,0.525612079219043,0.27369219105382864,647,0.10046367851622875
alphaearth,52,confidence,0.5,0.35405610310841545,0.40370944080660753,0.27369219105382864,467,0.059957173447537475
alphaearth,52,knn10_cosine,0.9,0.8347232752084913,0.18771690130233765,0.27369219105382864,1101,0.23160762942779292
alphaearth,52,knn10_cosine,0.8,0.7225170583775588,0.1602734923362732,0.27369219105382864,953,0.1993704092339979
alphaearth,52,knn10_cosine,0.7,0.6080363912054587,0.13638603687286377,0.27369219105382864,802,0.128428927680798
alphaearth,52,knn10_cosine,0.6,0.5109931766489765,0.11724983155727386,0.27369219105382864,674,0.07418397626112759
alphaearth,52,knn10_cosine,0.5,0.4275966641394996,0.1043260246515274,0.27369219105382864,564,0.05673758865248227
alphaearth,53,confidence,0.9,0.9119788219722038,0.8703167977609366,0.2442091330244871,1378,0.21262699564586357
alphaearth,53,confidence,0.8,0.8266048974189278,0.7732332292194095,0.2442091330244871,1249,0.1921537229783827
alphaearth,53,confidence,0.7,0.7657180675049636,0.7195262418005152,0.2442091330244871,1157,0.17372515125324114
alphaearth,53,confidence,0.6,0.6591661151555261,0.6438765433662462,0.2442091330244871,996,0.1495983935742972
alphaearth,53,confidence,0.5,0.5393778954334878,0.49049384896256976,0.2442091330244871,815,0.08098159509202454
alphaearth,53,knn10_cosine,0.9,0.885506287227002,0.19705158472061157,0.2442091330244871,1338,0.20179372197309417
alphaearth,53,knn10_cosine,0.8,0.7895433487756452,0.16791781783103943,0.2442091330244871,1193,0.17937971500419111
alphaearth,53,knn10_cosine,0.7,0.686962276637988,0.14598314464092255,0.2442091330244871,1038,0.13198458574181118
alphaearth,53,knn10_cosine,0.6,0.5545996029119789,0.11990339308977127,0.2442091330244871,838,0.07875894988066826
alphaearth,53,knn10_cosine,0.5,0.4374586366644606,0.10437500476837158,0.2442091330244871,661,0.05597579425113464
alphaearth,54,confidence,0.9,0.8559822747415067,0.8382489026005545,0.25997045790251105,1159,0.2182916307161346
alphaearth,54,confidence,0.8,0.7540620384047267,0.7439074047545489,0.25997045790251105,1021,0.19000979431929482
alphaearth,54,confidence,0.7,0.6418020679468243,0.6748811706707498,0.25997045790251105,869,0.1714614499424626
alphaearth,54,confidence,0.6,0.5221565731166913,0.5462769824280734,0.25997045790251105,707,0.10183875530410184
alphaearth,54,confidence,0.5,0.3929098966026588,0.4198913147109449,0.25997045790251105,532,0.06203007518796992
alphaearth,54,knn10_cosine,0.9,0.844903988183161,0.18925738334655762,0.25997045790251105,1144,0.21765734265734266
alphaearth,54,knn10_cosine,0.8,0.6787296898079763,0.15542255342006683,0.25997045790251105,919,0.16539717083786726
alphaearth,54,knn10_cosine,0.7,0.569423929098966,0.132131889462471,0.25997045790251105,771,0.11154345006485085
alphaearth,54,knn10_cosine,0.6,0.48301329394387,0.11491024494171143,0.25997045790251105,654,0.06269113149847094
alphaearth,54,knn10_cosine,0.5,0.3951255539143279,0.10157310962677002,0.25997045790251105,535,0.048598130841121495
alphaearth,55,confidence,0.9,0.9049964813511612,0.8630441003483976,0.21745249824067558,1286,0.18584758942457233
alphaearth,55,confidence,0.8,0.8114004222378607,0.7667504547955661,0.21745249824067558,1153,0.16565481352992195
alphaearth,55,confidence,0.7,0.7276565798733287,0.7094507934500311,0.21745249824067558,1034,0.1528046421663443
alphaearth,55,confidence,0.6,0.6389866291344124,0.6317167680004979,0.21745249824067558,908,0.1299559471365639
alphaearth,55,confidence,0.5,0.5355383532723434,0.48630786341650356,0.21745249824067558,761,0.08409986859395532
alphaearth,55,knn10_cosine,0.9,0.9591836734693877,0.21083687245845795,0.21745249824067558,1363,0.21423330887747616
alphaearth,55,knn10_cosine,0.8,0.8585503166783955,0.17614734172821045,0.21745249824067558,1220,0.19098360655737706
alphaearth,55,knn10_cosine,0.7,0.7480647431386348,0.15265105664730072,0.21745249824067558,1063,0.1533396048918156
alphaearth,55,knn10_cosine,0.6,0.6150598170302604,0.12581397593021393,0.21745249824067558,874,0.09610983981693363
alphaearth,55,knn10_cosine,0.5,0.47783251231527096,0.10700444132089615,0.21745249824067558,679,0.05891016200294551
alphaearth,56,confidence,0.9,0.9202127659574468,0.8754259056324623,0.2293882978723404,1384,0.20158959537572255
alphaearth,56,confidence,0.8,0.8503989361702128,0.7849318605405731,0.2293882978723404,1279,0.181391712275215
alphaearth,56,confidence,0.7,0.7613031914893617,0.7178413752291719,0.2293882978723404,1145,0.16943231441048034
alphaearth,56,confidence,0.6,0.6815159574468085,0.6530836426074672,0.2293882978723404,1025,0.14536585365853658
alphaearth,56,confidence,0.5,0.5771276595744681,0.5179838974760996,0.2293882978723404,868,0.0944700460829493
alphaearth,56,knn10_cosine,0.9,0.9175531914893617,0.20240332186222076,0.2293882978723404,1380,0.20434782608695654
alphaearth,56,knn10_cosine,0.8,0.8277925531914894,0.1724661886692047,0.2293882978723404,1245,0.1823293172690763
alphaearth,56,knn10_cosine,0.7,0.7333776595744681,0.15163587033748627,0.2293882978723404,1103,0.1414324569356301
alphaearth,56,knn10_cosine,0.6,0.6382978723404256,0.1290595531463623,0.2293882978723404,960,0.08854166666666667
alphaearth,56,knn10_cosine,0.5,0.5565159574468085,0.1131322830915451,0.2293882978723404,837,0.05973715651135006
alphaearth,57,confidence,0.9,0.9239344262295082,0.878235444546448,0.24655737704918032,1409,0.2207239176721079
alphaearth,57,confidence,0.8,0.8714754098360655,0.7991605912883875,0.24655737704918032,1329,0.2039127163280662
alphaearth,57,confidence,0.7,0.8032786885245902,0.7314648831796087,0.24655737704918032,1225,0.1853061224489796
alphaearth,57,confidence,0.6,0.7226229508196721,0.671166974388546,0.24655737704918032,1102,0.1724137931034483
alphaearth,57,confidence,0.5,0.5862295081967213,0.5261017454764487,0.24655737704918032,894,0.11297539149888143
alphaearth,57,knn10_cosine,0.9,0.9088524590163934,0.20111684501171112,0.24655737704918032,1386,0.22510822510822512
alphaearth,57,knn10_cosine,0.8,0.8236065573770491,0.17193500697612762,0.24655737704918032,1256,0.2070063694267516
alphaearth,57,knn10_cosine,0.7,0.7049180327868853,0.14840535819530487,0.24655737704918032,1075,0.1655813953488372
alphaearth,57,knn10_cosine,0.6,0.5311475409836065,0.11776459217071533,0.24655737704918032,810,0.09506172839506173
alphaearth,57,knn10_cosine,0.5,0.3055737704918033,0.09603102505207062,0.24655737704918032,466,0.06652360515021459
alphaearth,58,confidence,0.9,0.9332023575638507,0.8855255799639368,0.1859855926653569,1425,0.1550877192982456
alphaearth,58,confidence,0.8,0.8546168958742633,0.78858547886849,0.1859855926653569,1305,0.1409961685823755
alphaearth,58,confidence,0.7,0.7845448592010478,0.7257297000210597,0.1859855926653569,1198,0.12687813021702837
alphaearth,58,confidence,0.6,0.6856581532416502,0.6555599406559987,0.1859855926653569,1047,0.11365807067812798
alphaearth,58,confidence,0.5,0.6214800261951539,0.5570296541419834,0.1859855926653569,949,0.09272918861959958
alphaearth,58,knn10_cosine,0.9,0.933857236411264,0.20551982522010803,0.1859855926653569,1426,0.1661991584852735
alphaearth,58,knn10_cosine,0.8,0.879502292075966,0.17932312190532684,0.1859855926653569,1343,0.15860014892032762
alphaearth,58,knn10_cosine,0.7,0.7648984937786509,0.1546456217765808,0.1859855926653569,1168,0.11986301369863013
alphaearth,58,knn10_cosine,0.6,0.6699410609037328,0.13311347365379333,0.1859855926653569,1023,0.08406647116324535
alphaearth,58,knn10_cosine,0.5,0.5979043876882777,0.11667341738939285,0.1859855926653569,913,0.06352683461117196
alphaearth,59,confidence,0.9,0.906184850590688,0.8642287210575521,0.24183460736622656,1304,0.21012269938650308
alphaearth,59,confidence,0.8,0.8151494093120223,0.7674467575395437,0.24183460736622656,1173,0.18840579710144928
alphaearth,59,confidence,0.7,0.7282835302293259,0.7095666364107464,0.24183460736622656,1048,0.17270992366412213
alphaearth,59,confidence,0.6,0.6045865184155663,0.607211109749924,0.24183460736622656,870,0.13333333333333333
alphaearth,59,confidence,0.5,0.5205003474635164,0.4800191240507664,0.24183460736622656,749,0.08544726301735647
alphaearth,59,knn10_cosine,0.9,0.8353022932592078,0.1871231645345688,0.24183460736622656,1202,0.17803660565723795
alphaearth,59,knn10_cosine,0.8,0.7574704656011119,0.16395951807498932,0.24183460736622656,1090,0.14862385321100918
alphaearth,59,knn10_cosine,0.7,0.6928422515635858,0.14690545201301575,0.24183460736622656,997,0.12036108324974924
alphaearth,59,knn10_cosine,0.6,0.5886031966643502,0.12355309724807739,0.24183460736622656,847,0.08146399055489964
alphaearth,59,knn10_cosine,0.5,0.4461431549687283,0.10500095784664154,0.24183460736622656,642,0.0529595015576324
alphaearth,60,confidence,0.9,0.8853541416566627,0.8516064533477168,0.2190876350540216,1475,0.18237288135593221
alphaearth,60,confidence,0.8,0.8157262905162065,0.7687807658164787,0.2190876350540216,1359,0.15673289183222958
alphaearth,60,confidence,0.7,0.7767106842737095,0.7256338916512054,0.2190876350540216,1294,0.13833075734157652
alphaearth,60,confidence,0.6,0.7382953181272509,0.685727624054518,0.2190876350540216,1230,0.12682926829268293
alphaearth,60,confidence,0.5,0.6644657863145258,0.6038101561309377,0.2190876350540216,1107,0.0948509485094851
alphaearth,60,knn10_cosine,0.9,0.9003601440576231,0.19990026950836182,0.2190876350540216,1500,0.196
alphaearth,60,knn10_cosine,0.8,0.7490996398559424,0.16184724867343903,0.2190876350540216,1248,0.16506410256410256
alphaearth,60,knn10_cosine,0.7,0.6440576230492197,0.13911941647529602,0.2190876350540216,1073,0.1015843429636533
alphaearth,60,knn10_cosine,0.6,0.5588235294117647,0.11990339308977127,0.2190876350540216,931,0.06659505907626208
alphaearth,60,knn10_cosine,0.5,0.4765906362545018,0.10684232413768768,0.2190876350540216,794,0.0491183879093199
alphaearth,61,confidence,0.9,0.9444444444444444,0.8919309813235295,0.19173441734417343,1394,0.17360114777618366
alphaearth,61,confidence,0.8,0.8861788617886179,0.8048542504511249,0.19173441734417343,1308,0.15825688073394495
alphaearth,61,confidence,0.7,0.806910569105691,0.7316621918008994,0.19173441734417343,1191,0.1376994122586062
alphaearth,61,confidence,0.6,0.7215447154471545,0.668630950508771,0.19173441734417343,1065,0.1267605633802817
alphaearth,61,confidence,0.5,0.6402439024390244,0.5717611469602981,0.19173441734417343,945,0.0835978835978836
alphaearth,61,knn10_cosine,0.9,0.9031165311653117,0.20004425942897797,0.19173441734417343,1333,0.14028507126781695
alphaearth,61,knn10_cosine,0.8,0.8584010840108401,0.17645606398582458,0.19173441734417343,1267,0.12154696132596685
alphaearth,61,knn10_cosine,0.7,0.8116531165311653,0.159304678440094,0.19173441734417343,1198,0.10267111853088481
alphaearth,61,knn10_cosine,0.6,0.7655826558265583,0.1447582244873047,0.19173441734417343,1130,0.0831858407079646
alphaearth,61,knn10_cosine,0.5,0.6856368563685636,0.1246359720826149,0.19173441734417343,1012,0.05533596837944664
alphaearth,62,confidence,0.9,0.924082140634723,0.8795525323565772,0.22401991288114498,1485,0.19595959595959597
alphaearth,62,confidence,0.8,0.8133167392657125,0.7672913141649056,0.22401991288114498,1307,0.1713848508033665
alphaearth,62,confidence,0.7,0.7454884878655881,0.7152011397426027,0.22401991288114498,1198,0.15609348914858096
alphaearth,62,confidence,0.6,0.6795270690728065,0.6549823887054395,0.22401991288114498,1092,0.13644688644688643
alphaearth,62,confidence,0.5,0.5874299937772246,0.5311339885263832,0.22401991288114498,944,0.0836864406779661
alphaearth,62,knn10_cosine,0.9,0.9340385812072184,0.20576363801956177,0.22401991288114498,1501,0.189873417721519
alphaearth,62,knn10_cosine,0.8,0.8574984443061605,0.17685183882713318,0.22401991288114498,1378,0.16400580551523947
alphaearth,62,knn10_cosine,0.7,0.7703795892968264,0.1556023359298706,0.22401991288114498,1238,0.13004846526655897
alphaearth,62,knn10_cosine,0.6,0.6733042937149969,0.1335500180721283,0.22401991288114498,1082,0.09057301293900184
alphaearth,62,knn10_cosine,0.5,0.5612943372744243,0.11384393274784088,0.22401991288114498,902,0.05543237250554324
alphaearth,63,confidence,0.9,0.8436018957345972,0.8384658362402222,0.3194312796208531,890,0.28651685393258425
alphaearth,63,confidence,0.8,0.6028436018957346,0.7142138125201858,0.3194312796208531,636,0.279874213836478
alphaearth,63,confidence,0.7,0.42843601895734595,0.5958795982606688,0.3194312796208531,452,0.23008849557522124
alphaearth,63,confidence,0.6,0.3061611374407583,0.4564137124821286,0.3194312796208531,323,0.14241486068111456
alphaearth,63,confidence,0.5,0.22085308056872038,0.3745442982696562,0.3194312796208531,233,0.12446351931330472
alphaearth,63,knn10_cosine,0.9,0.8407582938388626,0.19135984778404236,0.3194312796208531,887,0.2874859075535513
alphaearth,63,knn10_cosine,0.8,0.7023696682464455,0.16027136147022247,0.3194312796208531,741,0.24696356275303644
alphaearth,63,knn10_cosine,0.7,0.5630331753554503,0.13435274362564087,0.3194312796208531,594,0.16666666666666666
alphaearth,63,knn10_cosine,0.6,0.4597156398104265,0.11554215103387833,0.3194312796208531,485,0.09072164948453608
alphaearth,63,knn10_cosine,0.5,0.3819905213270142,0.10243449360132217,0.3194312796208531,403,0.062034739454094295
alphaearth,64,confidence,0.9,0.9114754098360656,0.8701873128244548,0.18950819672131147,1390,0.15899280575539568
alphaearth,64,confidence,0.8,0.839344262295082,0.7809779346283849,0.18950819672131147,1280,0.1359375
alphaearth,64,confidence,0.7,0.760655737704918,0.7179128158742074,0.18950819672131147,1160,0.12241379310344827
alphaearth,64,confidence,0.6,0.7062295081967213,0.6652275256845226,0.18950819672131147,1077,0.11513463324048283
alphaearth,64,confidence,0.5,0.5888524590163935,0.5280451163551624,0.18950819672131147,898,0.06792873051224944
alphaearth,64,knn10_cosine,0.9,0.920655737704918,0.20266380906105042,0.18950819672131147,1404,0.16524216524216523
alphaearth,64,knn10_cosine,0.8,0.8347540983606557,0.17333951592445374,0.18950819672131147,1273,0.14689709347996857
alphaearth,64,knn10_cosine,0.7,0.7278688524590164,0.1510782390832901,0.18950819672131147,1110,0.10810810810810811
alphaearth,64,knn10_cosine,0.6,0.6216393442622951,0.12698057293891907,0.18950819672131147,948,0.06856540084388185
alphaearth,64,knn10_cosine,0.5,0.45901639344262296,0.1054622158408165,0.18950819672131147,700,0.04285714285714286
alphaearth,65,confidence,0.9,0.842143906020558,0.8309634254196975,0.24669603524229075,1147,0.2040104620749782
alphaearth,65,confidence,0.8,0.7679882525697503,0.7482206635869405,0.24669603524229075,1046,0.17495219885277247
alphaearth,65,confidence,0.7,0.7254038179148311,0.708308757016525,0.24669603524229075,988,0.15789473684210525
alphaearth,65,confidence,0.6,0.6424375917767988,0.6333454409716798,0.24669603524229075,875,0.12685714285714286
alphaearth,65,confidence,0.5,0.5066079295154186,0.4719520724519852,0.24669603524229075,690,0.0782608695652174
alphaearth,65,knn10_cosine,0.9,0.8223201174743024,0.18592730164527893,0.24669603524229075,1120,0.20714285714285716
alphaearth,65,knn10_cosine,0.8,0.6483113069016153,0.15266190469264984,0.24669603524229075,883,0.15175537938844846
alphaearth,65,knn10_cosine,0.7,0.5044052863436124,0.12514090538024902,0.24669603524229075,687,0.09315866084425037
alphaearth,65,knn10_cosine,0.6,0.3832599118942731,0.10753828287124634,0.24669603524229075,522,0.06704980842911877
alphaearth,65,knn10_cosine,0.5,0.24963289280469897,0.09477469325065613,0.24669603524229075,340,0.058823529411764705
alphaearth,66,confidence,0.9,0.8873812754409769,0.8535951590549997,0.29240162822252375,1308,0.25229357798165136
alphaearth,66,confidence,0.8,0.8175033921302578,0.76856694216006,0.29240162822252375,1205,0.2232365145228216
alphaearth,66,confidence,0.7,0.7672998643147897,0.7194129531234936,0.29240162822252375,1131,0.20070733863837312
alphaearth,66,confidence,0.6,0.6953867028493894,0.6588777605437447,0.29240162822252375,1025,0.17560975609756097
alphaearth,66,confidence,0.5,0.5868385345997287,0.5240220031543164,0.29240162822252375,865,0.10982658959537572
alphaearth,66,knn10_cosine,0.9,0.8602442333785617,0.19221478700637817,0.29240162822252375,1268,0.2302839116719243
alphaearth,66,knn10_cosine,0.8,0.7883310719131614,0.16774575412273407,0.29240162822252375,1162,0.20740103270223753
alphaearth,66,knn10_cosine,0.7,0.6791044776119403,0.14477619528770447,0.29240162822252375,1001,0.16183816183816183
alphaearth,66,knn10_cosine,0.6,0.5773405698778833,0.1221841424703598,0.29240162822252375,851,0.1045828437132785
alphaearth,66,knn10_cosine,0.5,0.4755766621438263,0.1069449633359909,0.29240162822252375,701,0.07417974322396577
alphaearth,67,confidence,0.9,0.8838095238095238,0.8503963171991711,0.2577777777777778,1392,0.22844827586206898
alphaearth,67,confidence,0.8,0.7815873015873016,0.7539386205288685,0.2577777777777778,1231,0.20064987814784727
alphaearth,67,confidence,0.7,0.6882539682539682,0.6942486101739106,0.2577777777777778,1084,0.18357933579335795
alphaearth,67,confidence,0.6,0.6253968253968254,0.6220609716943915,0.2577777777777778,985,0.1532994923857868
alphaearth,67,confidence,0.5,0.518095238095238,0.47989091161769903,0.2577777777777778,816,0.09558823529411764
alphaearth,67,knn10_cosine,0.9,0.8977777777777778,0.19939309358596802,0.2577777777777778,1414,0.2333804809052334
alphaearth,67,knn10_cosine,0.8,0.7631746031746032,0.16428141295909882,0.2577777777777778,1202,0.194675540765391
alphaearth,67,knn10_cosine,0.7,0.6641269841269841,0.14207953214645386,0.2577777777777778,1046,0.14244741873804972
alphaearth,67,knn10_cosine,0.6,0.5746031746031746,0.12173020839691162,0.2577777777777778,905,0.09502762430939227
alphaearth,67,knn10_cosine,0.5,0.4615873015873016,0.10550832748413086,0.2577777777777778,727,0.06602475928473177
alphaearth,68,confidence,0.9,0.9503592423252776,0.8971408704836961,0.178314826910516,1455,0.15738831615120275
alphaearth,68,confidence,0.8,0.8602220770738079,0.7917884488075964,0.178314826910516,1317,0.1427486712224753
alphaearth,68,confidence,0.7,0.6766819072501633,0.6895002207456282,0.178314826910516,1036,0.12451737451737452
alphaearth,68,confidence,0.6,0.5963422599608099,0.6008137601276845,0.178314826910516,913,0.10186199342825848
alphaearth,68,confidence,0.5,0.5225342913128674,0.48199726285066324,0.178314826910516,800,0.075
alphaearth,68,knn10_cosine,0.9,0.94578706727629,0.20827710628509521,0.178314826910516,1448,0.1574585635359116
alphaearth,68,knn10_cosine,0.8,0.8909209666884389,0.18238545954227448,0.178314826910516,1364,0.14516129032258066
alphaearth,68,knn10_cosine,0.7,0.8282168517308949,0.16240398585796356,0.178314826910516,1268,0.12618296529968454
alphaearth,68,knn10_cosine,0.6,0.7563683866753755,0.14433762431144714,0.178314826910516,1158,0.09067357512953368
alphaearth,68,knn10_cosine,0.5,0.6649248856956238,0.12279755622148514,0.178314826910516,1018,0.05992141453831041
alphaearth,69,confidence,0.9,0.946927374301676,0.8926697505860645,0.21927374301675978,1356,0.193952802359882
alphaearth,69,confidence,0.8,0.8729050279329609,0.7977178848336789,0.21927374301675978,1250,0.1752
alphaearth,69,confidence,0.7,0.7786312849162011,0.7229022505697698,0.21927374301675978,1115,0.15515695067264573
alphaearth,69,confidence,0.6,0.6843575418994413,0.6524417935667574,0.21927374301675978,980,0.1357142857142857
alphaearth,69,confidence,0.5,0.5956703910614525,0.5289023249346123,0.21927374301675978,853,0.08206330597889801
alphaearth,69,knn10_cosine,0.9,0.9189944134078212,0.20246878266334534,0.21927374301675978,1316,0.18085106382978725
alphaearth,69,knn10_cosine,0.8,0.861731843575419,0.1765451729297638,0.21927374301675978,1234,0.16369529983792544
alphaearth,69,knn10_cosine,0.7,0.7828212290502793,0.15585945546627045,0.21927374301675978,1121,0.12934879571810884
alphaearth,69,knn10_cosine,0.6,0.7108938547486033,0.13674603402614594,0.21927374301675978,1018,0.09233791748526522
alphaearth,69,knn10_cosine,0.5,0.6047486033519553,0.11669359356164932,0.21927374301675978,866,0.05542725173210162
alphaearth,70,confidence,0.9,0.893541518807665,0.8568268745205334,0.25833924769339955,1259,0.22398729150119143
alphaearth,70,confidence,0.8,0.815471965933286,0.7674467575395437,0.25833924769339955,1149,0.19321148825065274
alphaearth,70,confidence,0.7,0.7501774308019872,0.7149338573179006,0.25833924769339955,1057,0.17975402081362346
alphaearth,70,confidence,0.6,0.687721788502484,0.6537338212987309,0.25833924769339955,969,0.15376676986584106
alphaearth,70,confidence,0.5,0.589070262597587,0.5229726602197957,0.25833924769339955,830,0.10481927710843374
alphaearth,70,knn10_cosine,0.9,0.8381831085876508,0.18751096725463867,0.25833924769339955,1181,0.19983065198983913
alphaearth,70,knn10_cosine,0.8,0.7601135557132718,0.1646479219198227,0.25833924769339955,1071,0.17647058823529413
alphaearth,70,knn10_cosine,0.7,0.687721788502484,0.14611028134822845,0.25833924769339955,969,0.13725490196078433
alphaearth,70,knn10_cosine,0.6,0.602555003548616,0.12483485043048859,0.25833924769339955,849,0.09305064782096584
alphaearth,70,knn10_cosine,0.5,0.5010645848119234,0.10883814096450806,0.25833924769339955,706,0.06940509915014165
alphaearth,71,confidence,0.9,0.8583106267029973,0.8372801661193582,0.23978201634877383,1260,0.2
alphaearth,71,confidence,0.8,0.7779291553133515,0.7529984583234224,0.23978201634877383,1142,0.17075306479859895
alphaearth,71,confidence,0.7,0.7343324250681199,0.7119837226850237,0.23978201634877383,1078,0.1549165120593692
alphaearth,71,confidence,0.6,0.6764305177111717,0.6507465880833789,0.23978201634877383,993,0.1299093655589124
alphaearth,71,confidence,0.5,0.5395095367847411,0.48958183644774,0.23978201634877383,792,0.06439393939393939
alphaearth,71,knn10_cosine,0.9,0.8705722070844687,0.19424493610858917,0.23978201634877383,1278,0.2104851330203443
alphaearth,71,knn10_cosine,0.8,0.6866485013623979,0.15520362555980682,0.23978201634877383,1008,0.1527777777777778
alphaearth,71,knn10_cosine,0.7,0.5361035422343324,0.1270591914653778,0.23978201634877383,787,0.07878017789072427
alphaearth,71,knn10_cosine,0.6,0.4298365122615804,0.10993480682373047,0.23978201634877383,631,0.044374009508716325
alphaearth,71,knn10_cosine,0.5,0.3569482288828338,0.09889204800128937,0.23978201634877383,524,0.04580152671755725
presto_primary,42,confidence,0.9,0.9464052287581699,0.8960364943785115,0.20522875816993463,1448,0.1919889502762431
presto_primary,42,confidence,0.8,0.8823529411764706,0.7696525807608796,0.20522875816993463,1350,0.1837037037037037
presto_primary,42,confidence,0.7,0.7849673202614379,0.6294987434304349,0.20522875816993463,1201,0.16819317235636969
presto_primary,42,confidence,0.6,0.6405228758169934,0.5152002114075138,0.20522875816993463,980,0.17857142857142858
presto_primary,42,confidence,0.5,0.4398692810457516,0.43128343279631043,0.20522875816993463,673,0.1901931649331352
presto_primary,42,knn10_cosine,0.9,0.8777777777777778,0.05917607992887497,0.20522875816993463,1343,0.22561429635145197
presto_primary,42,knn10_cosine,0.8,0.807843137254902,0.041085951030254364,0.20522875816993463,1236,0.23058252427184467
presto_primary,42,knn10_cosine,0.7,0.730718954248366,0.03101847693324089,0.20522875816993463,1118,0.23613595706618962
presto_primary,42,knn10_cosine,0.6,0.5372549019607843,0.020490294322371483,0.20522875816993463,822,0.23357664233576642
presto_primary,42,knn10_cosine,0.5,0.36993464052287583,0.015869945287704468,0.20522875816993463,566,0.24734982332155478
presto_primary,43,confidence,0.9,0.9333764553686934,0.8842524347603001,0.21410090556274256,1443,0.20166320166320167
presto_primary,43,confidence,0.8,0.8279430789133247,0.7261919318805692,0.21410090556274256,1280,0.17734375
presto_primary,43,confidence,0.7,0.7102199223803364,0.5851208831292426,0.21410090556274256,1098,0.16120218579234974
presto_primary,43,confidence,0.6,0.5827943078913325,0.4967194750210801,0.21410090556274256,901,0.1598224195338513
presto_primary,43,confidence,0.5,0.46054333764553684,0.43706036805304793,0.21410090556274256,712,0.17275280898876405
presto_primary,43,knn10_cosine,0.9,0.9113842173350583,0.06637485325336456,0.21410090556274256,1409,0.2264017033356991
presto_primary,43,knn10_cosine,0.8,0.8369987063389392,0.04357578977942467,0.21410090556274256,1294,0.2302936630602782
presto_primary,43,knn10_cosine,0.7,0.7367399741267788,0.03135820850729942,0.21410090556274256,1139,0.23617208077260754
presto_primary,43,knn10_cosine,0.6,0.5782664941785253,0.02154231071472168,0.21410090556274256,894,0.23154362416107382
presto_primary,43,knn10_cosine,0.5,0.44372574385511,0.017170220613479614,0.21410090556274256,686,0.2434402332361516
presto_primary,44,confidence,0.9,0.9386503067484663,0.8878268899024268,0.20040899795501022,1377,0.1830065359477124
presto_primary,44,confidence,0.8,0.8759372869802318,0.7611506543377962,0.20040899795501022,1285,0.17042801556420234
presto_primary,44,confidence,0.7,0.8016359918200409,0.6360589628688529,0.20040899795501022,1176,0.14710884353741496
presto_primary,44,confidence,0.6,0.7280163599182005,0.5508645566340206,0.20040899795501022,1068,0.13108614232209737
presto_primary,44,confidence,0.5,0.6100886162235856,0.47872364631490283,0.20040899795501022,895,0.12513966480446928
presto_primary,44,knn10_cosine,0.9,0.8888888888888888,0.06177031248807907,0.20040899795501022,1304,0.21549079754601227
presto_primary,44,knn10_cosine,0.8,0.7375596455351057,0.03605769947171211,0.20040899795501022,1082,0.22643253234750463
presto_primary,44,knn10_cosine,0.7,0.6741649625085208,0.02816070057451725,0.20040899795501022,989,0.2204246713852376
presto_primary,44,knn10_cosine,0.6,0.6155419222903885,0.02258969284594059,0.20040899795501022,903,0.21262458471760798
presto_primary,44,knn10_cosine,0.5,0.5637355146557601,0.01937524415552616,0.20040899795501022,827,0.21523579201934703
presto_primary,45,confidence,0.9,0.9159609120521173,0.8661921619742703,0.2234527687296417,1406,0.20128022759601708
presto_primary,45,confidence,0.8,0.7915309446254072,0.6941642444265885,0.2234527687296417,1215,0.16872427983539096
presto_primary,45,confidence,0.7,0.6951140065146579,0.5765309075583147,0.2234527687296417,1067,0.15370196813495782
presto_primary,45,confidence,0.6,0.6045602605863192,0.5041230795417639,0.2234527687296417,928,0.14331896551724138
presto_primary,45,confidence,0.5,0.49576547231270357,0.44877541150317457,0.2234527687296417,761,0.1392904073587385
presto_primary,45,knn10_cosine,0.9,0.9322475570032573,0.06986656785011292,0.2234527687296417,1431,0.23060796645702306
presto_primary,45,knn10_cosine,0.8,0.8879478827361563,0.0485246405005455,0.2234527687296417,1363,0.23110785033015407
presto_primary,45,knn10_cosine,0.7,0.8188925081433225,0.03599323332309723,0.2234527687296417,1257,0.2354813046937152
presto_primary,45,knn10_cosine,0.6,0.7133550488599348,0.02650820091366768,0.2234527687296417,1095,0.23470319634703196
presto_primary,45,knn10_cosine,0.5,0.6026058631921825,0.020203102380037308,0.2234527687296417,925,0.23243243243243245
presto_primary,46,confidence,0.9,0.8580729166666666,0.8116287454495785,0.23111979166666666,1318,0.20030349013657056
presto_primary,46,confidence,0.8,0.76953125,0.6778529046868077,0.23111979166666666,1182,0.17681895093062605
presto_primary,46,confidence,0.7,0.650390625,0.5540706539128025,0.23111979166666666,999,0.15915915915915915
presto_primary,46,confidence,0.6,0.5826822916666666,0.4967194750210801,0.23111979166666666,895,0.1564245810055866
presto_primary,46,confidence,0.5,0.4973958333333333,0.44970121859409273,0.23111979166666666,764,0.1649214659685864
presto_primary,46,knn10_cosine,0.9,0.939453125,0.07254960387945175,0.23111979166666666,1443,0.23562023562023562
presto_primary,46,knn10_cosine,0.8,0.89453125,0.0498635433614254,0.23111979166666666,1374,0.23799126637554585
presto_primary,46,knn10_cosine,0.7,0.8444010416666666,0.03774191811680794,0.23111979166666666,1297,0.2382420971472629
presto_primary,46,knn10_cosine,0.6,0.720703125,0.026781439781188965,0.23111979166666666,1107,0.23577235772357724
presto_primary,46,knn10_cosine,0.5,0.5533854166666666,0.019227325916290283,0.23111979166666666,850,0.22941176470588234
presto_primary,47,confidence,0.9,0.8883647798742138,0.8381493034176963,0.279874213836478,1130,0.2584070796460177
presto_primary,47,confidence,0.8,0.7169811320754716,0.6459794538865028,0.279874213836478,912,0.22916666666666666
presto_primary,47,confidence,0.7,0.6320754716981132,0.5509741794533404,0.279874213836478,804,0.21019900497512436
presto_primary,47,confidence,0.6,0.5621069182389937,0.49221566074223727,0.279874213836478,715,0.193006993006993
presto_primary,47,confidence,0.5,0.5070754716981132,0.45166360617798773,0.279874213836478,645,0.19069767441860466
presto_primary,47,knn10_cosine,0.9,0.9481132075471698,0.07261287420988083,0.279874213836478,1206,0.2860696517412935
presto_primary,47,knn10_cosine,0.8,0.8309748427672956,0.042713478207588196,0.279874213836478,1057,0.2913907284768212
presto_primary,47,knn10_cosine,0.7,0.6713836477987422,0.028227949514985085,0.279874213836478,854,0.2939110070257611
presto_primary,47,knn10_cosine,0.6,0.5849056603773585,0.02195904590189457,0.279874213836478,744,0.2849462365591398
presto_primary,47,knn10_cosine,0.5,0.5235849056603774,0.018680423498153687,0.279874213836478,666,0.2822822822822823
presto_primary,48,confidence,0.9,0.9151000606428138,0.8665155304197932,0.2025469981807156,1509,0.18290258449304175
presto_primary,48,confidence,0.8,0.8265615524560339,0.7261924266799156,0.2025469981807156,1363,0.16434336023477622
presto_primary,48,confidence,0.7,0.7101273499090358,0.5851350223745239,0.2025469981807156,1171,0.14346712211784798
presto_primary,48,confidence,0.6,0.5791388720436629,0.49524029206194986,0.2025469981807156,955,0.13403141361256546
presto_primary,48,confidence,0.5,0.43602183141297757,0.42896875811867974,0.2025469981807156,719,0.1376912378303199
presto_primary,48,knn10_cosine,0.9,0.9393571861734384,0.07300899177789688,0.2025469981807156,1549,0.2117495158166559
presto_primary,48,knn10_cosine,0.8,0.8720436628259551,0.0477716438472271,0.2025469981807156,1438,0.21627260083449235
presto_primary,48,knn10_cosine,0.7,0.7944208611279563,0.035095322877168655,0.2025469981807156,1310,0.2183206106870229
presto_primary,48,knn10_cosine,0.6,0.6707095209217707,0.02471921406686306,0.2025469981807156,1106,0.2224231464737794
presto_primary,48,knn10_cosine,0.5,0.5275924802910855,0.01880786195397377,0.2025469981807156,870,0.22298850574712645
presto_primary,49,confidence,0.9,0.8835316217908579,0.8315662992778312,0.21102066374452097,1411,0.1927710843373494
presto_primary,49,confidence,0.8,0.7946149029430182,0.6987489399353359,0.21102066374452097,1269,0.17100078802206461
presto_primary,49,confidence,0.7,0.6956793988728867,0.5766473588036158,0.21102066374452097,1111,0.162016201620162
presto_primary,49,confidence,0.6,0.5848465873512837,0.4971753556956893,0.21102066374452097,934,0.16274089935760172
presto_primary,49,confidence,0.5,0.4652473387601753,0.4380225446544954,0.21102066374452097,743,0.1695827725437416
presto_primary,49,knn10_cosine,0.9,0.8922980588603632,0.062349945306777954,0.21102066374452097,1425,0.22596491228070176
presto_primary,49,knn10_cosine,0.8,0.8252974326862867,0.042716000229120255,0.21102066374452097,1318,0.2276176024279211
presto_primary,49,knn10_cosine,0.7,0.7633061991233563,0.03292735666036606,0.21102066374452097,1219,0.2321575061525841
presto_primary,49,knn10_cosine,0.6,0.6249217282404509,0.023034898564219475,0.21102066374452097,998,0.23046092184368738
presto_primary,49,knn10_cosine,0.5,0.44395742016280526,0.017150193452835083,0.21102066374452097,709,0.24400564174894218
presto_primary,50,confidence,0.9,0.8562933597621407,0.8239172228489287,0.23290386521308226,864,0.2025462962962963
presto_primary,50,confidence,0.8,0.7413280475718533,0.6694936268807011,0.23290386521308226,748,0.1711229946524064
presto_primary,50,confidence,0.7,0.6511397423191279,0.560947038581534,0.23290386521308226,657,0.1552511415525114
presto_primary,50,confidence,0.6,0.4905847373637265,0.47928883748909923,0.23290386521308226,495,0.15555555555555556
presto_primary,50,confidence,0.5,0.37661050545094155,0.4260214924997997,0.23290386521308226,380,0.1631578947368421
presto_primary,50,knn10_cosine,0.9,0.5936570862239842,0.038400936871767044,0.23290386521308226,599,0.31552587646076796
presto_primary,50,knn10_cosine,0.8,0.49454905847373637,0.028377292677760124,0.23290386521308226,499,0.3246492985971944
presto_primary,50,knn10_cosine,0.7,0.4529236868186323,0.022657662630081177,0.23290386521308226,457,0.31291028446389496
presto_primary,50,knn10_cosine,0.6,0.39643211100099107,0.019130120053887367,0.23290386521308226,400,0.3
presto_primary,50,knn10_cosine,0.5,0.3191278493557978,0.016072973608970642,0.23290386521308226,322,0.2950310559006211
presto_primary,51,confidence,0.9,0.8992424242424243,0.8444729429344375,0.17727272727272728,1187,0.16259477674810446
presto_primary,51,confidence,0.8,0.8113636363636364,0.7143167480919729,0.17727272727272728,1071,0.13352007469654528
presto_primary,51,confidence,0.7,0.7295454545454545,0.5911282033124972,0.17727272727272728,963,0.1142263759086189
presto_primary,51,confidence,0.6,0.6242424242424243,0.5079485252130493,0.17727272727272728,824,0.09101941747572816
presto_primary,51,confidence,0.5,0.5303030303030303,0.45762991669129005,0.17727272727272728,700,0.08714285714285715
presto_primary,51,knn10_cosine,0.9,0.7689393939393939,0.04635477811098099,0.17727272727272728,1015,0.20689655172413793
presto_primary,51,knn10_cosine,0.8,0.656060606060606,0.03244978189468384,0.17727272727272728,866,0.21478060046189376
presto_primary,51,knn10_cosine,0.7,0.5886363636363636,0.02505045011639595,0.17727272727272728,777,0.21364221364221364
presto_primary,51,knn10_cosine,0.6,0.5242424242424243,0.020479250699281693,0.17727272727272728,692,0.20664739884393063
presto_primary,51,knn10_cosine,0.5,0.4674242424242424,0.017585331574082375,0.17727272727272728,617,0.19773095623987033
presto_primary,52,confidence,0.9,0.8976497346474602,0.8442594952025617,0.2577710386656558,1184,0.23817567567567569
presto_primary,52,confidence,0.8,0.7664897649734648,0.6800386538349368,0.2577710386656558,1011,0.21364985163204747
presto_primary,52,confidence,0.7,0.6565579984836998,0.5581156065842949,0.2577710386656558,866,0.1951501154734411
presto_primary,52,confidence,0.6,0.55420773313116,0.4897902163394844,0.2577710386656558,731,0.18057455540355677
presto_primary,52,confidence,0.5,0.4404852160727824,0.4344067790466002,0.2577710386656558,581,0.18588640275387264
presto_primary,52,knn10_cosine,0.9,0.9241849886277483,0.06919558346271515,0.2577710386656558,1219,0.26989335520918784
presto_primary,52,knn10_cosine,0.8,0.7740712661106899,0.038405947387218475,0.2577710386656558,1021,0.28305582761998044
presto_primary,52,knn10_cosine,0.7,0.6512509476876421,0.027553508058190346,0.2577710386656558,859,0.2828870779976717
presto_primary,52,knn10_cosine,0.6,0.5595147839272175,0.0211571604013443,0.2577710386656558,738,0.28184281842818426
presto_primary,52,knn10_cosine,0.5,0.4632297194844579,0.017523104324936867,0.2577710386656558,611,0.2864157119476268
presto_primary,53,confidence,0.9,0.9212442091330245,0.8698911258157128,0.2528127068166777,1392,0.23563218390804597
presto_primary,53,confidence,0.8,0.784910655195235,0.6898190202965292,0.2528127068166777,1186,0.20994940978077573
presto_primary,53,confidence,0.7,0.6492389146260754,0.5540072643972674,0.2528127068166777,981,0.199796126401631
presto_primary,53,confidence,0.6,0.5380542686962276,0.4823620291046689,0.2528127068166777,813,0.1968019680196802
presto_primary,53,confidence,0.5,0.4308405029781602,0.42947803093769177,0.2528127068166777,651,0.20890937019969277
presto_primary,53,knn10_cosine,0.9,0.9324950363997353,0.0698656290769577,0.2528127068166777,1409,0.2675656493967353
presto_primary,53,knn10_cosine,0.8,0.8524156187954997,0.04522409662604332,0.2528127068166777,1288,0.2732919254658385
presto_primary,53,knn10_cosine,0.7,0.7604235605559232,0.03258420526981354,0.2528127068166777,1149,0.2828546562228024
presto_primary,53,knn10_cosine,0.6,0.6055592322964924,0.022421546280384064,0.2528127068166777,915,0.2830601092896175
presto_primary,53,knn10_cosine,0.5,0.45334215751158174,0.01730286329984665,0.2528127068166777,685,0.2905109489051095
presto_primary,54,confidence,0.9,0.8552437223042836,0.8158234392496952,0.26292466765140327,1158,0.2392055267702936
presto_primary,54,confidence,0.8,0.7666174298375185,0.6784124420157067,0.26292466765140327,1038,0.21290944123314065
presto_primary,54,confidence,0.7,0.6802067946824224,0.5713738773480278,0.26292466765140327,921,0.2008686210640608
presto_primary,54,confidence,0.6,0.5878877400295421,0.4984291350526967,0.26292466765140327,796,0.1972361809045226
presto_primary,54,confidence,0.5,0.4741506646971935,0.4425344697712419,0.26292466765140327,642,0.2071651090342679
presto_primary,54,knn10_cosine,0.9,0.8581979320531757,0.05681481212377548,0.26292466765140327,1162,0.28399311531841653
presto_primary,54,knn10_cosine,0.8,0.7909896602658789,0.039474211633205414,0.26292466765140327,1071,0.2838468720821662
presto_primary,54,knn10_cosine,0.7,0.6942392909896603,0.029127029702067375,0.26292466765140327,940,0.28297872340425534
presto_primary,54,knn10_cosine,0.6,0.6262924667651403,0.022901805117726326,0.26292466765140327,848,0.2688679245283019
presto_primary,54,knn10_cosine,0.5,0.5546528803545052,0.01914246752858162,0.26292466765140327,751,0.26897470039946736
presto_primary,55,confidence,0.9,0.860661505981703,0.8175163229282635,0.20126671358198453,1223,0.1635322976287817
presto_primary,55,confidence,0.8,0.7642505277973258,0.6755139296221617,0.20126671358198453,1086,0.13351749539594843
presto_primary,55,confidence,0.7,0.629838142153413,0.5497814817939297,0.20126671358198453,895,0.1106145251396648
presto_primary,55,confidence,0.6,0.513722730471499,0.4767611694375545,0.20126671358198453,730,0.10547945205479452
presto_primary,55,confidence,0.5,0.4271639690358902,0.4295002279648189,0.20126671358198453,607,0.10543657331136738
presto_primary,55,knn10_cosine,0.9,0.8599577762139339,0.056729428470134735,0.20126671358198453,1222,0.21685761047463176
presto_primary,55,knn10_cosine,0.8,0.7945109078114004,0.039784032851457596,0.20126671358198453,1129,0.22320637732506643
presto_primary,55,knn10_cosine,0.7,0.7058409570724842,0.030090145766735077,0.20126671358198453,1003,0.23230309072781655
presto_primary,55,knn10_cosine,0.6,0.569317382125264,0.02132086642086506,0.20126671358198453,809,0.2200247218788628
presto_primary,55,knn10_cosine,0.5,0.45672061928219565,0.01738930307328701,0.20126671358198453,649,0.22342064714946072
presto_primary,56,confidence,0.9,0.9288563829787234,0.878427979421306,0.21675531914893617,1397,0.20042949176807445
presto_primary,56,confidence,0.8,0.8537234042553191,0.7428729801939924,0.21675531914893617,1284,0.1923676012461059
presto_primary,56,confidence,0.7,0.7526595744680851,0.6095939115806808,0.21675531914893617,1132,0.17667844522968199
presto_primary,56,confidence,0.6,0.6742021276595744,0.5298819763478915,0.21675531914893617,1014,0.16568047337278108
presto_primary,56,confidence,0.5,0.5824468085106383,0.47199061131521236,0.21675531914893617,876,0.16666666666666666
presto_primary,56,knn10_cosine,0.9,0.9042553191489362,0.06427672505378723,0.21675531914893617,1360,0.23308823529411765
presto_primary,56,knn10_cosine,0.8,0.8410904255319149,0.04374450072646141,0.21675531914893617,1265,0.233201581027668
presto_primary,56,knn10_cosine,0.7,0.7626329787234043,0.03262282907962799,0.21675531914893617,1147,0.23539668700959024
presto_primary,56,knn10_cosine,0.6,0.680186170212766,0.024926356971263885,0.21675531914893617,1023,0.23264907135874877
presto_primary,56,knn10_cosine,0.5,0.620345744680851,0.02052876353263855,0.21675531914893617,933,0.2347266881028939
presto_primary,57,confidence,0.9,0.9226229508196722,0.8722097615077958,0.2419672131147541,1407,0.22316986496090974
presto_primary,57,confidence,0.8,0.8039344262295082,0.709880367462526,0.2419672131147541,1226,0.1965742251223491
presto_primary,57,confidence,0.7,0.6563934426229509,0.5561262641332305,0.2419672131147541,1001,0.17482517482517482
presto_primary,57,confidence,0.6,0.5501639344262295,0.4855414377766374,0.2419672131147541,839,0.17759237187127533
presto_primary,57,confidence,0.5,0.4478688524590164,0.4340242169308232,0.2419672131147541,683,0.191800878477306
presto_primary,57,knn10_cosine,0.9,0.9639344262295082,0.07908530533313751,0.2419672131147541,1470,0.24557823129251702
presto_primary,57,knn10_cosine,0.8,0.8819672131147541,0.048054229468107224,0.2419672131147541,1345,0.25576208178438664
presto_primary,57,knn10_cosine,0.7,0.8104918032786885,0.0354418009519577,0.2419672131147541,1236,0.2613268608414239
presto_primary,57,knn10_cosine,0.6,0.6609836065573771,0.024308431893587112,0.2419672131147541,1008,0.2648809523809524
presto_primary,57,knn10_cosine,0.5,0.4786885245901639,0.017835989594459534,0.2419672131147541,730,0.26575342465753427
presto_primary,58,confidence,0.9,0.954158480681074,0.9014218386185144,0.21152586771447282,1457,0.19423472889498972
presto_primary,58,confidence,0.8,0.8755730189914865,0.7632868931077043,0.21152586771447282,1337,0.18100224382946897
presto_primary,58,confidence,0.7,0.7910936476751801,0.6311202746343947,0.21152586771447282,1208,0.15480132450331127
presto_primary,58,confidence,0.6,0.7053045186640472,0.5437808909586324,0.21152586771447282,1077,0.14113277623026926
presto_primary,58,confidence,0.5,0.6057629338572365,0.47871969214056276,0.21152586771447282,925,0.13513513513513514
presto_primary,58,knn10_cosine,0.9,0.954158480681074,0.07545816898345947,0.21152586771447282,1457,0.2189430336307481
presto_primary,58,knn10_cosine,0.8,0.8592010478061559,0.045617833733558655,0.21152586771447282,1312,0.22713414634146342
presto_primary,58,knn10_cosine,0.7,0.7773411918795023,0.033661872148513794,0.21152586771447282,1187,0.22662173546756528
presto_primary,58,knn10_cosine,0.6,0.696136214800262,0.025689637288451195,0.21152586771447282,1063,0.2257761053621825
presto_primary,58,knn10_cosine,0.5,0.6070726915520629,0.02037062495946884,0.21152586771447282,927,0.22114347357065803
presto_primary,59,confidence,0.9,0.891591382904795,0.8394930923952767,0.24878387769284224,1283,0.23226812159002339
presto_primary,59,confidence,0.8,0.7810979847116053,0.6881629682125427,0.24878387769284224,1124,0.20818505338078291
presto_primary,59,confidence,0.7,0.6685198054204309,0.5619184560137072,0.24878387769284224,962,0.19750519750519752
presto_primary,59,confidence,0.6,0.5656706045865184,0.4920957024269288,0.24878387769284224,814,0.19656019656019655
presto_primary,59,confidence,0.5,0.43502432244614314,0.4311509258243127,0.24878387769284224,626,0.19808306709265175
presto_primary,59,knn10_cosine,0.9,0.896455872133426,0.06305231153964996,0.24878387769284224,1290,0.26666666666666666
presto_primary,59,knn10_cosine,0.8,0.7817929117442669,0.03890093415975571,0.24878387769284224,1125,0.2773333333333333
presto_primary,59,knn10_cosine,0.7,0.6462821403752605,0.027196940034627914,0.24878387769284224,930,0.2752688172043011
presto_primary,59,knn10_cosine,0.6,0.45587213342599026,0.019112160429358482,0.24878387769284224,656,0.2820121951219512
presto_primary,59,knn10_cosine,0.5,0.3481584433634468,0.015623042359948158,0.24878387769284224,501,0.2874251497005988
presto_primary,60,confidence,0.9,0.8769507803121248,0.8258599869121277,0.22388955582232895,1461,0.2026009582477755
presto_primary,60,confidence,0.8,0.7953181272509003,0.6989327074554544,0.22388955582232895,1325,0.18415094339622642
presto_primary,60,confidence,0.7,0.7070828331332533,0.5841582433604263,0.22388955582232895,1178,0.16468590831918506
presto_primary,60,confidence,0.6,0.6518607442977191,0.522706782216692,0.22388955582232895,1086,0.15009208103130756
presto_primary,60,confidence,0.5,0.5834333733493398,0.47415152585331877,0.22388955582232895,972,0.147119341563786
presto_primary,60,knn10_cosine,0.9,0.963985594237695,0.08062921464443207,0.22388955582232895,1606,0.22851805728518057
presto_primary,60,knn10_cosine,0.8,0.9279711884753902,0.056412484496831894,0.22388955582232895,1546,0.2296248382923674
presto_primary,60,knn10_cosine,0.7,0.882953181272509,0.04218177869915962,0.22388955582232895,1471,0.2290958531611149
presto_primary,60,knn10_cosine,0.6,0.8067226890756303,0.031959109008312225,0.22388955582232895,1344,0.23363095238095238
presto_primary,60,knn10_cosine,0.5,0.7316926770708283,0.024631494656205177,0.22388955582232895,1219,0.23133716160787532
presto_primary,61,confidence,0.9,0.9200542005420054,0.8689483649662744,0.20257452574525744,1358,0.18851251840942562
presto_primary,61,confidence,0.8,0.8523035230352304,0.7397662590076204,0.20257452574525744,1258,0.16931637519872814
presto_primary,61,confidence,0.7,0.7676151761517616,0.6183936120145233,0.20257452574525744,1133,0.15092674315975288
presto_primary,61,confidence,0.6,0.6558265582655827,0.5217643493240404,0.20257452574525744,968,0.14979338842975207
presto_primary,61,confidence,0.5,0.5210027100271003,0.45583159506899185,0.20257452574525744,769,0.14954486345903772
presto_primary,61,knn10_cosine,0.9,0.8407859078590786,0.053456809371709824,0.20257452574525744,1241,0.22078968573730862
presto_primary,61,knn10_cosine,0.8,0.7845528455284553,0.03906463459134102,0.20257452574525744,1158,0.22020725388601037
presto_primary,61,knn10_cosine,0.7,0.725609756097561,0.030783947557210922,0.20257452574525744,1071,0.21942110177404295
presto_primary,61,knn10_cosine,0.6,0.5691056910569106,0.021259378641843796,0.20257452574525744,840,0.20476190476190476
presto_primary,61,knn10_cosine,0.5,0.4247967479674797,0.016902606934309006,0.20257452574525744,627,0.20414673046251994
presto_primary,62,confidence,0.9,0.9215930304915992,0.8722438588128173,0.23210952084629746,1481,0.21404456448345713
presto_primary,62,confidence,0.8,0.8083385189794648,0.7138431735993452,0.23210952084629746,1299,0.1901462663587375
presto_primary,62,confidence,0.7,0.7025513378967019,0.5819318094344464,0.23210952084629746,1129,0.17803365810451727
presto_primary,62,confidence,0.6,0.5942750466708152,0.5006606026914912,0.23210952084629746,955,0.16963350785340314
presto_primary,62,confidence,0.5,0.4760423148724331,0.441556348921397,0.23210952084629746,765,0.17254901960784313
presto_primary,62,knn10_cosine,0.9,0.9527069072806472,0.07563537359237671,0.23210952084629746,1531,0.23775310254735468
presto_primary,62,knn10_cosine,0.8,0.8960796515245799,0.05042238160967827,0.23210952084629746,1440,0.23958333333333334
presto_primary,62,knn10_cosine,0.7,0.7710018668326073,0.03352230414748192,0.23210952084629746,1239,0.2510088781275222
presto_primary,62,knn10_cosine,0.6,0.6316116988176727,0.02316046692430973,0.23210952084629746,1015,0.2512315270935961
presto_primary,62,knn10_cosine,0.5,0.4536403235843186,0.017248675227165222,0.23210952084629746,729,0.2578875171467764
presto_primary,63,confidence,0.9,0.8843601895734597,0.837936906747047,0.2909952606635071,933,0.27009646302250806
presto_primary,63,confidence,0.8,0.7601895734597156,0.6806076878928897,0.2909952606635071,802,0.26184538653366585
presto_primary,63,confidence,0.7,0.6436018957345971,0.5574669888539093,0.2909952606635071,679,0.2503681885125184
presto_primary,63,confidence,0.6,0.5146919431279621,0.48303885800269464,0.2909952606635071,543,0.26887661141804786
presto_primary,63,confidence,0.5,0.4037914691943128,0.42967875322421756,0.2909952606635071,426,0.3004694835680751
presto_primary,63,knn10_cosine,0.9,0.7563981042654029,0.047998204827308655,0.2909952606635071,798,0.3533834586466165
presto_primary,63,knn10_cosine,0.8,0.6350710900473934,0.032920658588409424,0.2909952606635071,670,0.3895522388059702
presto_primary,63,knn10_cosine,0.7,0.5507109004739337,0.024765074253082275,0.2909952606635071,581,0.4027538726333907
presto_primary,63,knn10_cosine,0.6,0.47488151658767774,0.019997000694274902,0.2909952606635071,501,0.3912175648702595
presto_primary,63,knn10_cosine,0.5,0.3886255924170616,0.0167984701693058,0.2909952606635071,410,0.40487804878048783
presto_primary,64,confidence,0.9,0.921967213114754,0.8721323680409769,0.21442622950819673,1406,0.19914651493598862
presto_primary,64,confidence,0.8,0.8118032786885246,0.7154494062323469,0.21442622950819673,1238,0.1704361873990307
presto_primary,64,confidence,0.7,0.6957377049180328,0.5767597448606987,0.21442622950819673,1061,0.14891611687087652
presto_primary,64,confidence,0.6,0.5895081967213115,0.49849516965157026,0.21442622950819673,899,0.13236929922135707
presto_primary,64,confidence,0.5,0.4911475409836066,0.4471362356194092,0.21442622950819673,749,0.13618157543391188
presto_primary,64,knn10_cosine,0.9,0.9363934426229508,0.0709143728017807,0.21442622950819673,1428,0.22408963585434175
presto_primary,64,knn10_cosine,0.8,0.8826229508196721,0.04807431250810623,0.21442622950819673,1346,0.22734026745913818
presto_primary,64,knn10_cosine,0.7,0.7816393442622951,0.03406691178679466,0.21442622950819673,1192,0.2348993288590604
presto_primary,64,knn10_cosine,0.6,0.658360655737705,0.024171138182282448,0.21442622950819673,1004,0.2360557768924303
presto_primary,64,knn10_cosine,0.5,0.5245901639344263,0.01876068487763405,0.21442622950819673,800,0.22625
presto_primary,65,confidence,0.9,0.8443465491923642,0.805948232707716,0.263582966226138,1150,0.23652173913043478
presto_primary,65,confidence,0.8,0.7085168869309838,0.6365118775928755,0.263582966226138,965,0.20518134715025907
presto_primary,65,confidence,0.7,0.618208516886931,0.5453912250162075,0.263582966226138,842,0.19358669833729217
presto_primary,65,confidence,0.6,0.5469897209985316,0.48700377296135094,0.263582966226138,745,0.1865771812080537
presto_primary,65,confidence,0.5,0.473568281938326,0.4420780162211786,0.263582966226138,645,0.1875968992248062
presto_primary,65,knn10_cosine,0.9,0.9317180616740088,0.06963827461004257,0.263582966226138,1269,0.2710795902285264
presto_primary,65,knn10_cosine,0.8,0.8839941262848752,0.04753006994724274,0.263582966226138,1204,0.27159468438538203
presto_primary,65,knn10_cosine,0.7,0.7973568281938326,0.03438460826873779,0.263582966226138,1086,0.27900552486187846
presto_primary,65,knn10_cosine,0.6,0.6600587371512482,0.024075735360383987,0.263582966226138,899,0.28476084538375973
presto_primary,65,knn10_cosine,0.5,0.5161527165932452,0.01852520741522312,0.263582966226138,703,0.26458036984352773
presto_primary,66,confidence,0.9,0.8921302578018996,0.8395377497223425,0.276797829036635,1315,0.2661596958174905
presto_primary,66,confidence,0.8,0.7856173677069199,0.6907300817190659,0.276797829036635,1158,0.24093264248704663
presto_primary,66,confidence,0.7,0.680461329715061,0.5709690131476325,0.276797829036635,1003,0.22532402791625125
presto_primary,66,confidence,0.6,0.6112618724559024,0.5061923322066585,0.276797829036635,901,0.21753607103218647
presto_primary,66,confidence,0.5,0.5481682496607869,0.4636239732487626,0.276797829036635,808,0.21163366336633663
presto_primary,66,knn10_cosine,0.9,0.9531886024423338,0.07526836544275284,0.276797829036635,1405,0.28113879003558717
presto_primary,66,knn10_cosine,0.8,0.8846675712347354,0.0480441153049469,0.276797829036635,1304,0.28450920245398775
presto_primary,66,knn10_cosine,0.7,0.830393487109905,0.03651433810591698,0.276797829036635,1224,0.28431372549019607
presto_primary,66,knn10_cosine,0.6,0.7381275440976933,0.027371950447559357,0.276797829036635,1088,0.27389705882352944
presto_primary,66,knn10_cosine,0.5,0.6343283582089553,0.020692789927124977,0.276797829036635,935,0.2695187165775401
presto_primary,67,confidence,0.9,0.8412698412698413,0.7938718201404502,0.23555555555555555,1325,0.21660377358490565
presto_primary,67,confidence,0.8,0.7473015873015874,0.6572103007779864,0.23555555555555555,1177,0.20220900594732372
presto_primary,67,confidence,0.7,0.645079365079365,0.5509669274242311,0.23555555555555555,1016,0.19291338582677164
presto_primary,67,confidence,0.6,0.5631746031746032,0.49033250214200264,0.23555555555555555,887,0.1939120631341601
presto_primary,67,confidence,0.5,0.4526984126984127,0.4350764428502555,0.23555555555555555,713,0.20476858345021037
presto_primary,67,knn10_cosine,0.9,0.9073015873015873,0.06582950800657272,0.23555555555555555,1429,0.24842547235829252
presto_primary,67,knn10_cosine,0.8,0.8380952380952381,0.04368855431675911,0.23555555555555555,1320,0.24924242424242424
presto_primary,67,knn10_cosine,0.7,0.7422222222222222,0.03176025301218033,0.23555555555555555,1169,0.2566295979469632
presto_primary,67,knn10_cosine,0.6,0.6311111111111111,0.023150861263275146,0.23555555555555555,994,0.25855130784708247
presto_primary,67,knn10_cosine,0.5,0.5295238095238095,0.018841370940208435,0.23555555555555555,834,0.26498800959232616
presto_primary,68,confidence,0.9,0.9386022207707381,0.892216185567912,0.1868060091443501,1437,0.17049408489909534
presto_primary,68,confidence,0.8,0.8615284128020901,0.7516286960024902,0.1868060091443501,1319,0.16376042456406367
presto_primary,68,confidence,0.7,0.7766165904637492,0.6240959955105518,0.1868060091443501,1189,0.14634146341463414
presto_primary,68,confidence,0.6,0.6551273677335075,0.5218687152518506,0.1868060091443501,1003,0.1485543369890329
presto_primary,68,confidence,0.5,0.5127367733507512,0.45405272602464775,0.1868060091443501,785,0.15414012738853503
presto_primary,68,knn10_cosine,0.9,0.8517308948399739,0.05484084412455559,0.1868060091443501,1304,0.21088957055214724
presto_primary,68,knn10_cosine,0.8,0.7086871325930765,0.03442838042974472,0.1868060091443501,1085,0.223963133640553
presto_primary,68,knn10_cosine,0.7,0.6237753102547354,0.025950446724891663,0.1868060091443501,955,0.225130890052356
presto_primary,68,knn10_cosine,0.6,0.5153494448073155,0.02003549225628376,0.1868060091443501,789,0.22813688212927757
presto_primary,68,knn10_cosine,0.5,0.4245591116917048,0.016814246773719788,0.1868060091443501,650,0.2353846153846154
presto_primary,69,confidence,0.9,0.9483240223463687,0.8948353535440153,0.22625698324022347,1358,0.211340206185567
presto_primary,69,confidence,0.8,0.8519553072625698,0.7376165856243838,0.22625698324022347,1220,0.1901639344262295
presto_primary,69,confidence,0.7,0.7583798882681564,0.6109260002585042,0.22625698324022347,1086,0.1731123388581952
presto_primary,69,confidence,0.6,0.6333798882681564,0.510988968477957,0.22625698324022347,907,0.16648291069459759
presto_primary,69,confidence,0.5,0.5321229050279329,0.4594808694026772,0.22625698324022347,762,0.16141732283464566
presto_primary,69,knn10_cosine,0.9,0.9099162011173184,0.0662209764122963,0.22625698324022347,1303,0.24251726784343822
presto_primary,69,knn10_cosine,0.8,0.8240223463687151,0.04254899546504021,0.22625698324022347,1180,0.2440677966101695
presto_primary,69,knn10_cosine,0.7,0.7604748603351955,0.03249560296535492,0.22625698324022347,1089,0.24517906336088155
presto_primary,69,knn10_cosine,0.6,0.6473463687150838,0.02374192886054516,0.22625698324022347,927,0.2405609492988134
presto_primary,69,knn10_cosine,0.5,0.5195530726256983,0.018646126613020897,0.22625698324022347,744,0.23655913978494625
presto_primary,70,confidence,0.9,0.8899929027679205,0.838504220661963,0.22569198012775019,1254,0.21371610845295055
presto_primary,70,confidence,0.8,0.8147622427253371,0.7160969309236664,0.22569198012775019,1148,0.2038327526132404
presto_primary,70,confidence,0.7,0.6955287437899219,0.5767629250506218,0.22569198012775019,980,0.19693877551020408
presto_primary,70,confidence,0.6,0.6117814052519518,0.5061923322066585,0.22569198012775019,862,0.19489559164733178
presto_primary,70,confidence,0.5,0.5067423704755145,0.451735114861734,0.22569198012775019,714,0.20168067226890757
presto_primary,70,knn10_cosine,0.9,0.8985095812633073,0.06331561505794525,0.22569198012775019,1266,0.23854660347551343
presto_primary,70,knn10_cosine,0.8,0.8417317246273953,0.0436796210706234,0.22569198012775019,1186,0.23946037099494097
presto_primary,70,knn10_cosine,0.7,0.7615330021291696,0.032516758888959885,0.22569198012775019,1073,0.24603914259086673
presto_primary,70,knn10_cosine,0.6,0.6579134137686302,0.024075213819742203,0.22569198012775019,927,0.24487594390507011
presto_primary,70,knn10_cosine,0.5,0.5443577004968062,0.018986690789461136,0.22569198012775019,767,0.24902216427640156
presto_primary,71,confidence,0.9,0.8732970027247956,0.8257462480171616,0.255449591280654,1282,0.23244929797191888
presto_primary,71,confidence,0.8,0.7438692098092643,0.6572654415400909,0.255449591280654,1092,0.19505494505494506
presto_primary,71,confidence,0.7,0.6539509536784741,0.5554621602121822,0.255449591280654,960,0.18125
presto_primary,71,confidence,0.6,0.5762942779291553,0.4949345566387824,0.255449591280654,846,0.1702127659574468
presto_primary,71,confidence,0.5,0.5129427792915532,0.45389723790656,0.255449591280654,753,0.17131474103585656
presto_primary,71,knn10_cosine,0.9,0.9284741144414169,0.06955689191818237,0.255449591280654,1363,0.26559060895084374
presto_primary,71,knn10_cosine,0.8,0.8903269754768393,0.04844805225729942,0.255449591280654,1307,0.26243305279265494
presto_primary,71,knn10_cosine,0.7,0.8310626702997275,0.03652285039424896,0.255449591280654,1220,0.2639344262295082
presto_primary,71,knn10_cosine,0.6,0.7138964577656676,0.026257820427417755,0.255449591280654,1048,0.258587786259542
presto_primary,71,knn10_cosine,0.5,0.6076294277929155,0.020206023007631302,0.255449591280654,892,0.24887892376681614
galileo,42,confidence,0.9,0.9117647058823529,0.8483163197761026,0.20588235294117646,1395,0.18924731182795698
galileo,42,confidence,0.8,0.8176470588235294,0.7248475530305073,0.20588235294117646,1251,0.1774580335731415
galileo,42,confidence,0.7,0.7065359477124183,0.6174578313113328,0.20588235294117646,1081,0.1757631822386679
galileo,42,confidence,0.6,0.6287581699346405,0.5347832581272693,0.20588235294117646,962,0.17775467775467776
galileo,42,confidence,0.5,0.5464052287581699,0.4458409634884588,0.20588235294117646,836,0.1674641148325359
galileo,42,knn10_cosine,0.9,0.8816993464052287,0.007231461815536022,0.20588235294117646,1349,0.23054114158636027
galileo,42,knn10_cosine,0.8,0.7666666666666667,0.0038147747982293367,0.20588235294117646,1173,0.21994884910485935
galileo,42,knn10_cosine,0.7,0.6294117647058823,0.0030953704845160246,0.20588235294117646,963,0.2066458982346833
galileo,42,knn10_cosine,0.6,0.5215686274509804,0.002783560659736395,0.20588235294117646,798,0.21679197994987467
galileo,42,knn10_cosine,0.5,0.43790849673202614,0.002566945506259799,0.20588235294117646,670,0.21641791044776118
galileo,43,confidence,0.9,0.9210866752910737,0.8548822454077373,0.23673997412677877,1424,0.2205056179775281
galileo,43,confidence,0.8,0.8311772315653299,0.7339824954392639,0.23673997412677877,1285,0.20933852140077822
galileo,43,confidence,0.7,0.7425614489003881,0.6390324595885868,0.23673997412677877,1148,0.2038327526132404
galileo,43,confidence,0.6,0.6442432082794308,0.5443112075959572,0.23673997412677877,996,0.20582329317269077
galileo,43,confidence,0.5,0.5666235446313066,0.4599446194420851,0.23673997412677877,876,0.1872146118721461
galileo,43,knn10_cosine,0.9,0.9165588615782665,0.007589888293296099,0.23673997412677877,1417,0.25688073394495414
galileo,43,knn10_cosine,0.8,0.8544631306597671,0.004599663894623518,0.23673997412677877,1321,0.25813777441332325
galileo,43,knn10_cosine,0.7,0.7347994825355757,0.0033121216110885143,0.23673997412677877,1136,0.24471830985915494
galileo,43,knn10_cosine,0.6,0.5834411384217335,0.002882188418880105,0.23673997412677877,902,0.24833702882483372
galileo,43,knn10_cosine,0.5,0.4857697283311772,0.00262070307508111,0.23673997412677877,751,0.24500665778961384
galileo,44,confidence,0.9,0.9386503067484663,0.86591387180187,0.1956373551465576,1377,0.18518518518518517
galileo,44,confidence,0.8,0.8643490115882754,0.7508412862604686,0.1956373551465576,1268,0.17271293375394323
galileo,44,confidence,0.7,0.7361963190184049,0.6348712481883543,0.1956373551465576,1080,0.1638888888888889
galileo,44,confidence,0.6,0.5985003408316292,0.5216049164317049,0.1956373551465576,878,0.1560364464692483
galileo,44,confidence,0.5,0.5071574642126789,0.4206529013801552,0.1956373551465576,744,0.13844086021505375
galileo,44,knn10_cosine,0.9,0.8214042263122018,0.005776951089501381,0.1956373551465576,1205,0.22572614107883818
galileo,44,knn10_cosine,0.8,0.7266530334014997,0.0036007571034133434,0.1956373551465576,1066,0.20825515947467166
galileo,44,knn10_cosine,0.7,0.643490115882754,0.0031231874600052834,0.1956373551465576,944,0.19809322033898305
galileo,44,knn10_cosine,0.6,0.5664621676891616,0.002855591708794236,0.1956373551465576,831,0.2009626955475331
galileo,44,knn10_cosine,0.5,0.47375596455351054,0.002610451076179743,0.1956373551465576,695,0.1971223021582734
galileo,45,confidence,0.9,0.9615635179153095,0.8913368033104304,0.2293159609120521,1476,0.2181571815718157
galileo,45,confidence,0.8,0.895114006514658,0.771654984750962,0.2293159609120521,1374,0.21251819505094613
galileo,45,confidence,0.7,0.8201954397394137,0.6863073232365651,0.2293159609120521,1259,0.20413026211278792
galileo,45,confidence,0.6,0.7198697068403909,0.5866116159312051,0.2293159609120521,1105,0.19366515837104073
galileo,45,confidence,0.5,0.641042345276873,0.5008700649253306,0.2293159609120521,984,0.18597560975609756
galileo,45,knn10_cosine,0.9,0.9407166123778502,0.007803785614669323,0.2293159609120521,1444,0.24238227146814403
galileo,45,knn10_cosine,0.8,0.9035830618892509,0.005776918027549982,0.2293159609120521,1387,0.2487382840663302
galileo,45,knn10_cosine,0.7,0.8514657980456026,0.0038397342432290316,0.2293159609120521,1307,0.24254016832440703
galileo,45,knn10_cosine,0.6,0.7485342019543973,0.0031686723232269287,0.2293159609120521,1149,0.23846823324630112
galileo,45,knn10_cosine,0.5,0.6104234527687297,0.0027972757816314697,0.2293159609120521,937,0.23372465314834578
galileo,46,confidence,0.9,0.912109375,0.8484886241405293,0.2623697916666667,1401,0.24197002141327623
galileo,46,confidence,0.8,0.8522135416666666,0.7469818138086968,0.2623697916666667,1309,0.22077922077922077
galileo,46,confidence,0.7,0.8053385416666666,0.6766370259778479,0.2623697916666667,1237,0.20937752627324172
galileo,46,confidence,0.6,0.7434895833333334,0.5974451400902506,0.2623697916666667,1142,0.1987740805604203
galileo,46,confidence,0.5,0.7018229166666666,0.5326875209673942,0.2623697916666667,1078,0.18923933209647495
galileo,46,knn10_cosine,0.9,0.9557291666666666,0.007957495748996735,0.2623697916666667,1468,0.25340599455040874
galileo,46,knn10_cosine,0.8,0.939453125,0.007020845543593168,0.2623697916666667,1443,0.2564102564102564
galileo,46,knn10_cosine,0.7,0.87890625,0.004007780458778143,0.2623697916666667,1350,0.24518518518518517
galileo,46,knn10_cosine,0.6,0.7630208333333334,0.0032007182016968727,0.2623697916666667,1172,0.2295221843003413
galileo,46,knn10_cosine,0.5,0.6373697916666666,0.002842521760612726,0.2623697916666667,979,0.22982635342185903
galileo,47,confidence,0.9,0.8679245283018868,0.8142132480001802,0.32075471698113206,1104,0.30344202898550726
galileo,47,confidence,0.8,0.7413522012578616,0.6892117620460517,0.32075471698113206,943,0.2831389183457052
galileo,47,confidence,0.7,0.6525157232704403,0.5957848545154286,0.32075471698113206,830,0.26987951807228916
galileo,47,confidence,0.6,0.5251572327044025,0.48689713200522144,0.32075471698113206,668,0.26047904191616766
galileo,47,confidence,0.5,0.4308176100628931,0.39347089615983366,0.32075471698113206,548,0.22627737226277372
galileo,47,knn10_cosine,0.9,0.9732704402515723,0.007986565120518208,0.32075471698113206,1238,0.32794830371567046
galileo,47,knn10_cosine,0.8,0.8569182389937107,0.004521104972809553,0.32075471698113206,1090,0.3422018348623853
galileo,47,knn10_cosine,0.7,0.7044025157232704,0.003242466365918517,0.32075471698113206,896,0.3236607142857143
galileo,47,knn10_cosine,0.6,0.6037735849056604,0.0029124116990715265,0.32075471698113206,768,0.3098958333333333
galileo,47,knn10_cosine,0.5,0.5400943396226415,0.0026849149726331234,0.32075471698113206,687,0.31004366812227074
galileo,48,confidence,0.9,0.9484536082474226,0.8820539039101865,0.20921770770163736,1564,0.19884910485933505
galileo,48,confidence,0.8,0.8653729533050334,0.7557987973501135,0.20921770770163736,1427,0.18710581639803783
galileo,48,confidence,0.7,0.7331716191631291,0.6350372088773893,0.20921770770163736,1209,0.17204301075268819
galileo,48,confidence,0.6,0.6549423893268648,0.5516808262388553,0.20921770770163736,1080,0.1675925925925926
galileo,48,confidence,0.5,0.5445724681625227,0.4471705769218042,0.20921770770163736,898,0.15367483296213807
galileo,48,knn10_cosine,0.9,0.9539114614918133,0.007963376119732857,0.20921770770163736,1573,0.21869040050858232
galileo,48,knn10_cosine,0.8,0.9023650697392359,0.005949793849140406,0.20921770770163736,1488,0.22782258064516128
galileo,48,knn10_cosine,0.7,0.7835051546391752,0.0035310941748321056,0.20921770770163736,1292,0.21749226006191952
galileo,48,knn10_cosine,0.6,0.6470588235294118,0.0029969727620482445,0.20921770770163736,1067,0.21462043111527648
galileo,48,knn10_cosine,0.5,0.5136446331109763,0.0026597855612635612,0.20921770770163736,847,0.22077922077922077
galileo,49,confidence,0.9,0.9079524107701941,0.8454233301818701,0.2285535378835316,1450,0.20482758620689656
galileo,49,confidence,0.8,0.8083907326236693,0.720467052709314,0.2285535378835316,1291,0.18977536793183578
galileo,49,confidence,0.7,0.7006887914840325,0.6140567459359872,0.2285535378835316,1119,0.17962466487935658
galileo,49,confidence,0.6,0.6318096430807765,0.536854793051802,0.2285535378835316,1009,0.17938553022794845
galileo,49,confidence,0.5,0.5372573575453976,0.44090960393317247,0.2285535378835316,858,0.16783216783216784
galileo,49,knn10_cosine,0.9,0.8829054477144647,0.007233489770442247,0.2285535378835316,1410,0.2375886524822695
galileo,49,knn10_cosine,0.8,0.8115216030056356,0.004131463821977377,0.2285535378835316,1296,0.2361111111111111
galileo,49,knn10_cosine,0.7,0.6925485284909205,0.0032184631563723087,0.2285535378835316,1106,0.2179023508137432
galileo,49,knn10_cosine,0.6,0.5579211020663745,0.0028408586513251066,0.2285535378835316,891,0.21997755331088664
galileo,49,knn10_cosine,0.5,0.47276142767689416,0.002606830094009638,0.2285535378835316,755,0.21324503311258278
galileo,50,confidence,0.9,0.8285431119920713,0.7990370551160014,0.29732408325074333,836,0.2631578947368421
galileo,50,confidence,0.8,0.626362735381566,0.6531769224769313,0.29732408325074333,632,0.25
galileo,50,confidence,0.7,0.44697720515361744,0.5278792540912486,0.29732408325074333,451,0.2771618625277162
galileo,50,confidence,0.6,0.3865213082259663,0.4409393624125661,0.29732408325074333,390,0.24102564102564103
galileo,50,confidence,0.5,0.3280475718533201,0.36881846600507995,0.29732408325074333,331,0.22054380664652568
galileo,50,knn10_cosine,0.9,0.6352824578790882,0.004045859444886446,0.29732408325074333,641,0.36505460218408736
galileo,50,knn10_cosine,0.8,0.5649157581764123,0.003282963065430522,0.29732408325074333,570,0.34035087719298246
galileo,50,knn10_cosine,0.7,0.5104063429137761,0.003006588201969862,0.29732408325074333,515,0.3320388349514563
galileo,50,knn10_cosine,0.6,0.45589692765113976,0.0027635442093014717,0.29732408325074333,460,0.33260869565217394
galileo,50,knn10_cosine,0.5,0.39345887016848363,0.002549290657043457,0.29732408325074333,397,0.31738035264483627
galileo,51,confidence,0.9,0.9053030303030303,0.8393971821110019,0.22727272727272727,1195,0.20502092050209206
galileo,51,confidence,0.8,0.7651515151515151,0.6980549226824504,0.22727272727272727,1010,0.18613861386138614
galileo,51,confidence,0.7,0.6083333333333333,0.579060868837046,0.22727272727272727,803,0.18804483188044832
galileo,51,confidence,0.6,0.47045454545454546,0.46028741165781706,0.22727272727272727,621,0.1723027375201288
galileo,51,confidence,0.5,0.4,0.38046261309397433,0.22727272727272727,528,0.1553030303030303
galileo,51,knn10_cosine,0.9,0.7265151515151516,0.00429691094905138,0.22727272727272727,959,0.2502606882168926
galileo,51,knn10_cosine,0.8,0.6696969696969697,0.003422379493713379,0.22727272727272727,884,0.248868778280543
galileo,51,knn10_cosine,0.7,0.6113636363636363,0.0030775784980505705,0.22727272727272727,807,0.241635687732342
galileo,51,knn10_cosine,0.6,0.521969696969697,0.002798366593196988,0.22727272727272727,689,0.24528301886792453
galileo,51,knn10_cosine,0.5,0.4553030303030303,0.0025897682644426823,0.22727272727272727,601,0.24126455906821964
galileo,52,confidence,0.9,0.8855193328279,0.8233899683255786,0.2812736921910538,1168,0.261986301369863
galileo,52,confidence,0.8,0.7710386656557998,0.7004841338642657,0.2812736921910538,1017,0.23795476892822026
galileo,52,confidence,0.7,0.66868840030326,0.600933110669926,0.2812736921910538,882,0.22789115646258504
galileo,52,confidence,0.6,0.5625473843821076,0.5036966432419467,0.2812736921910538,742,0.215633423180593
galileo,52,confidence,0.5,0.48673237300985595,0.4121407321610985,0.2812736921910538,642,0.19158878504672897
galileo,52,knn10_cosine,0.9,0.9552691432903715,0.007862965576350689,0.2812736921910538,1260,0.2904761904761905
galileo,52,knn10_cosine,0.8,0.7854435178165277,0.0039261579513549805,0.2812736921910538,1036,0.2972972972972973
galileo,52,knn10_cosine,0.7,0.689158453373768,0.003210845636203885,0.2812736921910538,909,0.2816281628162816
galileo,52,knn10_cosine,0.6,0.5951478392721758,0.0029045725241303444,0.2812736921910538,785,0.2713375796178344
galileo,52,knn10_cosine,0.5,0.5253980288097043,0.002674603369086981,0.2812736921910538,693,0.2698412698412698
galileo,53,confidence,0.9,0.8702845797485109,0.8123907380829148,0.24619457313037724,1315,0.22509505703422053
galileo,53,confidence,0.8,0.7471872931833223,0.6878237634824002,0.24619457313037724,1129,0.20814880425155005
galileo,53,confidence,0.7,0.6485771012574454,0.5913094122315282,0.24619457313037724,980,0.19591836734693877
galileo,53,confidence,0.6,0.5545996029119789,0.49851268256589515,0.24619457313037724,838,0.1909307875894988
galileo,53,confidence,0.5,0.42356055592322966,0.3850617793149055,0.24619457313037724,640,0.1875
galileo,53,knn10_cosine,0.9,0.9463931171409663,0.007840925827622414,0.24619457313037724,1430,0.25664335664335663
galileo,53,knn10_cosine,0.8,0.8914626075446724,0.005292782559990883,0.24619457313037724,1347,0.2650334075723831
galileo,53,knn10_cosine,0.7,0.7121111846459298,0.0032631075009703636,0.24619457313037724,1076,0.24535315985130113
galileo,53,knn10_cosine,0.6,0.5671740569159497,0.0028539050836116076,0.24619457313037724,857,0.2543757292882147
galileo,53,knn10_cosine,0.5,0.4626075446724024,0.002594387624412775,0.24619457313037724,699,0.2675250357653791
galileo,54,confidence,0.9,0.8663220088626292,0.8115460102895133,0.2902511078286558,1173,0.26001705029838024
galileo,54,confidence,0.8,0.7636632200886263,0.6955074406746644,0.2902511078286558,1034,0.23887814313346228
galileo,54,confidence,0.7,0.6875923190546529,0.6083869388433518,0.2902511078286558,931,0.22878625134264233
galileo,54,confidence,0.6,0.6225997045790251,0.5312708621554152,0.2902511078286558,843,0.2158956109134045
galileo,54,confidence,0.5,0.5384047267355982,0.4393902703413137,0.2902511078286558,729,0.19753086419753085
galileo,54,knn10_cosine,0.9,0.8892171344165436,0.007345594000071287,0.2902511078286558,1204,0.29900332225913623
galileo,54,knn10_cosine,0.8,0.810930576070901,0.004076341632753611,0.2902511078286558,1098,0.290528233151184
galileo,54,knn10_cosine,0.7,0.725258493353028,0.0032805262599140406,0.2902511078286558,982,0.27189409368635437
galileo,54,knn10_cosine,0.6,0.6262924667651403,0.0029498660005629063,0.2902511078286558,848,0.26297169811320753
galileo,54,knn10_cosine,0.5,0.5251107828655834,0.002674782183021307,0.2902511078286558,711,0.26582278481012656
galileo,55,confidence,0.9,0.9275158339197748,0.858663053068189,0.2561576354679803,1318,0.23596358118361152
galileo,55,confidence,0.8,0.8353272343420126,0.7347659760713636,0.2561576354679803,1187,0.21398483572030327
galileo,55,confidence,0.7,0.717100633356791,0.6222340695501757,0.2561576354679803,1019,0.20215897939156036
galileo,55,confidence,0.6,0.6263194933145672,0.5330768479670525,0.2561576354679803,890,0.19775280898876405
galileo,55,confidence,0.5,0.5369458128078818,0.4393946267669566,0.2561576354679803,763,0.18872870249017037
galileo,55,knn10_cosine,0.9,0.884588318085855,0.007262904662638903,0.2561576354679803,1257,0.2657120127287192
galileo,55,knn10_cosine,0.8,0.8451794510907812,0.004441855940967798,0.2561576354679803,1201,0.2631140716069942
galileo,55,knn10_cosine,0.7,0.764954257565095,0.003392243990674615,0.2561576354679803,1087,0.25206991720331184
galileo,55,knn10_cosine,0.6,0.6910626319493315,0.0030430303886532784,0.2561576354679803,982,0.24439918533604887
galileo,55,knn10_cosine,0.5,0.5918367346938775,0.002764186356216669,0.2561576354679803,841,0.24851367419738407
galileo,56,confidence,0.9,0.8902925531914894,0.8271897943078239,0.24601063829787234,1339,0.22778192681105303
galileo,56,confidence,0.8,0.7998670212765957,0.713951433623915,0.24601063829787234,1203,0.20781379883624274
galileo,56,confidence,0.7,0.7200797872340425,0.6254259397349874,0.24601063829787234,1083,0.20221606648199447
galileo,56,confidence,0.6,0.6582446808510638,0.5510868747416593,0.24601063829787234,990,0.2
galileo,56,confidence,0.5,0.59375,0.4719412784090964,0.24601063829787234,893,0.1780515117581187
galileo,56,knn10_cosine,0.9,0.9268617021276596,0.007657821290194988,0.24601063829787234,1394,0.2618364418938307
galileo,56,knn10_cosine,0.8,0.879654255319149,0.004978678189218044,0.24601063829787234,1323,0.2653061224489796
galileo,56,knn10_cosine,0.7,0.7626329787234043,0.0033961974550038576,0.24601063829787234,1147,0.24062772449869224
galileo,56,knn10_cosine,0.6,0.6535904255319149,0.003004014492034912,0.24601063829787234,983,0.2288911495422177
galileo,56,knn10_cosine,0.5,0.5731382978723404,0.00274752383120358,0.24601063829787234,862,0.2296983758700696
galileo,57,confidence,0.9,0.9121311475409836,0.8484311471938593,0.2819672131147541,1391,0.26240115025161753
galileo,57,confidence,0.8,0.84,0.7390409345101421,0.2819672131147541,1281,0.24512099921935987
galileo,57,confidence,0.7,0.7678688524590164,0.6555241532507139,0.2819672131147541,1171,0.23654995730145176
galileo,57,confidence,0.6,0.6977049180327869,0.5763645848610552,0.2819672131147541,1064,0.22650375939849623
galileo,57,confidence,0.5,0.6150819672131147,0.48549694724140613,0.2819672131147541,938,0.21428571428571427
galileo,57,knn10_cosine,0.9,0.9862295081967213,0.008177694864571095,0.2819672131147541,1504,0.2859042553191489
galileo,57,knn10_cosine,0.8,0.9350819672131148,0.006921720691025257,0.2819672131147541,1426,0.29943899018232817
galileo,57,knn10_cosine,0.7,0.860983606557377,0.003892147447913885,0.2819672131147541,1313,0.2856054836252856
galileo,57,knn10_cosine,0.6,0.7219672131147541,0.003118407679721713,0.2819672131147541,1101,0.27520435967302453
galileo,57,knn10_cosine,0.5,0.5842622950819673,0.0027612061239778996,0.2819672131147541,891,0.2772166105499439
galileo,58,confidence,0.9,0.9364767518009168,0.8655814877580719,0.21480026195153898,1430,0.1972027972027972
galileo,58,confidence,0.8,0.8375900458415193,0.7384080235146642,0.21480026195153898,1279,0.17904612978889758
galileo,58,confidence,0.7,0.7321545514079896,0.6337722568626096,0.21480026195153898,1118,0.16815742397137745
galileo,58,confidence,0.6,0.6201702685003274,0.5312431094324992,0.21480026195153898,947,0.16684266103484688
galileo,58,confidence,0.5,0.48002619515389655,0.4082391183506501,0.21480026195153898,733,0.1446111869031378
galileo,58,knn10_cosine,0.9,0.9358218729535036,0.007739182561635971,0.21480026195153898,1429,0.22603219034289712
galileo,58,knn10_cosine,0.8,0.83366077275704,0.004331974778324366,0.21480026195153898,1273,0.2270227808326787
galileo,58,knn10_cosine,0.7,0.7301899148657498,0.0032921726815402508,0.21480026195153898,1115,0.21255605381165918
galileo,58,knn10_cosine,0.6,0.6404715127701375,0.002980868797749281,0.21480026195153898,978,0.19938650306748465
galileo,58,knn10_cosine,0.5,0.5278323510150622,0.0026808232069015503,0.21480026195153898,806,0.21215880893300249
galileo,59,confidence,0.9,0.8380820013898541,0.788717820280852,0.2480889506601807,1206,0.21475953565505804
galileo,59,confidence,0.8,0.7053509381514941,0.6666743762482332,0.2480889506601807,1015,0.2
galileo,59,confidence,0.7,0.5837387074357192,0.5583531816709864,0.2480889506601807,840,0.2
galileo,59,confidence,0.6,0.4794996525364837,0.45945457429770264,0.2480889506601807,690,0.19855072463768117
galileo,59,confidence,0.5,0.3822098679638638,0.3708604564410809,0.2480889506601807,550,0.19090909090909092
galileo,59,knn10_cosine,0.9,0.8568450312717165,0.007010976783931255,0.2480889506601807,1233,0.2619626926196269
galileo,59,knn10_cosine,0.8,0.6560111188325226,0.0033427407033741474,0.2480889506601807,944,0.24152542372881355
galileo,59,knn10_cosine,0.7,0.542043085476025,0.002959831850603223,0.2480889506601807,780,0.23717948717948717
galileo,59,knn10_cosine,0.6,0.443363446838082,0.002683949423953891,0.2480889506601807,638,0.24921630094043887
galileo,59,knn10_cosine,0.5,0.3822098679638638,0.002499812748283148,0.2480889506601807,550,0.2545454545454545
galileo,60,confidence,0.9,0.8997599039615847,0.8355847157883419,0.24789915966386555,1499,0.2248165443629086
galileo,60,confidence,0.8,0.8229291716686674,0.7296225393664858,0.24789915966386555,1371,0.20860685630926332
galileo,60,confidence,0.7,0.7533013205282113,0.6495911341015479,0.24789915966386555,1255,0.19123505976095617
galileo,60,confidence,0.6,0.7154861944777912,0.5881561445849678,0.24789915966386555,1192,0.1820469798657718
galileo,60,confidence,0.5,0.6566626650660264,0.5160304628091239,0.24789915966386555,1094,0.16544789762340037
galileo,60,knn10_cosine,0.9,0.9621848739495799,0.00800756923854351,0.24789915966386555,1603,0.23767935121646913
galileo,60,knn10_cosine,0.8,0.9555822328931572,0.007331887260079384,0.24789915966386555,1592,0.23869346733668342
galileo,60,knn10_cosine,0.7,0.89015606242497,0.0042490279302001,0.24789915966386555,1483,0.23465947403910992
galileo,60,knn10_cosine,0.6,0.7941176470588235,0.0032960642129182816,0.24789915966386555,1323,0.22600151171579744
galileo,60,knn10_cosine,0.5,0.7028811524609844,0.002981835510581732,0.24789915966386555,1171,0.21947053800170793
galileo,61,confidence,0.9,0.9051490514905149,0.8397342073408045,0.19037940379403795,1336,0.1661676646706587
galileo,61,confidence,0.8,0.8272357723577236,0.7309654702664008,0.19037940379403795,1221,0.1547911547911548
galileo,61,confidence,0.7,0.7405149051490515,0.636489380575851,0.19037940379403795,1093,0.14913083257090576
galileo,61,confidence,0.6,0.6693766937669376,0.5564888853405944,0.19037940379403795,988,0.145748987854251
galileo,61,confidence,0.5,0.5752032520325203,0.4619311135065549,0.19037940379403795,849,0.13898704358068315
galileo,61,knn10_cosine,0.9,0.8644986449864499,0.007071241270750761,0.19037940379403795,1276,0.19278996865203762
galileo,61,knn10_cosine,0.8,0.7188346883468835,0.003571330336853862,0.19037940379403795,1061,0.17153628652214892
galileo,61,knn10_cosine,0.7,0.6165311653116531,0.0030710529536008835,0.19037940379403795,910,0.15934065934065933
galileo,61,knn10_cosine,0.6,0.5060975609756098,0.0027702022343873978,0.19037940379403795,747,0.1646586345381526
galileo,61,knn10_cosine,0.5,0.4180216802168022,0.002535575535148382,0.19037940379403795,617,0.1620745542949757
galileo,62,confidence,0.9,0.9359054138145613,0.8686787878247232,0.2072184194150591,1504,0.19215425531914893
galileo,62,confidence,0.8,0.8537647790914747,0.7486174599115283,0.2072184194150591,1372,0.18294460641399418
galileo,62,confidence,0.7,0.7647790914747977,0.6556168098746824,0.2072184194150591,1229,0.1724979658258747
galileo,62,confidence,0.6,0.6614810205351587,0.5539076489410779,0.2072184194150591,1063,0.16839134524929444
galileo,62,confidence,0.5,0.5612943372744243,0.45719756554590185,0.2072184194150591,902,0.1607538802660754
galileo,62,knn10_cosine,0.9,0.970130678282514,0.008081352338194847,0.2072184194150591,1559,0.21295702373316228
galileo,62,knn10_cosine,0.8,0.8699439950217797,0.0048818266950547695,0.2072184194150591,1398,0.22746781115879827
galileo,62,knn10_cosine,0.7,0.7280647168637212,0.003290472086519003,0.2072184194150591,1170,0.2094017094017094
galileo,62,knn10_cosine,0.6,0.5799626633478532,0.002872272627428174,0.2072184194150591,932,0.2092274678111588
galileo,62,knn10_cosine,0.5,0.4704418170504045,0.002603355096653104,0.2072184194150591,756,0.21428571428571427
galileo,63,confidence,0.9,0.8113744075829384,0.7874543514106167,0.33270142180094786,856,0.32242990654205606
galileo,63,confidence,0.8,0.6720379146919432,0.6668189627154111,0.33270142180094786,709,0.31170662905500707
galileo,63,confidence,0.7,0.533649289099526,0.5549372727968901,0.33270142180094786,563,0.31438721136767317
galileo,63,confidence,0.6,0.42843601895734595,0.45625619001291384,0.33270142180094786,452,0.2920353982300885
galileo,63,confidence,0.5,0.36208530805687206,0.37669686639409683,0.33270142180094786,382,0.2801047120418848
galileo,63,knn10_cosine,0.9,0.7649289099526067,0.005123200826346874,0.33270142180094786,807,0.4163568773234201
galileo,63,knn10_cosine,0.8,0.6530805687203791,0.003486448433250189,0.33270142180094786,689,0.397677793904209
galileo,63,knn10_cosine,0.7,0.5545023696682464,0.0030405758880078793,0.33270142180094786,585,0.38461538461538464
galileo,63,knn10_cosine,0.6,0.4900473933649289,0.0027906359173357487,0.33270142180094786,517,0.38878143133462284
galileo,63,knn10_cosine,0.5,0.4161137440758294,0.002572363708168268,0.33270142180094786,439,0.3690205011389522
galileo,64,confidence,0.9,0.939672131147541,0.870000258371501,0.21967213114754097,1433,0.20376831821353802
galileo,64,confidence,0.8,0.8275409836065574,0.7320444915595699,0.21967213114754097,1262,0.19809825673534073
galileo,64,confidence,0.7,0.7167213114754099,0.6237367942295726,0.21967213114754097,1093,0.18023787740164685
galileo,64,confidence,0.6,0.64,0.5414118234678482,0.21967213114754097,976,0.18237704918032788
galileo,64,confidence,0.5,0.5081967213114754,0.4213383051975047,0.21967213114754097,775,0.16129032258064516
galileo,64,knn10_cosine,0.9,0.940327868852459,0.007797157857567072,0.21967213114754097,1434,0.23221757322175732
galileo,64,knn10_cosine,0.8,0.8885245901639345,0.005254983901977539,0.21967213114754097,1355,0.23837638376383763
galileo,64,knn10_cosine,0.7,0.779672131147541,0.0034866956993937492,0.21967213114754097,1189,0.2304457527333894
galileo,64,knn10_cosine,0.6,0.6426229508196721,0.002985787345096469,0.21967213114754097,980,0.22551020408163266
galileo,64,knn10_cosine,0.5,0.5036065573770492,0.0026446222327649593,0.21967213114754097,768,0.23697916666666666
galileo,65,confidence,0.9,0.8663729809104258,0.8112927980344061,0.3069016152716593,1180,0.2771186440677966
galileo,65,confidence,0.8,0.7555066079295154,0.6938462432551292,0.3069016152716593,1029,0.2478134110787172
galileo,65,confidence,0.7,0.6747430249632893,0.6032329886061947,0.3069016152716593,919,0.22742110990206746
galileo,65,confidence,0.6,0.6123348017621145,0.5264775926537592,0.3069016152716593,834,0.22541966426858512
galileo,65,confidence,0.5,0.4500734214390602,0.398034300231628,0.3069016152716593,613,0.19249592169657423
galileo,65,knn10_cosine,0.9,0.9537444933920705,0.007864261977374554,0.3069016152716593,1299,0.2956120092378753
galileo,65,knn10_cosine,0.8,0.9287812041116006,0.0061537157744169235,0.3069016152716593,1265,0.29960474308300394
galileo,65,knn10_cosine,0.7,0.802496328928047,0.0035356557928025723,0.3069016152716593,1093,0.27813357731015553
galileo,65,knn10_cosine,0.6,0.6769456681350955,0.0030215405859053135,0.3069016152716593,922,0.2635574837310195
galileo,65,knn10_cosine,0.5,0.5345080763582967,0.002682554768398404,0.3069016152716593,728,0.27197802197802196
galileo,66,confidence,0.9,0.8527815468113975,0.8000548911820512,0.2829036635006784,1257,0.25139220365950676
galileo,66,confidence,0.8,0.7862957937584804,0.7088352790584724,0.2829036635006784,1159,0.24245038826574633
galileo,66,confidence,0.7,0.7313432835820896,0.6326865889826839,0.2829036635006784,1078,0.23469387755102042
galileo,66,confidence,0.6,0.680461329715061,0.5644197732519982,0.2829036635006784,1003,0.22033898305084745
galileo,66,confidence,0.5,0.6187245590230664,0.4851937378457871,0.2829036635006784,912,0.20833333333333334
galileo,66,knn10_cosine,0.9,0.94640434192673,0.007820515893399715,0.2829036635006784,1395,0.27741935483870966
galileo,66,knn10_cosine,0.8,0.9314789687924017,0.006759530398994684,0.2829036635006784,1373,0.28040786598689005
galileo,66,knn10_cosine,0.7,0.7781546811397557,0.003479470033198595,0.2829036635006784,1147,0.26155187445510025
galileo,66,knn10_cosine,0.6,0.6723202170963365,0.003025725018233061,0.2829036635006784,991,0.2472250252270434
galileo,66,knn10_cosine,0.5,0.5691994572591588,0.002739179180935025,0.2829036635006784,839,0.24553039332538737
galileo,67,confidence,0.9,0.8634920634920635,0.8073120150155946,0.2787301587301587,1360,0.25588235294117645
galileo,67,confidence,0.8,0.7873015873015873,0.7089594495035128,0.2787301587301587,1240,0.23548387096774193
galileo,67,confidence,0.7,0.713015873015873,0.6203606182719701,0.2787301587301587,1123,0.22617987533392697
galileo,67,confidence,0.6,0.6488888888888888,0.5469419407054887,0.2787301587301587,1022,0.22015655577299412
galileo,67,confidence,0.5,0.573968253968254,0.4644068657939626,0.2787301587301587,904,0.2002212389380531
galileo,67,knn10_cosine,0.9,0.9244444444444444,0.0076447101309895515,0.2787301587301587,1456,0.27815934065934067
galileo,67,knn10_cosine,0.8,0.8571428571428571,0.004636043217033148,0.2787301587301587,1350,0.2837037037037037
galileo,67,knn10_cosine,0.7,0.7492063492063492,0.003363186027854681,0.2787301587301587,1180,0.2652542372881356
galileo,67,knn10_cosine,0.6,0.6368253968253968,0.0029793083667755127,0.2787301587301587,1003,0.259222333000997
galileo,67,knn10_cosine,0.5,0.5441269841269841,0.002703615929931402,0.2787301587301587,857,0.2602100350058343
galileo,68,confidence,0.9,0.9274983670803396,0.861138872089502,0.18549967341606793,1420,0.16971830985915493
galileo,68,confidence,0.8,0.798824297844546,0.7137620218071246,0.18549967341606793,1223,0.15372035977105478
galileo,68,confidence,0.7,0.6172436316133246,0.5749072963469836,0.18549967341606793,945,0.15767195767195769
galileo,68,confidence,0.6,0.4565643370346179,0.439908384035316,0.18549967341606793,699,0.1530758226037196
galileo,68,confidence,0.5,0.36185499673416066,0.3540029898605429,0.18549967341606793,554,0.14981949458483754
galileo,68,knn10_cosine,0.9,0.7844546048334422,0.0047210995107889175,0.18549967341606793,1201,0.21648626144879268
galileo,68,knn10_cosine,0.8,0.6355323318092749,0.003267551539465785,0.18549967341606793,973,0.19527235354573483
galileo,68,knn10_cosine,0.7,0.5290659699542782,0.002922764979302883,0.18549967341606793,810,0.18888888888888888
galileo,68,knn10_cosine,0.6,0.42586544741998694,0.0026461374945938587,0.18549967341606793,652,0.20552147239263804
galileo,68,knn10_cosine,0.5,0.3357282821685173,0.0024362863041460514,0.18549967341606793,514,0.20233463035019456
galileo,69,confidence,0.9,0.9106145251396648,0.8471077153155051,0.21089385474860337,1304,0.19478527607361965
galileo,69,confidence,0.8,0.7967877094972067,0.7131040719333709,0.21089385474860337,1141,0.18141980718667836
galileo,69,confidence,0.7,0.6794692737430168,0.6038599664691926,0.21089385474860337,973,0.1778006166495375
galileo,69,confidence,0.6,0.5928770949720671,0.5183699303183389,0.21089385474860337,849,0.16725559481743227
galileo,69,confidence,0.5,0.48812849162011174,0.41220308822800034,0.21089385474860337,699,0.15021459227467812
galileo,69,knn10_cosine,0.9,0.9064245810055865,0.007520458661019802,0.21089385474860337,1298,0.2295839753466872
galileo,69,knn10_cosine,0.8,0.7653631284916201,0.0038237273693084717,0.21089385474860337,1096,0.22445255474452555
galileo,69,knn10_cosine,0.7,0.6487430167597765,0.003134257858619094,0.21089385474860337,929,0.2131324004305705
galileo,69,knn10_cosine,0.6,0.5286312849162011,0.002801022492349148,0.21089385474860337,757,0.21268163804491413
galileo,69,knn10_cosine,0.5,0.4574022346368715,0.002589613199234009,0.21089385474860337,655,0.20763358778625954
galileo,70,confidence,0.9,0.8516678495386799,0.8008265850734718,0.2675656493967353,1200,0.23666666666666666
galileo,70,confidence,0.8,0.7750177430801988,0.7025186386265313,0.2675656493967353,1092,0.2206959706959707
galileo,70,confidence,0.7,0.6990773598296665,0.6135209269071469,0.2675656493967353,985,0.2131979695431472
galileo,70,confidence,0.6,0.6635911994322214,0.5513264559952519,0.2675656493967353,935,0.20962566844919786
galileo,70,confidence,0.5,0.5869410929737402,0.465334398443763,0.2675656493967353,827,0.19226118500604594
galileo,70,knn10_cosine,0.9,0.9190915542938254,0.007596876937896013,0.2675656493967353,1295,0.2671814671814672
galileo,70,knn10_cosine,0.8,0.8545067423704755,0.0045408522710204124,0.2675656493967353,1204,0.26578073089701
galileo,70,knn10_cosine,0.7,0.7395315826827538,0.003314563073217869,0.2675656493967353,1042,0.24088291746641075
galileo,70,knn10_cosine,0.6,0.630943931866572,0.0029554914217442274,0.2675656493967353,889,0.24184476940382452
galileo,70,knn10_cosine,0.5,0.5379701916252662,0.0026875704061239958,0.2675656493967353,758,0.24274406332453827
galileo,71,confidence,0.9,0.8841961852861036,0.8224792812477827,0.28065395095367845,1298,0.25115562403698
galileo,71,confidence,0.8,0.7888283378746594,0.7096266316830888,0.28065395095367845,1158,0.22711571675302245
galileo,71,confidence,0.7,0.7009536784741145,0.6141511114550611,0.28065395095367845,1029,0.20602526724975703
galileo,71,confidence,0.6,0.6457765667574932,0.5436100661248076,0.28065395095367845,948,0.20147679324894516
galileo,71,confidence,0.5,0.5524523160762943,0.44768248923893106,0.28065395095367845,811,0.17509247842170161
galileo,71,knn10_cosine,0.9,0.9489100817438693,0.007853754796087742,0.28065395095367845,1393,0.2742282842785355
galileo,71,knn10_cosine,0.8,0.946866485013624,0.007021910976618528,0.28065395095367845,1390,0.2741007194244604
galileo,71,knn10_cosine,0.7,0.8474114441416893,0.003771537682041526,0.28065395095367845,1244,0.25562700964630225
galileo,71,knn10_cosine,0.6,0.7213896457765667,0.003107125870883465,0.28065395095367845,1059,0.23701605288007555
galileo,71,knn10_cosine,0.5,0.6028610354223434,0.002780097769573331,0.28065395095367845,885,0.23954802259887006
